product_id,sku_id,name,category,subcategory,brand,price_inr,rating,review_count,inventory_count,availability,is_active,catalog_status,color,material,room,style,unit,description,attributes_json,search_keywords,created_at
PRD42061,SAM01616,Venetian Hanger Fabric,Samples,Fabric Samples,DDHS,50,3.8,28,5,in_stock,TRUE,Current,Red,Engineered wood,Bedroom,Modern,NOS,Venetian Hanger Fabric is a modern fabric samples from DDHS. It is suitable for bedroom use and comes in red with engineered wood finish. Suitable for residential and hospitality interiors.,"{""color"": ""Red"", ""material"": ""Engineered wood"", ""room"": ""Bedroom"", ""style"": ""Modern"", ""unit"": ""NOS"", ""size"": ""NA"", ""series"": ""NA""}",venetian hanger fabric samples fabric samples ddhs red engineered wood bedroom modern home decor furniture interiors,"February 17, 2024"
PRD59870,SAM08126,Chelsea Ice Booklet Blinds,Samples,Blind Samples,DDCF,50,4.7,46,3,low_stock,TRUE,Current,Brown,Engineered wood,Balcony,Luxury,NOS,Chelsea Ice Booklet Blinds is a luxury blind samples from DDCF. It is suitable for balcony use and comes in brown with engineered wood finish. Suitable for residential and hospitality interiors.,"{""color"": ""Brown"", ""material"": ""Engineered wood"", ""room"": ""Balcony"", ""style"": ""Luxury"", ""unit"": ""NOS"", ""size"": ""NA"", ""series"": ""NA""}",chelsea ice booklet blinds samples blind samples ddcf brown engineered wood balcony luxury home decor furniture interiors,"January 10, 2026"
PRD59734,SAM07818,Boucle Sheers Wide Fabric,Samples,Fabric Samples,DDCF,50,3.9,11,0,out_of_stock,TRUE,Current,Black,Metal,Dining Room,Classic,NOS,Boucle Sheers Wide Fabric is a classic fabric samples from DDCF. It is suitable for dining room use and comes in black with metal finish. Suitable for residential and hospitality interiors.,"{""color"": ""Black"", ""material"": ""Metal"", ""room"": ""Dining Room"", ""style"": ""Classic"", ""unit"": ""NOS"", ""size"": ""NA"", ""series"": ""NA""}",boucle sheers wide fabric samples fabric samples ddcf black metal dining room classic home decor furniture interiors,"August 29, 2025"
PRD59708,SAM07723,Ww Roxas Wall To Wall,Samples,Wall To Wall Carpets,FFG,50,4.2,2,3,low_stock,TRUE,Current,Maroon,Engineered wood,Bedroom,Traditional,NOS,Ww Roxas Wall To Wall is a traditional wall to wall carpets from FFG. It is suitable for bedroom use and comes in maroon with engineered wood finish. Suitable for residential and hospitality interiors.,"{""color"": ""Maroon"", ""material"": ""Engineered wood"", ""room"": ""Bedroom"", ""style"": ""Traditional"", ""unit"": ""NOS"", ""size"": ""NA"", ""series"": ""NA""}",ww roxas wall to wall samples wall to wall carpets ffg maroon engineered wood bedroom traditional home decor furniture interiors,"July 30, 2025"
PRD19827,SAM00728,Gallery 1 Amazon Fabric,Samples,Fabric Samples,DDHS,50,4.4,3,8,in_stock,TRUE,Current,Black,Wood,Living Room,Classic,NOS,Gallery 1 Amazon Fabric is a classic fabric samples from DDHS. It is suitable for living room use and comes in black with wood finish. Suitable for residential and hospitality interiors.,"{""color"": ""Black"", ""material"": ""Wood"", ""room"": ""Living Room"", ""style"": ""Classic"", ""unit"": ""NOS"", ""size"": ""NA"", ""series"": ""NA""}",gallery 1 amazon fabric samples fabric samples ddhs black wood living room classic home decor furniture interiors,"September 3, 2022"
PRD32629,SAM07965,Boxer Fabric,Samples,Fabric Samples,APS,50,3.8,4,1,low_stock,TRUE,Current,Charcoal,Metal,Office,Modern,NOS,Boxer Fabric is a modern fabric samples from APS. It is suitable for office use and comes in charcoal with metal finish. Suitable for residential and hospitality interiors.,"{""color"": ""Charcoal"", ""material"": ""Metal"", ""room"": ""Office"", ""style"": ""Modern"", ""unit"": ""NOS"", ""size"": ""NA"", ""series"": ""NA""}",boxer fabric samples fabric samples aps charcoal metal office modern home decor furniture interiors,"October 30, 2025"
PRD55117,FWC218604,Myth,Fabric,Curtain Fabric,DDCF,50,3.9,38,8,in_stock,TRUE,Current,Red,Velvet,Office,Traditional,MTR,"Myth is a traditional curtain fabric from DDCF. It is suitable for office use and comes in red with velvet finish. Useful for curtains, upholstery, drapes, cushions, and soft furnishing projects.","{""color"": ""Red"", ""material"": ""Velvet"", ""room"": ""Office"", ""style"": ""Traditional"", ""unit"": ""MTR"", ""size"": ""54''"", ""series"": ""35""}",myth fabric curtain fabric ddcf red velvet office traditional curtain fabric upholstery cloth drape textile material,"August 26, 2025"
PRD57988,SAM07461,Canvas Plains 11 Fabric,Samples,Fabric Samples,DDHS,50,4,22,8,in_stock,TRUE,Current,Silver,Metal,Hotel Room,Rustic,NOS,Canvas Plains 11 Fabric is a rustic fabric samples from DDHS. It is suitable for hotel room use and comes in silver with metal finish. Suitable for residential and hospitality interiors.,"{""color"": ""Silver"", ""material"": ""Metal"", ""room"": ""Hotel Room"", ""style"": ""Rustic"", ""unit"": ""NOS"", ""size"": ""NA"", ""series"": ""NA""}",canvas plains 11 fabric samples fabric samples ddhs silver metal hotel room rustic home decor furniture interiors,"March 31, 2025"
PRD33714,SAM07979,Ridges Fabric,Samples,Fabric Samples,APS,50,3.9,56,12,in_stock,TRUE,Current,Black,Wood,Dining Room,Traditional,NOS,Ridges Fabric is a traditional fabric samples from APS. It is suitable for dining room use and comes in black with wood finish. Suitable for residential and hospitality interiors.,"{""color"": ""Black"", ""material"": ""Wood"", ""room"": ""Dining Room"", ""style"": ""Traditional"", ""unit"": ""NOS"", ""size"": ""NA"", ""series"": ""NA""}",ridges fabric samples fabric samples aps black wood dining room traditional home decor furniture interiors,"October 30, 2025"
PRD43888,FWC244411,Omega,Fabric,Curtain Fabric,DDCF,50,3.9,154,1,low_stock,TRUE,Current,Silver,Linen blend,Balcony,Minimal,MTR,"Omega is a minimal curtain fabric from DDCF. It is suitable for balcony use and comes in silver with linen blend finish. Useful for curtains, upholstery, drapes, cushions, and soft furnishing projects.","{""color"": ""Silver"", ""material"": ""Linen blend"", ""room"": ""Balcony"", ""style"": ""Minimal"", ""unit"": ""MTR"", ""size"": ""54''"", ""series"": ""46""}",omega fabric curtain fabric ddcf silver linen blend balcony minimal curtain fabric upholstery cloth drape textile material,"September 16, 2025"
PRD16088,HDW4935,"1"" Mat Rod 15 Ft",Hardware,Rod,AXM,60,4,19,1,low_stock,TRUE,Current,Olive,Aluminium,Kids Room,Classic,RFT,"1"" Mat Rod 15 Ft is a classic rod from AXM. It is suitable for kids room use and comes in olive with aluminium finish. Suitable for residential and hospitality interiors.","{""color"": ""Olive"", ""material"": ""Aluminium"", ""room"": ""Kids Room"", ""style"": ""Classic"", ""unit"": ""RFT"", ""size"": ""25mm""}","1"" mat rod 15 ft hardware rod axm olive aluminium kids room classic curtain rod finial track hardware fittings","March 31, 2025"
PRD33754,BLD19945,Avalon Series Blackout Facia Style With Ball Chain,Blinds,Readymade Blinds,FFPL,80,4.4,5,35,in_stock,TRUE,Current,Black,Basswood,Guest Room,Classic,SFT,"Avalon Series Blackout Facia Style With Ball Chain is a classic readymade blinds from FFPL. It is suitable for guest room use and comes in black with basswood finish. Designed for privacy, daylight control, and window styling.","{""color"": ""Black"", ""material"": ""Basswood"", ""room"": ""Guest Room"", ""style"": ""Classic"", ""unit"": ""SFT""}",avalon series blackout facia style with ball chain blinds readymade blinds ffpl black basswood guest room classic window blinds shade venetian roller privacy light control,"April 13, 2026"
PRD33316,HDW09467,Euro M-Track B63 Na,Hardware,Curtain Track,VIX,80,4.9,74,5,in_stock,TRUE,Current,Ivory,Brass,Kids Room,Rustic,RFT,Euro M-Track B63 is a rustic curtain track from VIX. It is suitable for kids room use and comes in ivory with brass finish. Suitable for residential and hospitality interiors.,"{""color"": ""Ivory"", ""material"": ""Brass"", ""room"": ""Kids Room"", ""style"": ""Rustic"", ""unit"": ""RFT"", ""size"": ""16.50FT"", ""series"": ""NA""}",euro m-track b63 hardware curtain track vix ivory brass kids room rustic curtain rod finial track hardware fittings,"August 21, 2025"
PRD42980,BLD19525,Ambassador Roller Blind Eco Blackout Facia Style With Ball Chain,Blinds,Readymade Blinds,FFPL,90,4.4,24,3,low_stock,TRUE,Current,Black,Basswood,Hotel Room,Classic,SFT,"Ambassador Roller Blind Eco Blackout Facia Style With Ball Chain is a classic readymade blinds from FFPL. It is suitable for hotel room use and comes in black with basswood finish. Designed for privacy, daylight control, and window styling.","{""color"": ""Black"", ""material"": ""Basswood"", ""room"": ""Hotel Room"", ""style"": ""Classic"", ""unit"": ""SFT""}",ambassador roller blind eco blackout facia style with ball chain blinds readymade blinds ffpl black basswood hotel room classic window blinds shade venetian roller privacy light control,"April 13, 2026"
PRD59892,BLD17815,Vertical Blinds Axis 02,Blinds,Readymade Blinds,Generic,90,3.8,3,1,low_stock,TRUE,Current,Beige,Polyester fabric,Bedroom,Rustic,SFT,"Vertical Blinds Axis 02 is a rustic readymade blinds from Generic. It is suitable for bedroom use and comes in beige with polyester fabric finish. Designed for privacy, daylight control, and window styling.","{""color"": ""Beige"", ""material"": ""Polyester fabric"", ""room"": ""Bedroom"", ""style"": ""Rustic"", ""unit"": ""SFT""}",vertical blinds axis 02 blinds readymade blinds nan beige polyester fabric bedroom rustic window blinds shade venetian roller privacy light control,"April 17, 2026"
PRD59650,SAM07610,Fiber Artistry Vol I Fabric,Samples,Fabric Samples,V&J,110,4,64,5,in_stock,TRUE,Current,Navy,Engineered wood,Kids Room,Luxury,NOS,Fiber Artistry Vol I Fabric is a luxury fabric samples from V&J. It is suitable for kids room use and comes in navy with engineered wood finish. Suitable for residential and hospitality interiors.,"{""color"": ""Navy"", ""material"": ""Engineered wood"", ""room"": ""Kids Room"", ""style"": ""Luxury"", ""unit"": ""NOS"", ""size"": ""NA"", ""series"": ""NA""}",fiber artistry vol i fabric samples fabric samples v&j navy engineered wood kids room luxury home decor furniture interiors,"May 21, 2025"
PRD34038,ACC04062,Pn Decor Pn Afb Daisy,Accessories,Artificial Flower,PWDPL,140,3.8,23,5,in_stock,TRUE,Current,Natural,Metal,Living Room,Luxury,NOS,Pn Decor Pn Afb Daisy is a luxury artificial flower from PWDPL. It is suitable for living room use and comes in natural with metal finish. Suitable for residential and hospitality interiors.,"{""color"": ""Natural"", ""material"": ""Metal"", ""room"": ""Living Room"", ""style"": ""Luxury"", ""unit"": ""NOS"", ""series"": ""AFBDAISY0172""}",pn decor pn afb daisy accessories artificial flower pwdpl natural metal living room luxury decor accessories artifact home styling,"August 28, 2024"
PRD33036,BLD20675,Happy Window Collection Roller Amazon-01 Classic Style Cluth With Chain,Blinds,Readymade Blinds,AMI,150,3.9,39,20,in_stock,TRUE,Current,Grey,Aluminium,Bedroom,Luxury,SFT,"Happy Window Collection Roller Amazon-01 Classic Style Cluth With Chain is a luxury readymade blinds from AMI. It is suitable for bedroom use and comes in grey with aluminium finish. Designed for privacy, daylight control, and window styling.","{""color"": ""Grey"", ""material"": ""Aluminium"", ""room"": ""Bedroom"", ""style"": ""Luxury"", ""unit"": ""SFT"", ""size"": ""NA"", ""series"": ""NA""}",happy window collection roller amazon-01 classic style cluth with chain blinds readymade blinds ami grey aluminium bedroom luxury window blinds shade venetian roller privacy light control,"April 14, 2026"
PRD31644,ACC04299,Pn Decor Pn Fiber Vase,Accessories,Vases,PWDPL,160,4.4,53,0,out_of_stock,TRUE,Current,Black,Metal,Guest Room,Rustic,NOS,Pn Decor Pn Fiber Vase is a rustic vases from PWDPL. It is suitable for guest room use and comes in black with metal finish. Suitable for residential and hospitality interiors.,"{""color"": ""Black"", ""material"": ""Metal"", ""room"": ""Guest Room"", ""style"": ""Rustic"", ""unit"": ""NOS"", ""series"": ""FV0108""}",pn decor pn fiber vase accessories vases pwdpl black metal guest room rustic decor accessories artifact home styling,"September 11, 2024"
PRD47240,FWC144403,Glorious Dimout,Fabric,Curtain Fabric,BEPL,160,3.9,14,12,in_stock,TRUE,Current,Navy,Jacquard,Kids Room,Minimal,MTR,"Glorious Dimout is a minimal curtain fabric from BEPL. It is suitable for kids room use and comes in navy with jacquard finish. Useful for curtains, upholstery, drapes, cushions, and soft furnishing projects.","{""color"": ""Navy"", ""material"": ""Jacquard"", ""room"": ""Kids Room"", ""style"": ""Minimal"", ""unit"": ""MTR"", ""size"": ""54\"""", ""series"": ""620""}",glorious dimout fabric curtain fabric bepl navy jacquard kids room minimal curtain fabric upholstery cloth drape textile material,"October 28, 2025"
PRD57344,WAL81008,Customised Wallpaper Fr49A Ariel,All Wallpaper,Wallpaper,SDR,170,3.6,67,20,in_stock,TRUE,Current,Gold,Textured paper,Kids Room,Luxury,SFT,"Customised Wallpaper Fr49A Ariel is a luxury wallpaper from SDR. It is suitable for kids room use and comes in gold with textured paper finish. Useful for accent walls, bedroom walls, and living room decor.","{""color"": ""Gold"", ""material"": ""Textured paper"", ""room"": ""Kids Room"", ""style"": ""Luxury"", ""unit"": ""SFT"", ""size"": ""NA"", ""series"": ""NA""}",customised wallpaper fr49a ariel all wallpaper wallpaper sdr gold textured paper kids room luxury wallpaper wall covering textured decor,"January 29, 2026"
PRD32022,SAM03288,Silica,Samples,Fabric Samples,NHD,170,3.8,5,0,out_of_stock,TRUE,Current,Pink,Engineered wood,Balcony,Classic,NOS,Silica is a classic fabric samples from NHD. It is suitable for balcony use and comes in pink with engineered wood finish. Suitable for residential and hospitality interiors.,"{""color"": ""Pink"", ""material"": ""Engineered wood"", ""room"": ""Balcony"", ""style"": ""Classic"", ""unit"": ""NOS"", ""size"": ""NA"", ""series"": ""NA""}",silica samples fabric samples nhd pink engineered wood balcony classic home decor furniture interiors,"March 31, 2025"
PRD57847,BLD19888,Avalon Series R-20329 Facia Style With Ball Chain,Blinds,Readymade Blinds,FFPL,190,4.4,27,12,in_stock,TRUE,Current,Grey,Bamboo,Dining Room,Luxury,SFT,"Avalon Series R-20329 Facia Style With Ball Chain is a luxury readymade blinds from FFPL. It is suitable for dining room use and comes in grey with bamboo finish. Designed for privacy, daylight control, and window styling.","{""color"": ""Grey"", ""material"": ""Bamboo"", ""room"": ""Dining Room"", ""style"": ""Luxury"", ""unit"": ""SFT""}",avalon series r-20329 facia style with ball chain blinds readymade blinds ffpl grey bamboo dining room luxury window blinds shade venetian roller privacy light control,"August 13, 2025"
PRD38012,BLD20668,Happy Window Collection Amazon-01 Facia Style Cluth With Chain,Blinds,Readymade Blinds,AMI,190,4.3,9,8,in_stock,TRUE,Current,Maroon,PVC,Hotel Room,Traditional,SFT,"Happy Window Collection Amazon-01 Facia Style Cluth With Chain is a traditional readymade blinds from AMI. It is suitable for hotel room use and comes in maroon with pvc finish. Designed for privacy, daylight control, and window styling.","{""color"": ""Maroon"", ""material"": ""PVC"", ""room"": ""Hotel Room"", ""style"": ""Traditional"", ""unit"": ""SFT"", ""size"": ""NA"", ""series"": ""NA""}",happy window collection amazon-01 facia style cluth with chain blinds readymade blinds ami maroon pvc hotel room traditional window blinds shade venetian roller privacy light control,"April 14, 2026"
PRD56192,BLD19933,Avalon Series Lexus Facia Style With Ball Chain,Blinds,Readymade Blinds,FFPL,190,4.7,29,20,in_stock,TRUE,Current,Brown,Aluminium,Office,Contemporary,SFT,"Avalon Series Lexus Facia Style With Ball Chain is a contemporary readymade blinds from FFPL. It is suitable for office use and comes in brown with aluminium finish. Designed for privacy, daylight control, and window styling.","{""color"": ""Brown"", ""material"": ""Aluminium"", ""room"": ""Office"", ""style"": ""Contemporary"", ""unit"": ""SFT""}",avalon series lexus facia style with ball chain blinds readymade blinds ffpl brown aluminium office contemporary window blinds shade venetian roller privacy light control,"May 6, 2026"
PRD47073,FWC252520,Saxon,Fabric,Curtain Fabric,BSMPL,190,3.2,49,8,in_stock,TRUE,Current,Brown,Blackout fabric,Living Room,Luxury,MTR,"Saxon Fw35 is a luxury curtain fabric from BSMPL. It is suitable for living room use and comes in brown with blackout fabric finish. Useful for curtains, upholstery, drapes, cushions, and soft furnishing projects.","{""color"": ""Brown"", ""material"": ""Blackout fabric"", ""room"": ""Living Room"", ""style"": ""Luxury"", ""unit"": ""MTR"", ""size"": ""48''"", ""series"": ""NA""}",saxon fw35 fabric curtain fabric bsmpl brown blackout fabric living room luxury curtain fabric upholstery cloth drape textile material,"May 16, 2025"
PRD59781,SAM07901,Atlas Vol 2 Fabric,Samples,Fabric Samples,HOS,210,3.7,63,0,out_of_stock,TRUE,Current,Charcoal,Wood,Kids Room,Traditional,NOS,Atlas Vol 2 Fabric is a traditional fabric samples from HOS. It is suitable for kids room use and comes in charcoal with wood finish. Suitable for residential and hospitality interiors.,"{""color"": ""Charcoal"", ""material"": ""Wood"", ""room"": ""Kids Room"", ""style"": ""Traditional"", ""unit"": ""NOS"", ""size"": ""NA"", ""series"": ""NA""}",atlas vol 2 fabric samples fabric samples hos charcoal wood kids room traditional home decor furniture interiors,"September 30, 2025"
PRD51996,FWC254026,Nexa Arise,Fabric,Curtain Fabric,ASP,220,4.1,29,8,in_stock,TRUE,Current,Blue,Linen blend,Bedroom,Luxury,MTR,"Nexa Arise is a luxury curtain fabric from ASP. It is suitable for bedroom use and comes in blue with linen blend finish. Useful for curtains, upholstery, drapes, cushions, and soft furnishing projects.","{""color"": ""Blue"", ""material"": ""Linen blend"", ""room"": ""Bedroom"", ""style"": ""Luxury"", ""unit"": ""MTR"", ""size"": ""48''"", ""series"": ""NA""}",nexa arise fabric curtain fabric asp blue linen blend bedroom luxury curtain fabric upholstery cloth drape textile material,"June 25, 2025"
PRD39023,BLD19493,Lexus Roller Blind Blackout Facia Style With Ball Chain,Blinds,Readymade Blinds,FFPL,220,3.9,45,8,in_stock,TRUE,Current,Black,Bamboo,Kids Room,Luxury,SFT,"Lexus Roller Blind Blackout Facia Style With Ball Chain is a luxury readymade blinds from FFPL. It is suitable for kids room use and comes in black with bamboo finish. Designed for privacy, daylight control, and window styling.","{""color"": ""Black"", ""material"": ""Bamboo"", ""room"": ""Kids Room"", ""style"": ""Luxury"", ""unit"": ""SFT""}",lexus roller blind blackout facia style with ball chain blinds readymade blinds ffpl black bamboo kids room luxury window blinds shade venetian roller privacy light control,"April 11, 2026"
PRD56705,FLG01466,Wall To Wall Carpet Oyster Cranberry,Flooring,Wall To Wall Carpets,FFG,220,3.9,11,0,out_of_stock,TRUE,Current,Ivory,Engineered wood,Hotel Room,Traditional,SFT,Wall To Wall Carpet Oyster Cranberry is a traditional wall to wall carpets from FFG. It is suitable for hotel room use and comes in ivory with engineered wood finish. Suitable for residential and hospitality interiors.,"{""color"": ""Ivory"", ""material"": ""Engineered wood"", ""room"": ""Hotel Room"", ""style"": ""Traditional"", ""unit"": ""SFT"", ""size"": ""NA"", ""series"": ""NA""}",wall to wall carpet oyster cranberry flooring wall to wall carpets ffg ivory engineered wood hotel room traditional home decor furniture interiors,"January 25, 2026"
PRD04355,FWC159522,"Supersatin-54""",Fabric,Curtain Fabric,"SGT,SNBPL",220,4.3,71,35,in_stock,TRUE,Current,Navy,Sheer fabric,Hotel Room,Minimal,MTR,"Supersatin-54"" is a minimal curtain fabric from SGT,SNBPL. It is suitable for hotel room use and comes in navy with sheer fabric finish. Useful for curtains, upholstery, drapes, cushions, and soft furnishing projects.","{""color"": ""Navy"", ""material"": ""Sheer fabric"", ""room"": ""Hotel Room"", ""style"": ""Minimal"", ""unit"": ""MTR""}","supersatin-54"" fabric curtain fabric sgt,snbpl navy sheer fabric hotel room minimal curtain fabric upholstery cloth drape textile material","March 31, 2025"
PRD51996,FWC254017,Nexa Arise,Fabric,Curtain Fabric,ASP,220,4,35,35,in_stock,TRUE,Current,Pink,Linen blend,Dining Room,Luxury,MTR,"Nexa Arise is a luxury curtain fabric from ASP. It is suitable for dining room use and comes in pink with linen blend finish. Useful for curtains, upholstery, drapes, cushions, and soft furnishing projects.","{""color"": ""Pink"", ""material"": ""Linen blend"", ""room"": ""Dining Room"", ""style"": ""Luxury"", ""unit"": ""MTR"", ""size"": ""48''"", ""series"": ""NA""}",nexa arise fabric curtain fabric asp pink linen blend dining room luxury curtain fabric upholstery cloth drape textile material,"June 25, 2025"
PRD55474,FWC248872,Kelvin D-4 Fw35 Na,Fabric,Curtain Fabric,BSMPL,220,4.6,24,35,in_stock,TRUE,Current,Mustard,Sheer fabric,Balcony,Traditional,MTR,"Kelvin D-4 Fw35 is a traditional curtain fabric from BSMPL. It is suitable for balcony use and comes in mustard with sheer fabric finish. Useful for curtains, upholstery, drapes, cushions, and soft furnishing projects.","{""color"": ""Mustard"", ""material"": ""Sheer fabric"", ""room"": ""Balcony"", ""style"": ""Traditional"", ""unit"": ""MTR"", ""size"": ""48''"", ""series"": ""NA""}",kelvin d-4 fw35 fabric curtain fabric bsmpl mustard sheer fabric balcony traditional curtain fabric upholstery cloth drape textile material,"April 20, 2025"
PRD37072,FWC192587,Diva Sheers Ray,Fabric,Curtain Fabric,V&J,230,3.9,14,35,in_stock,TRUE,Current,Grey,Velvet,Guest Room,Contemporary,MTR,"Diva Sheers Ray is a contemporary curtain fabric from V&J. It is suitable for guest room use and comes in grey with velvet finish. Useful for curtains, upholstery, drapes, cushions, and soft furnishing projects.","{""color"": ""Grey"", ""material"": ""Velvet"", ""room"": ""Guest Room"", ""style"": ""Contemporary"", ""unit"": ""MTR"", ""size"": ""54"", ""series"": ""103""}",diva sheers ray fabric curtain fabric v&j grey velvet guest room contemporary curtain fabric upholstery cloth drape textile material,"April 18, 2026"
PRD32090,FWC112955,Australian Linen 5249,Fabric,Curtain Fabric,SGT,230,4.6,14,3,low_stock,TRUE,Current,Black,Polyester,Dining Room,Scandinavian,MTR,"Australian Linen 5249 is a scandinavian curtain fabric from SGT. It is suitable for dining room use and comes in black with polyester finish. Useful for curtains, upholstery, drapes, cushions, and soft furnishing projects.","{""color"": ""Black"", ""material"": ""Polyester"", ""room"": ""Dining Room"", ""style"": ""Scandinavian"", ""unit"": ""MTR"", ""size"": ""54\""""}",australian linen 5249 fabric curtain fabric sgt black polyester dining room scandinavian curtain fabric upholstery cloth drape textile material,"October 15, 2019"
PRD04354,FWC41277,"Super Satin-54""",Fabric,Curtain Fabric,"SGT,SNBPL",230,4.2,15,20,in_stock,TRUE,Current,Charcoal,Cotton blend,Living Room,Classic,MTR,"Super Satin-54"" is a classic curtain fabric from SGT,SNBPL. It is suitable for living room use and comes in charcoal with cotton blend finish. Useful for curtains, upholstery, drapes, cushions, and soft furnishing projects.","{""color"": ""Charcoal"", ""material"": ""Cotton blend"", ""room"": ""Living Room"", ""style"": ""Classic"", ""unit"": ""MTR"", ""size"": ""54"", ""series"": ""1304""}","super satin-54"" fabric curtain fabric sgt,snbpl charcoal cotton blend living room classic curtain fabric upholstery cloth drape textile material","March 31, 2025"
PRD31868,FWC111345,Block Buster,Fabric,Curtain Fabric,SGT,250,4,14,8,in_stock,TRUE,Current,Walnut,Polyester,Dining Room,Traditional,MTR,"Block Buster is a traditional curtain fabric from SGT. It is suitable for dining room use and comes in walnut with polyester finish. Useful for curtains, upholstery, drapes, cushions, and soft furnishing projects.","{""color"": ""Walnut"", ""material"": ""Polyester"", ""room"": ""Dining Room"", ""style"": ""Traditional"", ""unit"": ""MTR"", ""size"": ""54\""""}",block buster fabric curtain fabric sgt walnut polyester dining room traditional curtain fabric upholstery cloth drape textile material,"November 30, 2020"
PRD50208,SAM07691,Dark Mode Fabric,Samples,Fabric Samples,SAR,250,4.1,31,5,in_stock,TRUE,Current,Ivory,Ceramic,Bedroom,Traditional,NOS,Dark Mode Fabric is a traditional fabric samples from SAR. It is suitable for bedroom use and comes in ivory with ceramic finish. Suitable for residential and hospitality interiors.,"{""color"": ""Ivory"", ""material"": ""Ceramic"", ""room"": ""Bedroom"", ""style"": ""Traditional"", ""unit"": ""NOS"", ""size"": ""NA"", ""series"": ""NA""}",dark mode fabric samples fabric samples sar ivory ceramic bedroom traditional home decor furniture interiors,"June 22, 2025"
PRD35632,FWC207835,Malta,Fabric,Curtain Fabric,KC,260,3.8,94,8,in_stock,TRUE,Current,Green,Jacquard,Hotel Room,Rustic,MTR,"Malta is a rustic curtain fabric from KC. It is suitable for hotel room use and comes in green with jacquard finish. Useful for curtains, upholstery, drapes, cushions, and soft furnishing projects.","{""color"": ""Green"", ""material"": ""Jacquard"", ""room"": ""Hotel Room"", ""style"": ""Rustic"", ""unit"": ""MTR"", ""size"": ""48\"""", ""series"": ""39339""}",malta fabric curtain fabric kc green jacquard hotel room rustic curtain fabric upholstery cloth drape textile material,"February 19, 2026"
PRD41199,BLD19151,Roller Blinds Cortina Collection Classic Style Cluth With Chain,Blinds,Readymade Blinds,AMI,270,3.5,19,50,in_stock,TRUE,Current,Black,Bamboo,Living Room,Classic,SFT,"Roller Blinds Cortina Collection Classic Style Cluth With Chain is a classic readymade blinds from AMI. It is suitable for living room use and comes in black with bamboo finish. Designed for privacy, daylight control, and window styling.","{""color"": ""Black"", ""material"": ""Bamboo"", ""room"": ""Living Room"", ""style"": ""Classic"", ""unit"": ""SFT""}",roller blinds cortina collection classic style cluth with chain blinds readymade blinds ami black bamboo living room classic window blinds shade venetian roller privacy light control,"December 15, 2023"
PRD37871,LIN06523,Pillow Cover Omns Set Of 2,Linen,Pillow Cover,KMOPL,280,4.2,12,5,in_stock,TRUE,Current,Silver,Linen,Kids Room,Classic,NOS,Pillow Cover Omns Set Of 2 is a classic pillow cover from KMOPL. It is suitable for kids room use and comes in silver with linen finish. Suitable for residential and hospitality interiors.,"{""color"": ""Silver"", ""material"": ""Linen"", ""room"": ""Kids Room"", ""style"": ""Classic"", ""unit"": ""NOS"", ""size"": ""46X69""}",pillow cover omns set of 2 linen pillow cover kmopl silver linen kids room classic bedsheet pillow linen bedding soft furnishing,"June 27, 2021"
PRD04354,FWC41295,"Super Satin-54""",Fabric,Curtain Fabric,"SGT,SNBPL",280,4.1,27,8,in_stock,TRUE,Current,Silver,Linen blend,Guest Room,Minimal,MTR,"Super Satin-54"" is a minimal curtain fabric from SGT,SNBPL. It is suitable for guest room use and comes in silver with linen blend finish. Useful for curtains, upholstery, drapes, cushions, and soft furnishing projects.","{""color"": ""Silver"", ""material"": ""Linen blend"", ""room"": ""Guest Room"", ""style"": ""Minimal"", ""unit"": ""MTR"", ""size"": ""54"", ""series"": ""1322""}","super satin-54"" fabric curtain fabric sgt,snbpl silver linen blend guest room minimal curtain fabric upholstery cloth drape textile material","January 15, 2024"
PRD60489,SAM08184,Library Edition Vol 4 Fabric,Samples,Samples,V&J,280,4.3,19,1,low_stock,TRUE,Current,Grey,Glass,Living Room,Rustic,NOS,Library Edition Vol 4 Fabric is a rustic samples from V&J. It is suitable for living room use and comes in grey with glass finish. Suitable for residential and hospitality interiors.,"{""color"": ""Grey"", ""material"": ""Glass"", ""room"": ""Living Room"", ""style"": ""Rustic"", ""unit"": ""NOS"", ""size"": ""NA"", ""series"": ""NA""}",library edition vol 4 fabric samples nan v&j grey glass living room rustic home decor furniture interiors,"March 2, 2026"
PRD34958,ACC04965,Pn Decor Pn Agb,Accessories,Artificial Flower,PWDPL,300,4.5,45,3,low_stock,TRUE,Current,Green,Artificial silk,Dining Room,Classic,NOS,Pn Decor Pn Agb is a classic artificial flower from PWDPL. It is suitable for dining room use and comes in green with artificial silk finish. Suitable for residential and hospitality interiors.,"{""color"": ""Green"", ""material"": ""Artificial silk"", ""room"": ""Dining Room"", ""style"": ""Classic"", ""unit"": ""NOS"", ""series"": ""AGB0166""}",pn decor pn agb accessories artificial flower pwdpl green artificial silk dining room classic decor accessories artifact home styling,"June 13, 2024"
PRD33073,ACC03529,Pn Decor Pn Ac,Accessories,Artificial Flower,PWDPL,300,3.9,92,3,low_stock,TRUE,Current,Green,Ceramic,Office,Minimal,NOS,Pn Decor Pn Ac is a minimal artificial flower from PWDPL. It is suitable for office use and comes in green with ceramic finish. Suitable for residential and hospitality interiors.,"{""color"": ""Green"", ""material"": ""Ceramic"", ""room"": ""Office"", ""style"": ""Minimal"", ""unit"": ""NOS"", ""series"": ""AC0032""}",pn decor pn ac accessories artificial flower pwdpl green ceramic office minimal decor accessories artifact home styling,"June 13, 2024"
PRD00463,FWC45590,Blackout Premium,Fabric,Curtain Fabric,"SGT,SNBPL",310,4.4,223,12,in_stock,TRUE,Current,Black,Linen blend,Dining Room,Modern,MTR,"Blackout Premium is a modern curtain fabric from SGT,SNBPL. It is suitable for dining room use and comes in black with linen blend finish. Useful for curtains, upholstery, drapes, cushions, and soft furnishing projects.","{""color"": ""Black"", ""material"": ""Linen blend"", ""room"": ""Dining Room"", ""style"": ""Modern"", ""unit"": ""MTR"", ""size"": ""54"", ""series"": ""10""}","blackout premium fabric curtain fabric sgt,snbpl black linen blend dining room modern curtain fabric upholstery cloth drape textile material","March 31, 2025"
PRD56227,FWC192595,Diva Sheers Davis,Fabric,Curtain Fabric,V&J,320,4,55,1,low_stock,TRUE,Current,Red,Velvet,Kids Room,Scandinavian,MTR,"Diva Sheers Davis is a scandinavian curtain fabric from V&J. It is suitable for kids room use and comes in red with velvet finish. Useful for curtains, upholstery, drapes, cushions, and soft furnishing projects.","{""color"": ""Red"", ""material"": ""Velvet"", ""room"": ""Kids Room"", ""style"": ""Scandinavian"", ""unit"": ""MTR"", ""size"": ""54\"""", ""series"": ""111""}",diva sheers davis fabric curtain fabric v&j red velvet kids room scandinavian curtain fabric upholstery cloth drape textile material,"May 26, 2025"
PRD43824,FWC159606,Lightout Plain,Fabric,Curtain Fabric,MF,320,4.2,11,3,low_stock,TRUE,Current,Black,Cotton blend,Bedroom,Contemporary,MTR,"Lightout Plain is a contemporary curtain fabric from MF. It is suitable for bedroom use and comes in black with cotton blend finish. Useful for curtains, upholstery, drapes, cushions, and soft furnishing projects.","{""color"": ""Black"", ""material"": ""Cotton blend"", ""room"": ""Bedroom"", ""style"": ""Contemporary"", ""unit"": ""MTR"", ""size"": ""54\"""", ""series"": ""29""}",lightout plain fabric curtain fabric mf black cotton blend bedroom contemporary curtain fabric upholstery cloth drape textile material,"November 22, 2025"
PRD51930,BLD20472,Roller Blinds Sunworker Classic Style Cluth With Chain,Blinds,Readymade Blinds,AMI,330,4.2,13,12,in_stock,TRUE,Current,Blue,Aluminium,Office,Modern,SFT,"Roller Blinds Sunworker Classic Style Cluth With Chain is a modern readymade blinds from AMI. It is suitable for office use and comes in blue with aluminium finish. Designed for privacy, daylight control, and window styling.","{""color"": ""Blue"", ""material"": ""Aluminium"", ""room"": ""Office"", ""style"": ""Modern"", ""unit"": ""SFT"", ""size"": ""NA"", ""series"": ""NA""}",roller blinds sunworker classic style cluth with chain blinds readymade blinds ami blue aluminium office modern window blinds shade venetian roller privacy light control,"September 25, 2025"
PRD55322,BLD19422,Vemora Series Zebra  Blind Lamis Magic Facia Style With Ball Chain,Blinds,Readymade Blinds,FFPL,330,3.8,33,3,low_stock,TRUE,Current,Walnut,PVC,Bedroom,Classic,SFT,"Vemora Series Zebra  Blind Lamis Magic Facia Style With Ball Chain is a classic readymade blinds from FFPL. It is suitable for bedroom use and comes in walnut with pvc finish. Designed for privacy, daylight control, and window styling.","{""color"": ""Walnut"", ""material"": ""PVC"", ""room"": ""Bedroom"", ""style"": ""Classic"", ""unit"": ""SFT"", ""series"": ""LM 8101""}",vemora series zebra  blind lamis magic facia style with ball chain blinds readymade blinds ffpl walnut pvc bedroom classic window blinds shade venetian roller privacy light control,"May 2, 2025"
PRD37227,BLD20632,Roller Blinds Ballina Facia Style Cluth With Chain,Blinds,Readymade Blinds,AMI,330,4.4,16,12,in_stock,TRUE,Current,Olive,Polyester fabric,Bedroom,Minimal,SFT,"Roller Blinds Ballina Facia Style Cluth With Chain is a minimal readymade blinds from AMI. It is suitable for bedroom use and comes in olive with polyester fabric finish. Designed for privacy, daylight control, and window styling.","{""color"": ""Olive"", ""material"": ""Polyester fabric"", ""room"": ""Bedroom"", ""style"": ""Minimal"", ""unit"": ""SFT"", ""size"": ""NA"", ""series"": ""NA""}",roller blinds ballina facia style cluth with chain blinds readymade blinds ami olive polyester fabric bedroom minimal window blinds shade venetian roller privacy light control,"February 19, 2026"
PRD32276,ACC04323,Pn Decor Pn Ap,Accessories,Artificial Flower,PWDPL,330,3.9,14,1,low_stock,TRUE,Current,Green,Glass,Hotel Room,Minimal,NOS.,Pn Decor Pn Ap is a minimal artificial flower from PWDPL. It is suitable for hotel room use and comes in green with glass finish. Suitable for residential and hospitality interiors.,"{""color"": ""Green"", ""material"": ""Glass"", ""room"": ""Hotel Room"", ""style"": ""Minimal"", ""unit"": ""NOS."", ""series"": ""AP0129""}",pn decor pn ap accessories artificial flower pwdpl green glass hotel room minimal decor accessories artifact home styling,"June 10, 2024"
PRD46698,FWC231394,Serena Textures Na,Fabric,Curtain Fabric,V&J,330,4,37,35,in_stock,TRUE,Current,Silver,Linen blend,Guest Room,Luxury,MTR,"Serena Textures is a luxury curtain fabric from V&J. It is suitable for guest room use and comes in silver with linen blend finish. Useful for curtains, upholstery, drapes, cushions, and soft furnishing projects.","{""color"": ""Silver"", ""material"": ""Linen blend"", ""room"": ""Guest Room"", ""style"": ""Luxury"", ""unit"": ""MTR"", ""size"": ""54''"", ""series"": ""519""}",serena textures fabric curtain fabric v&j silver linen blend guest room luxury curtain fabric upholstery cloth drape textile material,"July 24, 2025"
PRD31712,ACC03354,Pn Decor Pn Af,Accessories,Artificial Flower,PWDPL,340,4.2,84,12,in_stock,TRUE,Current,Red,Artificial silk,Office,Rustic,NOS,Pn Decor Pn Af is a rustic artificial flower from PWDPL. It is suitable for office use and comes in red with artificial silk finish. Suitable for residential and hospitality interiors.,"{""color"": ""Red"", ""material"": ""Artificial silk"", ""room"": ""Office"", ""style"": ""Rustic"", ""unit"": ""NOS"", ""series"": ""AF0262""}",pn decor pn af accessories artificial flower pwdpl red artificial silk office rustic decor accessories artifact home styling,"August 28, 2024"
PRD31712,ACC03360,Pn Decor Pn Af,Accessories,Artificial Flower,PWDPL,340,4,16,8,in_stock,TRUE,Current,Blue,Wood,Kids Room,Scandinavian,NOS,Pn Decor Pn Af is a scandinavian artificial flower from PWDPL. It is suitable for kids room use and comes in blue with wood finish. Suitable for residential and hospitality interiors.,"{""color"": ""Blue"", ""material"": ""Wood"", ""room"": ""Kids Room"", ""style"": ""Scandinavian"", ""unit"": ""NOS"", ""series"": ""AF0262""}",pn decor pn af accessories artificial flower pwdpl blue wood kids room scandinavian decor accessories artifact home styling,"June 14, 2024"
PRD13633,HDW623,"Wall Bracket 1"" Big",Hardware,Wall Bracket,PH,350,4.2,47,35,in_stock,TRUE,Current,Oak,Plastic,Bedroom,Luxury,NOS,"Wall Bracket 1"" Big is a luxury wall bracket from PH. It is suitable for bedroom use and comes in oak with plastic finish. Suitable for residential and hospitality interiors.","{""color"": ""Oak"", ""material"": ""Plastic"", ""room"": ""Bedroom"", ""style"": ""Luxury"", ""unit"": ""NOS"", ""size"": ""25mm""}","wall bracket 1"" big hardware wall bracket ph oak plastic bedroom luxury curtain rod finial track hardware fittings","March 31, 2025"
PRD32733,FWC223987,European Linen,Fabric,Curtain Fabric,KC,360,4.6,7,5,in_stock,TRUE,Current,Olive,Polyester,Bedroom,Contemporary,MTR,"European Linen is a contemporary curtain fabric from KC. It is suitable for bedroom use and comes in olive with polyester finish. Useful for curtains, upholstery, drapes, cushions, and soft furnishing projects.","{""color"": ""Olive"", ""material"": ""Polyester"", ""room"": ""Bedroom"", ""style"": ""Contemporary"", ""unit"": ""MTR"", ""size"": ""54''"", ""series"": ""43407""}",european linen fabric curtain fabric kc olive polyester bedroom contemporary curtain fabric upholstery cloth drape textile material,"September 27, 2025"
PRD34690,BLD18755,Happy Window Collection Roller Amazon-01 Facia Style Cluth With Chain,Blinds,Readymade Blinds,AMI,360,4.2,29,35,in_stock,TRUE,Current,Mustard,Basswood,Office,Luxury,SFT,"Happy Window Collection Roller Amazon-01 Facia Style Cluth With Chain is a luxury readymade blinds from AMI. It is suitable for office use and comes in mustard with basswood finish. Designed for privacy, daylight control, and window styling.","{""color"": ""Mustard"", ""material"": ""Basswood"", ""room"": ""Office"", ""style"": ""Luxury"", ""unit"": ""SFT""}",happy window collection roller amazon-01 facia style cluth with chain blinds readymade blinds ami mustard basswood office luxury window blinds shade venetian roller privacy light control,"April 18, 2026"
PRD44867,BLD17848,Happy Window Collection Roller Amazon-01 Facia Style Clutch With Chain,Blinds,Readymade Blinds,AMI,360,4.2,51,12,in_stock,TRUE,Current,Green,Basswood,Bedroom,Modern,SFT,"Happy Window Collection Roller Amazon-01 Facia Style Clutch With Chain is a modern readymade blinds from AMI. It is suitable for bedroom use and comes in green with basswood finish. Designed for privacy, daylight control, and window styling.","{""color"": ""Green"", ""material"": ""Basswood"", ""room"": ""Bedroom"", ""style"": ""Modern"", ""unit"": ""SFT""}",happy window collection roller amazon-01 facia style clutch with chain blinds readymade blinds ami green basswood bedroom modern window blinds shade venetian roller privacy light control,"May 28, 2025"
PRD34690,BLD18076,Happy Window Collection Roller Amazon-01 Facia Style Cluth With Chain,Blinds,Readymade Blinds,AMI,370,4.3,9,0,out_of_stock,TRUE,Current,Charcoal,PVC,Bedroom,Modern,SFT,"Happy Window Collection Roller Amazon-01 Facia Style Cluth With Chain is a modern readymade blinds from AMI. It is suitable for bedroom use and comes in charcoal with pvc finish. Designed for privacy, daylight control, and window styling.","{""color"": ""Charcoal"", ""material"": ""PVC"", ""room"": ""Bedroom"", ""style"": ""Modern"", ""unit"": ""SFT""}",happy window collection roller amazon-01 facia style cluth with chain blinds readymade blinds ami charcoal pvc bedroom modern window blinds shade venetian roller privacy light control,"April 17, 2026"
PRD34690,BLD20676,Happy Window Collection Roller Amazon-01 Facia Style Cluth With Chain,Blinds,Readymade Blinds,AMI,380,4.2,5,0,out_of_stock,TRUE,Current,Navy,Aluminium,Bedroom,Luxury,SFT,"Happy Window Collection Roller Amazon-01 Facia Style Cluth With Chain is a luxury readymade blinds from AMI. It is suitable for bedroom use and comes in navy with aluminium finish. Designed for privacy, daylight control, and window styling.","{""color"": ""Navy"", ""material"": ""Aluminium"", ""room"": ""Bedroom"", ""style"": ""Luxury"", ""unit"": ""SFT"", ""size"": ""NA"", ""series"": ""NA""}",happy window collection roller amazon-01 facia style cluth with chain blinds readymade blinds ami navy aluminium bedroom luxury window blinds shade venetian roller privacy light control,"April 17, 2026"
PRD34690,BLD20677,Happy Window Collection Roller Amazon-01 Facia Style Cluth With Chain,Blinds,Readymade Blinds,AMI,380,3.7,41,12,in_stock,TRUE,Current,Pink,Aluminium,Hotel Room,Luxury,SFT,"Happy Window Collection Roller Amazon-01 Facia Style Cluth With Chain is a luxury readymade blinds from AMI. It is suitable for hotel room use and comes in pink with aluminium finish. Designed for privacy, daylight control, and window styling.","{""color"": ""Pink"", ""material"": ""Aluminium"", ""room"": ""Hotel Room"", ""style"": ""Luxury"", ""unit"": ""SFT"", ""size"": ""NA"", ""series"": ""NA""}",happy window collection roller amazon-01 facia style cluth with chain blinds readymade blinds ami pink aluminium hotel room luxury window blinds shade venetian roller privacy light control,"April 17, 2026"
PRD50939,LIN12012,Pillow Cover Happy Living Set Of 2,Linen,Pillow Cover,KMOPL,380,3.9,5,12,in_stock,TRUE,Current,Green,Microfiber,Hotel Room,Luxury,NOS,Pillow Cover Happy Living Set Of 2 is a luxury pillow cover from KMOPL. It is suitable for hotel room use and comes in green with microfiber finish. Suitable for residential and hospitality interiors.,"{""color"": ""Green"", ""material"": ""Microfiber"", ""room"": ""Hotel Room"", ""style"": ""Luxury"", ""unit"": ""NOS"", ""size"": ""46X69"", ""series"": ""FW50""}",pillow cover happy living set of 2 linen pillow cover kmopl green microfiber hotel room luxury bedsheet pillow linen bedding soft furnishing,"June 10, 2024"
PRD32212,FWC253140,Enzo 100% Blackout Na,Fabric,Curtain Fabric,SGT,380,4.5,31,20,in_stock,TRUE,Current,Black,Blackout fabric,Hotel Room,Traditional,MTR,"Enzo 100% Blackout is a traditional curtain fabric from SGT. It is suitable for hotel room use and comes in black with blackout fabric finish. Useful for curtains, upholstery, drapes, cushions, and soft furnishing projects.","{""color"": ""Black"", ""material"": ""Blackout fabric"", ""room"": ""Hotel Room"", ""style"": ""Traditional"", ""unit"": ""MTR"", ""size"": ""54''"", ""series"": ""NA""}",enzo 100% blackout fabric curtain fabric sgt black blackout fabric hotel room traditional curtain fabric upholstery cloth drape textile material,"July 5, 2025"
PRD56212,BLD20282,Roller Blinds Stockholm Facia Style Cluth With Chain,Blinds,Readymade Blinds,AMI,400,3.8,23,12,in_stock,TRUE,Current,Green,PVC,Bedroom,Classic,SFT,"Roller Blinds Stockholm Facia Style Cluth With Chain is a classic readymade blinds from AMI. It is suitable for bedroom use and comes in green with pvc finish. Designed for privacy, daylight control, and window styling.","{""color"": ""Green"", ""material"": ""PVC"", ""room"": ""Bedroom"", ""style"": ""Classic"", ""unit"": ""SFT"", ""size"": ""NA"", ""series"": ""NA""}",roller blinds stockholm facia style cluth with chain blinds readymade blinds ami green pvc bedroom classic window blinds shade venetian roller privacy light control,"May 2, 2025"
PRD37922,LIN07397,Table Cover Pvc Fine Slc,Linen,Table Cover,RAG,400,3.8,8,5,in_stock,TRUE,Current,Beige,Polyester blend,Kids Room,Traditional,NOS,Table Cover Pvc Fine Slc is a traditional table cover from RAG. It is suitable for kids room use and comes in beige with polyester blend finish. Suitable for residential and hospitality interiors.,"{""color"": ""Beige"", ""material"": ""Polyester blend"", ""room"": ""Kids Room"", ""style"": ""Traditional"", ""unit"": ""NOS"", ""size"": ""54X78""}",table cover pvc fine slc linen table cover rag beige polyester blend kids room traditional bedsheet pillow linen bedding soft furnishing,"June 8, 2021"
PRD57827,BLD20378,38Mm Tube Blinds Ffch02,Blinds,Blind Components,FFPL,400,4.5,15,50,in_stock,TRUE,Current,Green,Polyester fabric,Hotel Room,Modern,NOS,"38Mm Tube Blinds Ffch02 is a modern blind components from FFPL. It is suitable for hotel room use and comes in green with polyester fabric finish. Designed for privacy, daylight control, and window styling.","{""color"": ""Green"", ""material"": ""Polyester fabric"", ""room"": ""Hotel Room"", ""style"": ""Modern"", ""unit"": ""NOS"", ""size"": ""NA"", ""series"": ""NA""}",38mm tube blinds ffch02 blinds blind components ffpl green polyester fabric hotel room modern window blinds shade venetian roller privacy light control,"June 18, 2025"
PRD39058,FWC260740,Brahmos Topaz,Fabric,Curtain Fabric,MSC,410,4.2,99,12,in_stock,TRUE,Current,Pink,Sheer fabric,Bedroom,Modern,MTR,"Brahmos Topaz is a modern curtain fabric from MSC. It is suitable for bedroom use and comes in pink with sheer fabric finish. Useful for curtains, upholstery, drapes, cushions, and soft furnishing projects.","{""color"": ""Pink"", ""material"": ""Sheer fabric"", ""room"": ""Bedroom"", ""style"": ""Modern"", ""unit"": ""MTR"", ""size"": ""54''"", ""series"": ""BMS004""}",brahmos topaz fabric curtain fabric msc pink sheer fabric bedroom modern curtain fabric upholstery cloth drape textile material,"January 7, 2026"
PRD58072,BLD20301,Customised Zebra Blinds Blackout,Blinds,Readymade Blinds,WLEPL,410,3.7,19,12,in_stock,TRUE,Current,Black,Polyester fabric,Kids Room,Classic,SFT,"Customised Zebra Blinds Blackout is a classic readymade blinds from WLEPL. It is suitable for kids room use and comes in black with polyester fabric finish. Designed for privacy, daylight control, and window styling.","{""color"": ""Black"", ""material"": ""Polyester fabric"", ""room"": ""Kids Room"", ""style"": ""Classic"", ""unit"": ""SFT"", ""size"": ""NA"", ""series"": ""NA""}",customised zebra blinds blackout blinds readymade blinds wlepl black polyester fabric kids room classic window blinds shade venetian roller privacy light control,"April 20, 2025"
PRD57737,FWC257721,Kingston Kng-08,Fabric,Curtain Fabric,KFC,410,3.8,34,12,in_stock,TRUE,Current,Grey,Polyester,Office,Luxury,MTR,"Kingston Kng-08 is a luxury curtain fabric from KFC. It is suitable for office use and comes in grey with polyester finish. Useful for curtains, upholstery, drapes, cushions, and soft furnishing projects.","{""color"": ""Grey"", ""material"": ""Polyester"", ""room"": ""Office"", ""style"": ""Luxury"", ""unit"": ""MTR"", ""size"": ""54"", ""series"": ""NA""}",kingston kng-08 fabric curtain fabric kfc grey polyester office luxury curtain fabric upholstery cloth drape textile material,"September 30, 2025"
PRD32384,FIL00259,Featherlite Cushion,Fillers,Fibre Cushions,DZ,430,4.1,45,35,in_stock,TRUE,Current,Mustard,Ceramic,Hotel Room,Minimal,NOS,Featherlite Cushion is a minimal fibre cushions from DZ. It is suitable for hotel room use and comes in mustard with ceramic finish. Suitable for residential and hospitality interiors.,"{""color"": ""Mustard"", ""material"": ""Ceramic"", ""room"": ""Hotel Room"", ""style"": ""Minimal"", ""unit"": ""NOS"", ""size"": ""16x16""}",featherlite cushion fillers fibre cushions dz mustard ceramic hotel room minimal home decor furniture interiors,"March 31, 2025"
PRD51371,FWC235726,Kashmiri Na,Fabric,Curtain Fabric,KC,430,3.9,3,50,in_stock,TRUE,Current,Navy,Jacquard,Dining Room,Rustic,MTR,"Kashmiri is a rustic curtain fabric from KC. It is suitable for dining room use and comes in navy with jacquard finish. Useful for curtains, upholstery, drapes, cushions, and soft furnishing projects.","{""color"": ""Navy"", ""material"": ""Jacquard"", ""room"": ""Dining Room"", ""style"": ""Rustic"", ""unit"": ""MTR"", ""size"": ""48''"", ""series"": ""45016""}",kashmiri fabric curtain fabric kc navy jacquard dining room rustic curtain fabric upholstery cloth drape textile material,"June 9, 2025"
PRD33019,BLD20551,50Mm Wooden Venetian Blinds Rover Basswood Cord Lock Operation With Ladder Tape,Blinds,Readymade Blinds,FFPL,440,3.8,11,20,in_stock,TRUE,Current,Walnut,Polyester fabric,Office,Classic,SFT,"50Mm Wooden Venetian Blinds Rover Basswood Cord Lock Operation With Ladder Tape is a classic readymade blinds from FFPL. It is suitable for office use and comes in walnut with polyester fabric finish. Designed for privacy, daylight control, and window styling.","{""color"": ""Walnut"", ""material"": ""Polyester fabric"", ""room"": ""Office"", ""style"": ""Classic"", ""unit"": ""SFT"", ""size"": ""NA"", ""series"": ""803""}",50mm wooden venetian blinds rover basswood cord lock operation with ladder tape blinds readymade blinds ffpl walnut polyester fabric office classic window blinds shade venetian roller privacy light control,"April 22, 2026"
PRD56330,FWC227899,Combination,Fabric,Curtain Fabric,KC,440,4.2,30,8,in_stock,TRUE,Current,Navy,Jacquard,Bedroom,Modern,MTR,"Combination is a modern curtain fabric from KC. It is suitable for bedroom use and comes in navy with jacquard finish. Useful for curtains, upholstery, drapes, cushions, and soft furnishing projects.","{""color"": ""Navy"", ""material"": ""Jacquard"", ""room"": ""Bedroom"", ""style"": ""Modern"", ""unit"": ""MTR"", ""size"": ""54''"", ""series"": ""40162""}",combination fabric curtain fabric kc navy jacquard bedroom modern curtain fabric upholstery cloth drape textile material,"April 11, 2026"
PRD59001,FWC228122,Hanoi,Fabric,Curtain Fabric,KC,440,4.2,8,12,in_stock,TRUE,Current,Black,Sheer fabric,Living Room,Classic,MTR,"Hanoi is a classic curtain fabric from KC. It is suitable for living room use and comes in black with sheer fabric finish. Useful for curtains, upholstery, drapes, cushions, and soft furnishing projects.","{""color"": ""Black"", ""material"": ""Sheer fabric"", ""room"": ""Living Room"", ""style"": ""Classic"", ""unit"": ""MTR"", ""size"": ""54''"", ""series"": ""42430""}",hanoi fabric curtain fabric kc black sheer fabric living room classic curtain fabric upholstery cloth drape textile material,"February 6, 2026"
PRD55710,FWC163260,Nikava Nanj,Fabric,Curtain Fabric,APS,440,4.2,5,50,in_stock,TRUE,Current,Green,Blackout fabric,Office,Minimal,MTR,"Nikava Nanj is a minimal curtain fabric from APS. It is suitable for office use and comes in green with blackout fabric finish. Useful for curtains, upholstery, drapes, cushions, and soft furnishing projects.","{""color"": ""Green"", ""material"": ""Blackout fabric"", ""room"": ""Office"", ""style"": ""Minimal"", ""unit"": ""MTR"", ""size"": ""54\"""", ""series"": ""APF21NIKNJ17""}",nikava nanj fabric curtain fabric aps green blackout fabric office minimal curtain fabric upholstery cloth drape textile material,"December 8, 2025"
PRD58536,BLD20382,Roller Blinds Day Break Ii Evo Folio Manual,Blinds,Readymade Blinds,DDCF,450,4.5,64,35,in_stock,TRUE,Current,Ivory,Polyester fabric,Hotel Room,Scandinavian,SFT,"Roller Blinds Day Break Ii Evo Folio Manual is a scandinavian readymade blinds from DDCF. It is suitable for hotel room use and comes in ivory with polyester fabric finish. Designed for privacy, daylight control, and window styling.","{""color"": ""Ivory"", ""material"": ""Polyester fabric"", ""room"": ""Hotel Room"", ""style"": ""Scandinavian"", ""unit"": ""SFT"", ""size"": ""NA"", ""series"": ""NA""}",roller blinds day break ii evo folio manual blinds readymade blinds ddcf ivory polyester fabric hotel room scandinavian window blinds shade venetian roller privacy light control,"June 30, 2025"
PRD32212,FWC253143,Enzo 100% Blackout Na,Fabric,Curtain Fabric,SGT,450,3.7,7,12,in_stock,TRUE,Current,Black,Polyester,Guest Room,Modern,MTR,"Enzo 100% Blackout is a modern curtain fabric from SGT. It is suitable for guest room use and comes in black with polyester finish. Useful for curtains, upholstery, drapes, cushions, and soft furnishing projects.","{""color"": ""Black"", ""material"": ""Polyester"", ""room"": ""Guest Room"", ""style"": ""Modern"", ""unit"": ""MTR"", ""size"": ""54''"", ""series"": ""NA""}",enzo 100% blackout fabric curtain fabric sgt black polyester guest room modern curtain fabric upholstery cloth drape textile material,"November 27, 2025"
PRD56422,FWC185017,Electron,Fabric,Curtain Fabric,MF,480,4.3,26,20,in_stock,TRUE,Current,Beige,Polyester,Guest Room,Modern,MTR,"Electron is a modern curtain fabric from MF. It is suitable for guest room use and comes in beige with polyester finish. Useful for curtains, upholstery, drapes, cushions, and soft furnishing projects.","{""color"": ""Beige"", ""material"": ""Polyester"", ""room"": ""Guest Room"", ""style"": ""Modern"", ""unit"": ""MTR"", ""size"": ""48\"""", ""series"": ""5""}",electron fabric curtain fabric mf beige polyester guest room modern curtain fabric upholstery cloth drape textile material,"September 17, 2025"
PRD33205,FWC195422,Jiya_Revival,Fabric,Curtain Fabric,SAR,490,4.3,1391,35,in_stock,TRUE,Current,Charcoal,Jacquard,Balcony,Scandinavian,MTR,"Jiya_Revival is a scandinavian curtain fabric from SAR. It is suitable for balcony use and comes in charcoal with jacquard finish. Useful for curtains, upholstery, drapes, cushions, and soft furnishing projects.","{""color"": ""Charcoal"", ""material"": ""Jacquard"", ""room"": ""Balcony"", ""style"": ""Scandinavian"", ""unit"": ""MTR"", ""size"": ""54\"""", ""series"": ""303""}",jiya_revival fabric curtain fabric sar charcoal jacquard balcony scandinavian curtain fabric upholstery cloth drape textile material,"August 11, 2025"
PRD46698,FWC231379,Serena Textures Na,Fabric,Curtain Fabric,V&J,490,4.6,59,20,in_stock,TRUE,Current,Beige,Linen blend,Guest Room,Scandinavian,MTR,"Serena Textures is a scandinavian curtain fabric from V&J. It is suitable for guest room use and comes in beige with linen blend finish. Useful for curtains, upholstery, drapes, cushions, and soft furnishing projects.","{""color"": ""Beige"", ""material"": ""Linen blend"", ""room"": ""Guest Room"", ""style"": ""Scandinavian"", ""unit"": ""MTR"", ""size"": ""54''"", ""series"": ""504""}",serena textures fabric curtain fabric v&j beige linen blend guest room scandinavian curtain fabric upholstery cloth drape textile material,"May 9, 2025"
PRD57161,SAM04953,Alesia Na,Fabric,Curtain Fabric,SAR,500,4,46,20,in_stock,TRUE,Current,Gold,Polyester,Office,Rustic,NOS,"Alesia is a rustic curtain fabric from SAR. It is suitable for office use and comes in gold with polyester finish. Useful for curtains, upholstery, drapes, cushions, and soft furnishing projects.","{""color"": ""Gold"", ""material"": ""Polyester"", ""room"": ""Office"", ""style"": ""Rustic"", ""unit"": ""NOS"", ""size"": ""NA"", ""series"": ""NA""}",alesia fabric curtain fabric sar gold polyester office rustic curtain fabric upholstery cloth drape textile material,"March 31, 2025"
PRD59724,SAM07739,Abstract World Fabric,Samples,Fabric Samples,SDD,500,4.2,7,5,in_stock,TRUE,Current,White,Metal,Living Room,Modern,NOS,Abstract World Fabric is a modern fabric samples from SDD. It is suitable for living room use and comes in white with metal finish. Suitable for residential and hospitality interiors.,"{""color"": ""White"", ""material"": ""Metal"", ""room"": ""Living Room"", ""style"": ""Modern"", ""unit"": ""NOS"", ""size"": ""NA"", ""series"": ""NA""}",abstract world fabric samples fabric samples sdd white metal living room modern home decor furniture interiors,"July 31, 2025"
PRD51271,FWC240488,Hawai Na,Fabric,Curtain Fabric,KC,500,4.9,2,0,out_of_stock,TRUE,Current,Olive,Sheer fabric,Kids Room,Modern,MTR,"Hawai is a modern curtain fabric from KC. It is suitable for kids room use and comes in olive with sheer fabric finish. Useful for curtains, upholstery, drapes, cushions, and soft furnishing projects.","{""color"": ""Olive"", ""material"": ""Sheer fabric"", ""room"": ""Kids Room"", ""style"": ""Modern"", ""unit"": ""MTR"", ""size"": ""54''"", ""series"": ""45318""}",hawai fabric curtain fabric kc olive sheer fabric kids room modern curtain fabric upholstery cloth drape textile material,"April 11, 2025"
PRD55894,BLD20419,Happy Window Collection Sonatine Pristine Room Darkening Privacy Style Clutch With Chain,Blinds,Readymade Blinds,AMI,500,4,21,5,in_stock,TRUE,Current,Grey,Basswood,Hotel Room,Minimal,SFT,"Happy Window Collection Sonatine Pristine Room Darkening Privacy Style Clutch With Chain is a minimal readymade blinds from AMI. It is suitable for hotel room use and comes in grey with basswood finish. Designed for privacy, daylight control, and window styling.","{""color"": ""Grey"", ""material"": ""Basswood"", ""room"": ""Hotel Room"", ""style"": ""Minimal"", ""unit"": ""SFT"", ""size"": ""NA"", ""series"": ""NA""}",happy window collection sonatine pristine room darkening privacy style clutch with chain blinds readymade blinds ami grey basswood hotel room minimal window blinds shade venetian roller privacy light control,"August 16, 2025"
PRD33073,ACC03548,Pn Decor Pn Ac,Accessories,Artificial Flower,PWDPL,510,4,66,0,out_of_stock,TRUE,Current,White,Metal,Bedroom,Minimal,NOS,Pn Decor Pn Ac is a minimal artificial flower from PWDPL. It is suitable for bedroom use and comes in white with metal finish. Suitable for residential and hospitality interiors.,"{""color"": ""White"", ""material"": ""Metal"", ""room"": ""Bedroom"", ""style"": ""Minimal"", ""unit"": ""NOS"", ""series"": ""AC0137""}",pn decor pn ac accessories artificial flower pwdpl white metal bedroom minimal decor accessories artifact home styling,"June 13, 2024"
PRD31892,FWC148751,Mori,Fabric,Curtain Fabric,APS,510,4.7,23,1,low_stock,TRUE,Current,Silver,Cotton blend,Bedroom,Luxury,MTR,"Mori is a luxury curtain fabric from APS. It is suitable for bedroom use and comes in silver with cotton blend finish. Useful for curtains, upholstery, drapes, cushions, and soft furnishing projects.","{""color"": ""Silver"", ""material"": ""Cotton blend"", ""room"": ""Bedroom"", ""style"": ""Luxury"", ""unit"": ""MTR"", ""size"": ""54\"""", ""series"": ""MOR0002""}",mori fabric curtain fabric aps silver cotton blend bedroom luxury curtain fabric upholstery cloth drape textile material,"March 31, 2025"
PRD43856,FWC208544,Monsoon,Fabric,Curtain Fabric,KC,520,3.9,25,3,low_stock,TRUE,Current,Beige,Jacquard,Bedroom,Luxury,MTR,"Monsoon is a luxury curtain fabric from KC. It is suitable for bedroom use and comes in beige with jacquard finish. Useful for curtains, upholstery, drapes, cushions, and soft furnishing projects.","{""color"": ""Beige"", ""material"": ""Jacquard"", ""room"": ""Bedroom"", ""style"": ""Luxury"", ""unit"": ""MTR"", ""size"": ""54\"""", ""series"": ""38230""}",monsoon fabric curtain fabric kc beige jacquard bedroom luxury curtain fabric upholstery cloth drape textile material,"July 14, 2025"
PRD16479,HDW5899,22Mm Dia Antique Brass Collection Finial,Hardware,Finials,AERO,530,4.9,152,0,out_of_stock,TRUE,Current,Green,Steel,Bedroom,Traditional,NOS,22Mm Dia Antique Brass Collection Finial is a traditional finials from AERO. It is suitable for bedroom use and comes in green with steel finish. Suitable for residential and hospitality interiors.,"{""color"": ""Green"", ""material"": ""Steel"", ""room"": ""Bedroom"", ""style"": ""Traditional"", ""unit"": ""NOS"", ""size"": ""22mm""}",22mm dia antique brass collection finial hardware finials aero green steel bedroom traditional curtain rod finial track hardware fittings,"June 24, 2025"
PRD43514,FWC224765,Stevia D-4 Fw35,Fabric,Curtain Fabric,BSMPL,530,3.4,24,12,in_stock,TRUE,Current,Navy,Sheer fabric,Kids Room,Rustic,MTR,"Stevia D-4 Fw35 is a rustic curtain fabric from BSMPL. It is suitable for kids room use and comes in navy with sheer fabric finish. Useful for curtains, upholstery, drapes, cushions, and soft furnishing projects.","{""color"": ""Navy"", ""material"": ""Sheer fabric"", ""room"": ""Kids Room"", ""style"": ""Rustic"", ""unit"": ""MTR"", ""size"": ""48''""}",stevia d-4 fw35 fabric curtain fabric bsmpl navy sheer fabric kids room rustic curtain fabric upholstery cloth drape textile material,"January 6, 2025"
PRD38142,FWC212052,Opal Hazel,Fabric,Curtain Fabric,MF,550,4,3,20,in_stock,TRUE,Current,Black,Polyester,Kids Room,Luxury,MTR,"Opal Hazel is a luxury curtain fabric from MF. It is suitable for kids room use and comes in black with polyester finish. Useful for curtains, upholstery, drapes, cushions, and soft furnishing projects.","{""color"": ""Black"", ""material"": ""Polyester"", ""room"": ""Kids Room"", ""style"": ""Luxury"", ""unit"": ""MTR"", ""size"": ""48"", ""series"": ""24""}",opal hazel fabric curtain fabric mf black polyester kids room luxury curtain fabric upholstery cloth drape textile material,"March 27, 2026"
PRD31733,FWC208446,Harmony,Fabric,Curtain Fabric,V&J,550,4.3,52,0,out_of_stock,TRUE,Current,Grey,Linen blend,Guest Room,Minimal,MTR,"Harmony is a minimal curtain fabric from V&J. It is suitable for guest room use and comes in grey with linen blend finish. Useful for curtains, upholstery, drapes, cushions, and soft furnishing projects.","{""color"": ""Grey"", ""material"": ""Linen blend"", ""room"": ""Guest Room"", ""style"": ""Minimal"", ""unit"": ""MTR"", ""size"": ""54\"""", ""series"": ""153""}",harmony fabric curtain fabric v&j grey linen blend guest room minimal curtain fabric upholstery cloth drape textile material,"May 22, 2025"
PRD56805,FWC193190,Moral Linen Brasso D-4 Fw35,Fabric,Curtain Fabric,BSMPL,550,4,14,8,in_stock,TRUE,Current,Red,Sheer fabric,Balcony,Scandinavian,MTR,"Moral Linen Brasso D-4 Fw35 is a scandinavian curtain fabric from BSMPL. It is suitable for balcony use and comes in red with sheer fabric finish. Useful for curtains, upholstery, drapes, cushions, and soft furnishing projects.","{""color"": ""Red"", ""material"": ""Sheer fabric"", ""room"": ""Balcony"", ""style"": ""Scandinavian"", ""unit"": ""MTR"", ""size"": ""48\""""}",moral linen brasso d-4 fw35 fabric curtain fabric bsmpl red sheer fabric balcony scandinavian curtain fabric upholstery cloth drape textile material,"March 31, 2025"
PRD35647,FWC157007,Hector Baleno,Fabric,Curtain Fabric,SAR,550,4.8,31,5,in_stock,TRUE,Current,White,Linen blend,Bedroom,Modern,MTR,"Hector Baleno is a modern curtain fabric from SAR. It is suitable for bedroom use and comes in white with linen blend finish. Useful for curtains, upholstery, drapes, cushions, and soft furnishing projects.","{""color"": ""White"", ""material"": ""Linen blend"", ""room"": ""Bedroom"", ""style"": ""Modern"", ""unit"": ""MTR"", ""size"": ""54""}",hector baleno fabric curtain fabric sar white linen blend bedroom modern curtain fabric upholstery cloth drape textile material,"March 27, 2026"
PRD33073,ACC03540,Pn Decor Pn Ac,Accessories,Artificial Flower,PWDPL,550,4.3,123,12,in_stock,TRUE,Current,Red,Wood,Bedroom,Classic,NOS,Pn Decor Pn Ac is a classic artificial flower from PWDPL. It is suitable for bedroom use and comes in red with wood finish. Suitable for residential and hospitality interiors.,"{""color"": ""Red"", ""material"": ""Wood"", ""room"": ""Bedroom"", ""style"": ""Classic"", ""unit"": ""NOS"", ""series"": ""AC0134""}",pn decor pn ac accessories artificial flower pwdpl red wood bedroom classic decor accessories artifact home styling,"June 13, 2024"
PRD57799,FWC248877,Kelvin D-8 Fw35 Na,Fabric,Curtain Fabric,BSMPL,560,3.6,11,12,in_stock,TRUE,Current,Red,Velvet,Office,Rustic,MTR,"Kelvin D-8 Fw35 is a rustic curtain fabric from BSMPL. It is suitable for office use and comes in red with velvet finish. Useful for curtains, upholstery, drapes, cushions, and soft furnishing projects.","{""color"": ""Red"", ""material"": ""Velvet"", ""room"": ""Office"", ""style"": ""Rustic"", ""unit"": ""MTR"", ""size"": ""48''"", ""series"": ""NA""}",kelvin d-8 fw35 fabric curtain fabric bsmpl red velvet office rustic curtain fabric upholstery cloth drape textile material,"April 20, 2025"
PRD57251,FWC195552,Analia Fw35,Fabric,Curtain Fabric,BSMPL,560,4.1,157,5,in_stock,TRUE,Current,Red,Polyester,Kids Room,Classic,MTR,"Analia Fw35 is a classic curtain fabric from BSMPL. It is suitable for kids room use and comes in red with polyester finish. Useful for curtains, upholstery, drapes, cushions, and soft furnishing projects.","{""color"": ""Red"", ""material"": ""Polyester"", ""room"": ""Kids Room"", ""style"": ""Classic"", ""unit"": ""MTR"", ""size"": ""48\""""}",analia fw35 fabric curtain fabric bsmpl red polyester kids room classic curtain fabric upholstery cloth drape textile material,"March 31, 2025"
PRD34812,FWC264844,Blackout Na,Fabric,Curtain Fabric,JDD,570,3.2,6,1,low_stock,TRUE,Current,Black,Polyester,Kids Room,Rustic,MTR,"Blackout is a rustic curtain fabric from JDD. It is suitable for kids room use and comes in black with polyester finish. Useful for curtains, upholstery, drapes, cushions, and soft furnishing projects.","{""color"": ""Black"", ""material"": ""Polyester"", ""room"": ""Kids Room"", ""style"": ""Rustic"", ""unit"": ""MTR"", ""size"": ""54''"", ""series"": ""307""}",blackout fabric curtain fabric jdd black polyester kids room rustic curtain fabric upholstery cloth drape textile material,"April 16, 2026"
PRD34812,FWC264847,Blackout Na,Fabric,Curtain Fabric,JDD,570,3.5,4,3,low_stock,TRUE,Current,Black,Polyester,Hotel Room,Rustic,MTR,"Blackout is a rustic curtain fabric from JDD. It is suitable for hotel room use and comes in black with polyester finish. Useful for curtains, upholstery, drapes, cushions, and soft furnishing projects.","{""color"": ""Black"", ""material"": ""Polyester"", ""room"": ""Hotel Room"", ""style"": ""Rustic"", ""unit"": ""MTR"", ""size"": ""54''"", ""series"": ""310""}",blackout fabric curtain fabric jdd black polyester hotel room rustic curtain fabric upholstery cloth drape textile material,"April 17, 2026"
PRD32706,FWC149043,Kasol,Fabric,Curtain Fabric,APS,570,4,23,12,in_stock,TRUE,Current,Navy,Velvet,Living Room,Rustic,MTR,"Kasol is a rustic curtain fabric from APS. It is suitable for living room use and comes in navy with velvet finish. Useful for curtains, upholstery, drapes, cushions, and soft furnishing projects.","{""color"": ""Navy"", ""material"": ""Velvet"", ""room"": ""Living Room"", ""style"": ""Rustic"", ""unit"": ""MTR"", ""size"": ""54"", ""series"": ""KAS0011""}",kasol fabric curtain fabric aps navy velvet living room rustic curtain fabric upholstery cloth drape textile material,"April 13, 2026"
PRD34174,FWC207968,Linen Edit Sheers,Fabric,Curtain Fabric,V&J,570,4.2,265,5,in_stock,TRUE,Current,White,Sheer fabric,Bedroom,Minimal,MTR,"Linen Edit Sheers is a minimal curtain fabric from V&J. It is suitable for bedroom use and comes in white with sheer fabric finish. Useful for curtains, upholstery, drapes, cushions, and soft furnishing projects.","{""color"": ""White"", ""material"": ""Sheer fabric"", ""room"": ""Bedroom"", ""style"": ""Minimal"", ""unit"": ""MTR"", ""size"": ""54\"""", ""series"": ""944""}",linen edit sheers fabric curtain fabric v&j white sheer fabric bedroom minimal curtain fabric upholstery cloth drape textile material,"May 5, 2025"
PRD58987,FWC102897,Sheers And Satin Sheer Sa 23208P-140Cms-Plain-56161^Plain Fabric,Fabric,Curtain Fabric,HICF,580,3.8,33,20,in_stock,TRUE,Current,Maroon,Linen blend,Bedroom,Classic,MTR,"Sheers And Satin Sheer Sa 23208P-140Cms-Plain-56161^Plain Fabric is a classic curtain fabric from HICF. It is suitable for bedroom use and comes in maroon with linen blend finish. Useful for curtains, upholstery, drapes, cushions, and soft furnishing projects.","{""color"": ""Maroon"", ""material"": ""Linen blend"", ""room"": ""Bedroom"", ""style"": ""Classic"", ""unit"": ""MTR"", ""size"": ""54\"""", ""series"": ""165""}",sheers and satin sheer sa 23208p-140cms-plain-56161^plain fabric fabric curtain fabric hicf maroon linen blend bedroom classic curtain fabric upholstery cloth drape textile material,"April 30, 2025"
PRD44052,FWC259169,Romania Alba Na,Fabric,Curtain Fabric,SAR,580,4.1,21,0,out_of_stock,TRUE,Current,Maroon,Sheer fabric,Dining Room,Rustic,MTR,"Romania Alba is a rustic curtain fabric from SAR. It is suitable for dining room use and comes in maroon with sheer fabric finish. Useful for curtains, upholstery, drapes, cushions, and soft furnishing projects.","{""color"": ""Maroon"", ""material"": ""Sheer fabric"", ""room"": ""Dining Room"", ""style"": ""Rustic"", ""unit"": ""MTR"", ""size"": ""54''"", ""series"": ""923""}",romania alba fabric curtain fabric sar maroon sheer fabric dining room rustic curtain fabric upholstery cloth drape textile material,"February 16, 2026"
PRD42784,FWC200992,Timeless Traditions Dicey Fabric,Fabric,Curtain Fabric,DDHS,580,4.2,41,12,in_stock,TRUE,Current,Green,Linen blend,Office,Contemporary,MTR,"Timeless Traditions Dicey Fabric is a contemporary curtain fabric from DDHS. It is suitable for office use and comes in green with linen blend finish. Useful for curtains, upholstery, drapes, cushions, and soft furnishing projects.","{""color"": ""Green"", ""material"": ""Linen blend"", ""room"": ""Office"", ""style"": ""Contemporary"", ""unit"": ""MTR"", ""size"": ""54\"""", ""series"": ""14""}",timeless traditions dicey fabric fabric curtain fabric ddhs green linen blend office contemporary curtain fabric upholstery cloth drape textile material,"March 14, 2026"
PRD51186,FWC260973,Alto Natural Sheer Km10336,Fabric,Curtain Fabric,MF,590,3.9,204,5,in_stock,TRUE,Current,Natural,Polyester,Balcony,Scandinavian,MTR,"Alto Natural Sheer Km10336 is a scandinavian curtain fabric from MF. It is suitable for balcony use and comes in natural with polyester finish. Useful for curtains, upholstery, drapes, cushions, and soft furnishing projects.","{""color"": ""Natural"", ""material"": ""Polyester"", ""room"": ""Balcony"", ""style"": ""Scandinavian"", ""unit"": ""MTR"", ""size"": ""54''"", ""series"": ""NSH085""}",alto natural sheer km10336 fabric curtain fabric mf natural polyester balcony scandinavian curtain fabric upholstery cloth drape textile material,"April 22, 2026"
PRD39156,ACC03407,Pn Decor Pn Af Ballmum,Accessories,Artificial Flower,PWDPL,590,4.1,38,8,in_stock,TRUE,Current,Mustard,Ceramic,Living Room,Classic,NOS,Pn Decor Pn Af Ballmum is a classic artificial flower from PWDPL. It is suitable for living room use and comes in mustard with ceramic finish. Suitable for residential and hospitality interiors.,"{""color"": ""Mustard"", ""material"": ""Ceramic"", ""room"": ""Living Room"", ""style"": ""Classic"", ""unit"": ""NOS"", ""series"": ""AFBALLMUM0337""}",pn decor pn af ballmum accessories artificial flower pwdpl mustard ceramic living room classic decor accessories artifact home styling,"June 14, 2024"
PRD31892,FWC148767,Mori,Fabric,Curtain Fabric,APS,620,4,25,50,in_stock,TRUE,Current,Blue,Sheer fabric,Guest Room,Rustic,MTR,"Mori is a rustic curtain fabric from APS. It is suitable for guest room use and comes in blue with sheer fabric finish. Useful for curtains, upholstery, drapes, cushions, and soft furnishing projects.","{""color"": ""Blue"", ""material"": ""Sheer fabric"", ""room"": ""Guest Room"", ""style"": ""Rustic"", ""unit"": ""MTR"", ""size"": ""54"", ""series"": ""MOR0018""}",mori fabric curtain fabric aps blue sheer fabric guest room rustic curtain fabric upholstery cloth drape textile material,"April 20, 2026"
PRD59977,FWC224833,Contract Shsrd75502Y-140Plain75982,Fabric,Curtain Fabric,Generic,620,3.9,51,5,in_stock,TRUE,Current,Maroon,Cotton blend,Living Room,Contemporary,MTR,"Contract Shsrd75502Y-140Plain75982 is a contemporary curtain fabric from Generic. It is suitable for living room use and comes in maroon with cotton blend finish. Useful for curtains, upholstery, drapes, cushions, and soft furnishing projects.","{""color"": ""Maroon"", ""material"": ""Cotton blend"", ""room"": ""Living Room"", ""style"": ""Contemporary"", ""unit"": ""MTR"", ""size"": ""54''"", ""series"": ""36""}",contract shsrd75502y-140plain75982 fabric curtain fabric nan maroon cotton blend living room contemporary curtain fabric upholstery cloth drape textile material,"April 13, 2026"
PRD34505,FWC254006,Nexa Amber,Fabric,Curtain Fabric,ASP,620,4.5,99,1,low_stock,TRUE,Current,Natural,Blackout fabric,Dining Room,Rustic,MTR,"Nexa Amber is a rustic curtain fabric from ASP. It is suitable for dining room use and comes in natural with blackout fabric finish. Useful for curtains, upholstery, drapes, cushions, and soft furnishing projects.","{""color"": ""Natural"", ""material"": ""Blackout fabric"", ""room"": ""Dining Room"", ""style"": ""Rustic"", ""unit"": ""MTR"", ""size"": ""48''"", ""series"": ""NA""}",nexa amber fabric curtain fabric asp natural blackout fabric dining room rustic curtain fabric upholstery cloth drape textile material,"June 25, 2025"
PRD57221,FWC179934,Clove 11554 Dmsk,Fabric,Curtain Fabric,DL,620,4.4,40,35,in_stock,TRUE,Current,Pink,Polyester,Hotel Room,Traditional,MTR,"Clove 11554 Dmsk is a traditional curtain fabric from DL. It is suitable for hotel room use and comes in pink with polyester finish. Useful for curtains, upholstery, drapes, cushions, and soft furnishing projects.","{""color"": ""Pink"", ""material"": ""Polyester"", ""room"": ""Hotel Room"", ""style"": ""Traditional"", ""unit"": ""MTR"", ""size"": ""54\"""", ""series"": ""CLOV - 029""}",clove 11554 dmsk fabric curtain fabric dl pink polyester hotel room traditional curtain fabric upholstery cloth drape textile material,"February 6, 2026"
PRD34050,FWC207065,Alma,Fabric,Curtain Fabric,SAR,620,4.3,9,5,in_stock,TRUE,Current,Walnut,Velvet,Living Room,Classic,MTR,"Alma is a classic curtain fabric from SAR. It is suitable for living room use and comes in walnut with velvet finish. Useful for curtains, upholstery, drapes, cushions, and soft furnishing projects.","{""color"": ""Walnut"", ""material"": ""Velvet"", ""room"": ""Living Room"", ""style"": ""Classic"", ""unit"": ""MTR"", ""size"": ""54\"""", ""series"": ""1103-101""}",alma fabric curtain fabric sar walnut velvet living room classic curtain fabric upholstery cloth drape textile material,"February 9, 2026"
PRD39648,FWC234469,Aara Natural Sheer Km-5699,Fabric,Curtain Fabric,MF,620,4.1,22,20,in_stock,TRUE,Current,Natural,Cotton blend,Dining Room,Modern,MTR,"Aara Natural Sheer Km-5699 is a modern curtain fabric from MF. It is suitable for dining room use and comes in natural with cotton blend finish. Useful for curtains, upholstery, drapes, cushions, and soft furnishing projects.","{""color"": ""Natural"", ""material"": ""Cotton blend"", ""room"": ""Dining Room"", ""style"": ""Modern"", ""unit"": ""MTR"", ""size"": ""54''"", ""series"": ""NSH056""}",aara natural sheer km-5699 fabric curtain fabric mf natural cotton blend dining room modern curtain fabric upholstery cloth drape textile material,"March 12, 2026"
PRD56310,BLD20443,Fifty 50 Zebra Blind Zebra Manual Classic With Steel Ball Chain,Blinds,Readymade Blinds,APS,630,3.9,72,5,in_stock,TRUE,Current,Ivory,Aluminium,Dining Room,Traditional,SFT,"Fifty 50 Zebra Blind Zebra Manual Classic With Steel Ball Chain is a traditional readymade blinds from APS. It is suitable for dining room use and comes in ivory with aluminium finish. Designed for privacy, daylight control, and window styling.","{""color"": ""Ivory"", ""material"": ""Aluminium"", ""room"": ""Dining Room"", ""style"": ""Traditional"", ""unit"": ""SFT"", ""size"": ""NA"", ""series"": ""NA""}",fifty 50 zebra blind zebra manual classic with steel ball chain blinds readymade blinds aps ivory aluminium dining room traditional window blinds shade venetian roller privacy light control,"September 4, 2025"
PRD41563,FWC231569,Essence Matte Jacqaurds Na,Fabric,Curtain Fabric,V&J,630,4.1,67,35,in_stock,TRUE,Current,Natural,Polyester,Living Room,Rustic,MTR,"Essence Matte Jacqaurds is a rustic curtain fabric from V&J. It is suitable for living room use and comes in natural with polyester finish. Useful for curtains, upholstery, drapes, cushions, and soft furnishing projects.","{""color"": ""Natural"", ""material"": ""Polyester"", ""room"": ""Living Room"", ""style"": ""Rustic"", ""unit"": ""MTR"", ""size"": ""54''"", ""series"": ""104""}",essence matte jacqaurds fabric curtain fabric v&j natural polyester living room rustic curtain fabric upholstery cloth drape textile material,"May 21, 2025"
PRD34174,FWC207942,Linen Edit Sheers,Fabric,Curtain Fabric,V&J,630,4,26,20,in_stock,TRUE,Current,Brown,Linen blend,Living Room,Contemporary,MTR,"Linen Edit Sheers is a contemporary curtain fabric from V&J. It is suitable for living room use and comes in brown with linen blend finish. Useful for curtains, upholstery, drapes, cushions, and soft furnishing projects.","{""color"": ""Brown"", ""material"": ""Linen blend"", ""room"": ""Living Room"", ""style"": ""Contemporary"", ""unit"": ""MTR"", ""size"": ""54\"""", ""series"": ""918""}",linen edit sheers fabric curtain fabric v&j brown linen blend living room contemporary curtain fabric upholstery cloth drape textile material,"August 12, 2025"
PRD31663,FWC230439,Indian Motifs Excel,Fabric,Curtain Fabric,AZ,640,4.6,20,35,in_stock,TRUE,Current,Black,Polyester,Office,Classic,MTR,"Indian Motifs Excel is a classic curtain fabric from AZ. It is suitable for office use and comes in black with polyester finish. Useful for curtains, upholstery, drapes, cushions, and soft furnishing projects.","{""color"": ""Black"", ""material"": ""Polyester"", ""room"": ""Office"", ""style"": ""Classic"", ""unit"": ""MTR"", ""size"": ""54''"", ""series"": ""427""}",indian motifs excel fabric curtain fabric az black polyester office classic curtain fabric upholstery cloth drape textile material,"April 14, 2026"
PRD16525,HDW5843,Stainless Steel Collection 22Mm Finial Axis,Hardware,Finials,AERO,640,4.1,51,5,in_stock,TRUE,Current,Pink,Brass,Guest Room,Minimal,NOS,Stainless Steel Collection 22Mm Finial Axis is a minimal finials from AERO. It is suitable for guest room use and comes in pink with brass finish. Suitable for residential and hospitality interiors.,"{""color"": ""Pink"", ""material"": ""Brass"", ""room"": ""Guest Room"", ""style"": ""Minimal"", ""unit"": ""NOS"", ""size"": ""22MM""}",stainless steel collection 22mm finial axis hardware finials aero pink brass guest room minimal curtain rod finial track hardware fittings,"March 31, 2025"
PRD45495,FWC163628,Treillis Trimming Srd53601-M140-10 Cm Fabric,Fabric,Curtain Fabric,HICF,650,4.3,17,0,out_of_stock,TRUE,Current,Beige,Polyester,Dining Room,Minimal,MTR,"Treillis Trimming Srd53601-M140-10 Cm Fabric is a minimal curtain fabric from HICF. It is suitable for dining room use and comes in beige with polyester finish. Useful for curtains, upholstery, drapes, cushions, and soft furnishing projects.","{""color"": ""Beige"", ""material"": ""Polyester"", ""room"": ""Dining Room"", ""style"": ""Minimal"", ""unit"": ""MTR"", ""size"": ""54\"""", ""series"": ""45""}",treillis trimming srd53601-m140-10 cm fabric fabric curtain fabric hicf beige polyester dining room minimal curtain fabric upholstery cloth drape textile material,"February 18, 2026"
PRD31684,FWC148944,Landour,Fabric,Curtain Fabric,APS,660,4.8,64,50,in_stock,TRUE,Current,Grey,Jacquard,Living Room,Minimal,MTR,"Landour is a minimal curtain fabric from APS. It is suitable for living room use and comes in grey with jacquard finish. Useful for curtains, upholstery, drapes, cushions, and soft furnishing projects.","{""color"": ""Grey"", ""material"": ""Jacquard"", ""room"": ""Living Room"", ""style"": ""Minimal"", ""unit"": ""MTR"", ""size"": ""54\"""", ""series"": ""LAN0037""}",landour fabric curtain fabric aps grey jacquard living room minimal curtain fabric upholstery cloth drape textile material,"December 13, 2025"
PRD31684,FWC149014,Landour,Fabric,Curtain Fabric,APS,660,3.8,5,8,in_stock,TRUE,Current,Blue,Sheer fabric,Kids Room,Traditional,MTR,"Landour is a traditional curtain fabric from APS. It is suitable for kids room use and comes in blue with sheer fabric finish. Useful for curtains, upholstery, drapes, cushions, and soft furnishing projects.","{""color"": ""Blue"", ""material"": ""Sheer fabric"", ""room"": ""Kids Room"", ""style"": ""Traditional"", ""unit"": ""MTR"", ""size"": ""54\"""", ""series"": ""LAN0108""}",landour fabric curtain fabric aps blue sheer fabric kids room traditional curtain fabric upholstery cloth drape textile material,"February 23, 2026"
PRD45394,FWC207776,Fantasia,Fabric,Curtain Fabric,KC,670,4.4,41,12,in_stock,TRUE,Current,Red,Blackout fabric,Office,Rustic,MTR,"Fantasia is a rustic curtain fabric from KC. It is suitable for office use and comes in red with blackout fabric finish. Useful for curtains, upholstery, drapes, cushions, and soft furnishing projects.","{""color"": ""Red"", ""material"": ""Blackout fabric"", ""room"": ""Office"", ""style"": ""Rustic"", ""unit"": ""MTR"", ""size"": ""54"", ""series"": ""39516""}",fantasia fabric curtain fabric kc red blackout fabric office rustic curtain fabric upholstery cloth drape textile material,"April 20, 2026"
PRD02881,FWC172833,Lisabel,Fabric,Curtain Fabric,SAR,670,4.1,7,20,in_stock,TRUE,Current,Grey,Polyester,Bedroom,Traditional,MTR,"Lisabel is a traditional curtain fabric from SAR. It is suitable for bedroom use and comes in grey with polyester finish. Useful for curtains, upholstery, drapes, cushions, and soft furnishing projects.","{""color"": ""Grey"", ""material"": ""Polyester"", ""room"": ""Bedroom"", ""style"": ""Traditional"", ""unit"": ""MTR"", ""size"": ""54""}",lisabel fabric curtain fabric sar grey polyester bedroom traditional curtain fabric upholstery cloth drape textile material,"April 22, 2026"
PRD57006,FWC207530,Melisa Plain,Fabric,Curtain Fabric,SAR,670,3.4,140,0,out_of_stock,TRUE,Current,White,Blackout fabric,Living Room,Scandinavian,MTR,"Melisa Plain is a scandinavian curtain fabric from SAR. It is suitable for living room use and comes in white with blackout fabric finish. Useful for curtains, upholstery, drapes, cushions, and soft furnishing projects.","{""color"": ""White"", ""material"": ""Blackout fabric"", ""room"": ""Living Room"", ""style"": ""Scandinavian"", ""unit"": ""MTR"", ""size"": ""54\"""", ""series"": ""708""}",melisa plain fabric curtain fabric sar white blackout fabric living room scandinavian curtain fabric upholstery cloth drape textile material,"August 14, 2025"
PRD56576,FWC252338,Silverwave Vellara Gothic,Fabric,Curtain Fabric,DDHF,670,3.9,14,35,in_stock,TRUE,Current,Silver,Polyester,Office,Scandinavian,MTR,"Silverwave Vellara Gothic is a scandinavian curtain fabric from DDHF. It is suitable for office use and comes in silver with polyester finish. Useful for curtains, upholstery, drapes, cushions, and soft furnishing projects.","{""color"": ""Silver"", ""material"": ""Polyester"", ""room"": ""Office"", ""style"": ""Scandinavian"", ""unit"": ""MTR"", ""size"": ""54''"", ""series"": ""17""}",silverwave vellara gothic fabric curtain fabric ddhf silver polyester office scandinavian curtain fabric upholstery cloth drape textile material,"September 13, 2025"
PRD54866,FMT01843,Door Mat Pp Carpet Unique,Mats,Door Mat,UC,670,4.4,89,1,low_stock,TRUE,Current,Brown,Microfiber,Balcony,Luxury,NOS,"Door Mat Pp Carpet Unique is a luxury door mat from UC. It is suitable for balcony use and comes in brown with microfiber finish. Useful near entrances, bathrooms, kitchens, and high-footfall areas.","{""color"": ""Brown"", ""material"": ""Microfiber"", ""room"": ""Balcony"", ""style"": ""Luxury"", ""unit"": ""NOS"", ""size"": ""40X60""}",door mat pp carpet unique mats door mat uc brown microfiber balcony luxury mat doormat carpet floor entrance anti slip,"March 31, 2025"
PRD55673,FWC224847,Contract,Fabric,Curtain Fabric,DDCF,670,4.2,11,1,low_stock,TRUE,Current,Maroon,Polyester,Living Room,Luxury,MTR,"Contract is a luxury curtain fabric from DDCF. It is suitable for living room use and comes in maroon with polyester finish. Useful for curtains, upholstery, drapes, cushions, and soft furnishing projects.","{""color"": ""Maroon"", ""material"": ""Polyester"", ""room"": ""Living Room"", ""style"": ""Luxury"", ""unit"": ""MTR"", ""size"": ""54''"", ""series"": ""50""}",contract fabric curtain fabric ddcf maroon polyester living room luxury curtain fabric upholstery cloth drape textile material,"February 7, 2026"
PRD33246,FWC231361,Grass Roots Na,Fabric,Curtain Fabric,V&J,680,4.3,52,0,out_of_stock,TRUE,Current,Grey,Jacquard,Kids Room,Rustic,MTR,"Grass Roots is a rustic curtain fabric from V&J. It is suitable for kids room use and comes in grey with jacquard finish. Useful for curtains, upholstery, drapes, cushions, and soft furnishing projects.","{""color"": ""Grey"", ""material"": ""Jacquard"", ""room"": ""Kids Room"", ""style"": ""Rustic"", ""unit"": ""MTR"", ""size"": ""54''"", ""series"": ""441""}",grass roots fabric curtain fabric v&j grey jacquard kids room rustic curtain fabric upholstery cloth drape textile material,"April 15, 2026"
PRD33246,FWC231359,Grass Roots Na,Fabric,Curtain Fabric,V&J,680,3.6,4,1,low_stock,TRUE,Current,Walnut,Blackout fabric,Bedroom,Rustic,MTR,"Grass Roots is a rustic curtain fabric from V&J. It is suitable for bedroom use and comes in walnut with blackout fabric finish. Useful for curtains, upholstery, drapes, cushions, and soft furnishing projects.","{""color"": ""Walnut"", ""material"": ""Blackout fabric"", ""room"": ""Bedroom"", ""style"": ""Rustic"", ""unit"": ""MTR"", ""size"": ""54''"", ""series"": ""439""}",grass roots fabric curtain fabric v&j walnut blackout fabric bedroom rustic curtain fabric upholstery cloth drape textile material,"April 15, 2026"
PRD44428,FWC187653,Le Lin-5 Riga,Fabric,Curtain Fabric,V&J,680,3.9,89,20,in_stock,TRUE,Current,Navy,Linen blend,Guest Room,Contemporary,MTR,"Le Lin-5 Riga is a contemporary curtain fabric from V&J. It is suitable for guest room use and comes in navy with linen blend finish. Useful for curtains, upholstery, drapes, cushions, and soft furnishing projects.","{""color"": ""Navy"", ""material"": ""Linen blend"", ""room"": ""Guest Room"", ""style"": ""Contemporary"", ""unit"": ""MTR"", ""size"": ""54\"""", ""series"": ""527""}",le lin-5 riga fabric curtain fabric v&j navy linen blend guest room contemporary curtain fabric upholstery cloth drape textile material,"March 4, 2026"
PRD42211,FWC243337,Lelin Edited Collection-2 Na,Fabric,Curtain Fabric,V&J,680,4.3,101,1,low_stock,TRUE,Current,Beige,Cotton blend,Bedroom,Rustic,MTR,"Lelin Edited Collection-2 is a rustic curtain fabric from V&J. It is suitable for bedroom use and comes in beige with cotton blend finish. Useful for curtains, upholstery, drapes, cushions, and soft furnishing projects.","{""color"": ""Beige"", ""material"": ""Cotton blend"", ""room"": ""Bedroom"", ""style"": ""Rustic"", ""unit"": ""MTR"", ""size"": ""54''"", ""series"": ""220""}",lelin edited collection-2 fabric curtain fabric v&j beige cotton blend bedroom rustic curtain fabric upholstery cloth drape textile material,"April 11, 2026"
PRD44001,FWC216547,Moral Linen Brasso D-11 Fw35,Fabric,Curtain Fabric,BSMPL,680,4,19,8,in_stock,TRUE,Current,Ivory,Polyester,Balcony,Modern,MTR,"Moral Linen Brasso D-11 Fw35 is a modern curtain fabric from BSMPL. It is suitable for balcony use and comes in ivory with polyester finish. Useful for curtains, upholstery, drapes, cushions, and soft furnishing projects.","{""color"": ""Ivory"", ""material"": ""Polyester"", ""room"": ""Balcony"", ""style"": ""Modern"", ""unit"": ""MTR"", ""size"": ""48\""""}",moral linen brasso d-11 fw35 fabric curtain fabric bsmpl ivory polyester balcony modern curtain fabric upholstery cloth drape textile material,"July 17, 2024"
PRD35170,FWC254438,Palma Na,Fabric,Curtain Fabric,V&J,700,4.3,8,8,in_stock,TRUE,Current,Maroon,Cotton blend,Guest Room,Contemporary,MTR,"Palma is a contemporary curtain fabric from V&J. It is suitable for guest room use and comes in maroon with cotton blend finish. Useful for curtains, upholstery, drapes, cushions, and soft furnishing projects.","{""color"": ""Maroon"", ""material"": ""Cotton blend"", ""room"": ""Guest Room"", ""style"": ""Contemporary"", ""unit"": ""MTR"", ""size"": ""54''"", ""series"": ""415""}",palma fabric curtain fabric v&j maroon cotton blend guest room contemporary curtain fabric upholstery cloth drape textile material,"May 2, 2026"
PRD56702,FWC244108,Bible Of Texture Ambition Brume,Fabric,Curtain Fabric,DDHS,700,4.3,22,20,in_stock,TRUE,Current,Charcoal,Sheer fabric,Kids Room,Traditional,MTR,"Bible Of Texture Ambition Brume is a traditional curtain fabric from DDHS. It is suitable for kids room use and comes in charcoal with sheer fabric finish. Useful for curtains, upholstery, drapes, cushions, and soft furnishing projects.","{""color"": ""Charcoal"", ""material"": ""Sheer fabric"", ""room"": ""Kids Room"", ""style"": ""Traditional"", ""unit"": ""MTR"", ""size"": ""54''"", ""series"": ""5""}",bible of texture ambition brume fabric curtain fabric ddhs charcoal sheer fabric kids room traditional curtain fabric upholstery cloth drape textile material,"April 18, 2026"
PRD32706,FWC149060,Kasol,Fabric,Curtain Fabric,APS,710,4.4,12,5,in_stock,TRUE,Current,Green,Velvet,Bedroom,Traditional,MTR,"Kasol is a traditional curtain fabric from APS. It is suitable for bedroom use and comes in green with velvet finish. Useful for curtains, upholstery, drapes, cushions, and soft furnishing projects.","{""color"": ""Green"", ""material"": ""Velvet"", ""room"": ""Bedroom"", ""style"": ""Traditional"", ""unit"": ""MTR"", ""size"": ""54\"""", ""series"": ""KAS0028""}",kasol fabric curtain fabric aps green velvet bedroom traditional curtain fabric upholstery cloth drape textile material,"July 25, 2025"
PRD53139,FWC235787,Swadesh Na,Fabric,Curtain Fabric,KC,720,4.2,59,3,low_stock,TRUE,Current,Charcoal,Velvet,Office,Rustic,MTR,"Swadesh is a rustic curtain fabric from KC. It is suitable for office use and comes in charcoal with velvet finish. Useful for curtains, upholstery, drapes, cushions, and soft furnishing projects.","{""color"": ""Charcoal"", ""material"": ""Velvet"", ""room"": ""Office"", ""style"": ""Rustic"", ""unit"": ""MTR"", ""size"": ""54''"", ""series"": ""47211""}",swadesh fabric curtain fabric kc charcoal velvet office rustic curtain fabric upholstery cloth drape textile material,"July 25, 2025"
PRD37550,FWC182073,Le Lin 3,Fabric,Curtain Fabric,V&J,720,4.2,8,50,in_stock,TRUE,Current,Walnut,Cotton blend,Guest Room,Modern,MTR,"Le Lin 3 is a modern curtain fabric from V&J. It is suitable for guest room use and comes in walnut with cotton blend finish. Useful for curtains, upholstery, drapes, cushions, and soft furnishing projects.","{""color"": ""Walnut"", ""material"": ""Cotton blend"", ""room"": ""Guest Room"", ""style"": ""Modern"", ""unit"": ""MTR"", ""size"": ""54\"""", ""series"": ""341""}",le lin 3 fabric curtain fabric v&j walnut cotton blend guest room modern curtain fabric upholstery cloth drape textile material,"March 21, 2026"
PRD37056,FMT02311,Doormat Flame M05Da,Mats,Door Mat,EFIPL,720,4.9,31,50,in_stock,TRUE,Current,Black,Jute,Office,Contemporary,NOS,"Doormat Flame M05Da is a contemporary door mat from EFIPL. It is suitable for office use and comes in black with jute finish. Useful near entrances, bathrooms, kitchens, and high-footfall areas.","{""color"": ""Black"", ""material"": ""Jute"", ""room"": ""Office"", ""style"": ""Contemporary"", ""unit"": ""NOS"", ""size"": ""40X60""}",doormat flame m05da mats door mat efipl black jute office contemporary mat doormat carpet floor entrance anti slip,"February 14, 2022"
PRD55503,FWC153088,Classic Sheers Sheer Sa 33700Y-140Cms Fabric,Fabric,Curtain Fabric,HICF,720,4.9,8,12,in_stock,TRUE,Current,Ivory,Jacquard,Bedroom,Contemporary,MTR,"Classic Sheers Sheer Sa 33700Y-140Cms Fabric is a contemporary curtain fabric from HICF. It is suitable for bedroom use and comes in ivory with jacquard finish. Useful for curtains, upholstery, drapes, cushions, and soft furnishing projects.","{""color"": ""Ivory"", ""material"": ""Jacquard"", ""room"": ""Bedroom"", ""style"": ""Contemporary"", ""unit"": ""MTR"", ""size"": ""54\"""", ""series"": ""114""}",classic sheers sheer sa 33700y-140cms fabric fabric curtain fabric hicf ivory jacquard bedroom contemporary curtain fabric upholstery cloth drape textile material,"October 28, 2025"
PRD44370,FWC230625,Misty D-10 Fw50,Fabric,Curtain Fabric,BSMPL,730,4.1,58,12,in_stock,TRUE,Current,Pink,Velvet,Kids Room,Classic,MTR,"Misty D-10 Fw50 is a classic curtain fabric from BSMPL. It is suitable for kids room use and comes in pink with velvet finish. Useful for curtains, upholstery, drapes, cushions, and soft furnishing projects.","{""color"": ""Pink"", ""material"": ""Velvet"", ""room"": ""Kids Room"", ""style"": ""Classic"", ""unit"": ""MTR"", ""size"": ""48''""}",misty d-10 fw50 fabric curtain fabric bsmpl pink velvet kids room classic curtain fabric upholstery cloth drape textile material,"September 26, 2024"
PRD43589,FWC234293,Dusky Natural Sunshield Plain,Fabric,Curtain Fabric,MF,740,3.9,10,12,in_stock,TRUE,Current,Natural,Sheer fabric,Balcony,Rustic,MTR,"Dusky Natural Sunshield Plain is a rustic curtain fabric from MF. It is suitable for balcony use and comes in natural with sheer fabric finish. Useful for curtains, upholstery, drapes, cushions, and soft furnishing projects.","{""color"": ""Natural"", ""material"": ""Sheer fabric"", ""room"": ""Balcony"", ""style"": ""Rustic"", ""unit"": ""MTR"", ""size"": ""54''"", ""series"": ""DSK005""}",dusky natural sunshield plain fabric curtain fabric mf natural sheer fabric balcony rustic curtain fabric upholstery cloth drape textile material,"December 8, 2025"
PRD02633,FWC174676,Jaipur,Fabric,Curtain Fabric,DP,740,4.5,2,8,in_stock,TRUE,Current,Charcoal,Sheer fabric,Guest Room,Contemporary,MTR,"Jaipur is a contemporary curtain fabric from DP. It is suitable for guest room use and comes in charcoal with sheer fabric finish. Useful for curtains, upholstery, drapes, cushions, and soft furnishing projects.","{""color"": ""Charcoal"", ""material"": ""Sheer fabric"", ""room"": ""Guest Room"", ""style"": ""Contemporary"", ""unit"": ""MTR"", ""size"": ""54""}",jaipur fabric curtain fabric dp charcoal sheer fabric guest room contemporary curtain fabric upholstery cloth drape textile material,"April 11, 2026"
PRD39170,FWC198826,Simple Sheers Sheer Sa 68087Y-140Cms Fabric,Fabric,Curtain Fabric,HICF,740,4.3,158,0,out_of_stock,TRUE,Current,Blue,Jacquard,Balcony,Minimal,MTR,"Simple Sheers Sheer Sa 68087Y-140Cms Fabric is a minimal curtain fabric from HICF. It is suitable for balcony use and comes in blue with jacquard finish. Useful for curtains, upholstery, drapes, cushions, and soft furnishing projects.","{""color"": ""Blue"", ""material"": ""Jacquard"", ""room"": ""Balcony"", ""style"": ""Minimal"", ""unit"": ""MTR"", ""size"": ""54\"""", ""series"": ""45""}",simple sheers sheer sa 68087y-140cms fabric fabric curtain fabric hicf blue jacquard balcony minimal curtain fabric upholstery cloth drape textile material,"May 31, 2025"
PRD53668,FWC233883,Azure Modern Weaves Na,Fabric,Curtain Fabric,V&J,740,4.3,58,5,in_stock,TRUE,Current,Black,Polyester,Guest Room,Traditional,MTR,"Azure Modern Weaves is a traditional curtain fabric from V&J. It is suitable for guest room use and comes in black with polyester finish. Useful for curtains, upholstery, drapes, cushions, and soft furnishing projects.","{""color"": ""Black"", ""material"": ""Polyester"", ""room"": ""Guest Room"", ""style"": ""Traditional"", ""unit"": ""MTR"", ""size"": ""54''"", ""series"": ""713""}",azure modern weaves fabric curtain fabric v&j black polyester guest room traditional curtain fabric upholstery cloth drape textile material,"August 25, 2025"
PRD43589,FWC234294,Dusky Natural Sunshield Plain,Fabric,Curtain Fabric,MF,740,3.7,150,3,low_stock,TRUE,Current,Natural,Sheer fabric,Dining Room,Rustic,MTR,"Dusky Natural Sunshield Plain is a rustic curtain fabric from MF. It is suitable for dining room use and comes in natural with sheer fabric finish. Useful for curtains, upholstery, drapes, cushions, and soft furnishing projects.","{""color"": ""Natural"", ""material"": ""Sheer fabric"", ""room"": ""Dining Room"", ""style"": ""Rustic"", ""unit"": ""MTR"", ""size"": ""54''"", ""series"": ""DSK006""}",dusky natural sunshield plain fabric curtain fabric mf natural sheer fabric dining room rustic curtain fabric upholstery cloth drape textile material,"February 13, 2026"
PRD57046,FWC261192,Bunkar Na,Fabric,Curtain Fabric,PFM,750,4.1,14,35,in_stock,TRUE,Current,Red,Jacquard,Living Room,Rustic,MTR,"Bunkar is a rustic curtain fabric from PFM. It is suitable for living room use and comes in red with jacquard finish. Useful for curtains, upholstery, drapes, cushions, and soft furnishing projects.","{""color"": ""Red"", ""material"": ""Jacquard"", ""room"": ""Living Room"", ""style"": ""Rustic"", ""unit"": ""MTR"", ""size"": ""54''"", ""series"": ""42008""}",bunkar fabric curtain fabric pfm red jacquard living room rustic curtain fabric upholstery cloth drape textile material,"November 18, 2025"
PRD40007,FWC217359,Savannah Plain,Fabric,Curtain Fabric,SAR,760,3.6,89,20,in_stock,TRUE,Current,Charcoal,Linen blend,Office,Traditional,MTR,"Savannah Plain is a traditional curtain fabric from SAR. It is suitable for office use and comes in charcoal with linen blend finish. Useful for curtains, upholstery, drapes, cushions, and soft furnishing projects.","{""color"": ""Charcoal"", ""material"": ""Linen blend"", ""room"": ""Office"", ""style"": ""Traditional"", ""unit"": ""MTR"", ""size"": ""54''"", ""series"": ""908""}",savannah plain fabric curtain fabric sar charcoal linen blend office traditional curtain fabric upholstery cloth drape textile material,"March 28, 2026"
PRD33703,FWC156785,Dior Plain,Fabric,Curtain Fabric,SAR,760,4.2,27,50,in_stock,TRUE,Current,Natural,Blackout fabric,Kids Room,Scandinavian,MTR,"Dior Plain is a scandinavian curtain fabric from SAR. It is suitable for kids room use and comes in natural with blackout fabric finish. Useful for curtains, upholstery, drapes, cushions, and soft furnishing projects.","{""color"": ""Natural"", ""material"": ""Blackout fabric"", ""room"": ""Kids Room"", ""style"": ""Scandinavian"", ""unit"": ""MTR"", ""size"": ""54\""""}",dior plain fabric curtain fabric sar natural blackout fabric kids room scandinavian curtain fabric upholstery cloth drape textile material,"January 1, 2026"
PRD37550,FWC182043,Le Lin 3,Fabric,Curtain Fabric,V&J,760,3.6,10,8,in_stock,TRUE,Current,Beige,Jacquard,Hotel Room,Luxury,MTR,"Le Lin 3 is a luxury curtain fabric from V&J. It is suitable for hotel room use and comes in beige with jacquard finish. Useful for curtains, upholstery, drapes, cushions, and soft furnishing projects.","{""color"": ""Beige"", ""material"": ""Jacquard"", ""room"": ""Hotel Room"", ""style"": ""Luxury"", ""unit"": ""MTR"", ""size"": ""54\"""", ""series"": ""311""}",le lin 3 fabric curtain fabric v&j beige jacquard hotel room luxury curtain fabric upholstery cloth drape textile material,"June 30, 2025"
PRD31684,FWC148996,Landour,Fabric,Curtain Fabric,APS,760,4.2,28,0,out_of_stock,TRUE,Current,Navy,Velvet,Hotel Room,Minimal,MTR,"Landour is a minimal curtain fabric from APS. It is suitable for hotel room use and comes in navy with velvet finish. Useful for curtains, upholstery, drapes, cushions, and soft furnishing projects.","{""color"": ""Navy"", ""material"": ""Velvet"", ""room"": ""Hotel Room"", ""style"": ""Minimal"", ""unit"": ""MTR"", ""size"": ""54\"""", ""series"": ""LAN0090""}",landour fabric curtain fabric aps navy velvet hotel room minimal curtain fabric upholstery cloth drape textile material,"September 4, 2025"
PRD57010,FWC235614,Petit Weaves Artwork,Fabric,Curtain Fabric,DDHS,760,4.2,21,50,in_stock,TRUE,Current,Beige,Sheer fabric,Bedroom,Rustic,MTR,"Petit Weaves Artwork is a rustic curtain fabric from DDHS. It is suitable for bedroom use and comes in beige with sheer fabric finish. Useful for curtains, upholstery, drapes, cushions, and soft furnishing projects.","{""color"": ""Beige"", ""material"": ""Sheer fabric"", ""room"": ""Bedroom"", ""style"": ""Rustic"", ""unit"": ""MTR"", ""size"": ""54''"", ""series"": ""3""}",petit weaves artwork fabric curtain fabric ddhs beige sheer fabric bedroom rustic curtain fabric upholstery cloth drape textile material,"April 26, 2025"
PRD32458,FWC148499,Esplanade,Fabric,Curtain Fabric,APS,760,4,3,20,in_stock,TRUE,Current,Gold,Velvet,Kids Room,Classic,MTR,"Esplanade is a classic curtain fabric from APS. It is suitable for kids room use and comes in gold with velvet finish. Useful for curtains, upholstery, drapes, cushions, and soft furnishing projects.","{""color"": ""Gold"", ""material"": ""Velvet"", ""room"": ""Kids Room"", ""style"": ""Classic"", ""unit"": ""MTR"", ""size"": ""54\"""", ""series"": ""ESP0038""}",esplanade fabric curtain fabric aps gold velvet kids room classic curtain fabric upholstery cloth drape textile material,"October 13, 2025"
PRD49428,FMT05540,Door Mat Omns Budget Soft,Mats,Door Mat,KMOPL,760,4.2,35,1,low_stock,TRUE,Current,Ivory,Rubber,Balcony,Luxury,NOS,"Door Mat Omns Budget Soft is a luxury door mat from KMOPL. It is suitable for balcony use and comes in ivory with rubber finish. Useful near entrances, bathrooms, kitchens, and high-footfall areas.","{""color"": ""Ivory"", ""material"": ""Rubber"", ""room"": ""Balcony"", ""style"": ""Luxury"", ""unit"": ""NOS"", ""size"": ""40x60"", ""series"": ""FW50""}",door mat omns budget soft mats door mat kmopl ivory rubber balcony luxury mat doormat carpet floor entrance anti slip,"January 12, 2026"
PRD57134,FWC95386,Madison,Fabric,Curtain Fabric,KC,770,4.5,109,3,low_stock,TRUE,Current,White,Blackout fabric,Office,Minimal,MTR,"Madison is a minimal curtain fabric from KC. It is suitable for office use and comes in white with blackout fabric finish. Useful for curtains, upholstery, drapes, cushions, and soft furnishing projects.","{""color"": ""White"", ""material"": ""Blackout fabric"", ""room"": ""Office"", ""style"": ""Minimal"", ""unit"": ""MTR"", ""size"": ""54\"""", ""series"": ""22017""}",madison fabric curtain fabric kc white blackout fabric office minimal curtain fabric upholstery cloth drape textile material,"June 23, 2025"
PRD55121,FWC254378,Origin Collection Curtain Couture-1 Na,Fabric,Curtain Fabric,V&J,770,4.3,8,5,in_stock,TRUE,Current,Pink,Cotton blend,Living Room,Luxury,MTR,"Origin Collection Curtain Couture-1 is a luxury curtain fabric from V&J. It is suitable for living room use and comes in pink with cotton blend finish. Useful for curtains, upholstery, drapes, cushions, and soft furnishing projects.","{""color"": ""Pink"", ""material"": ""Cotton blend"", ""room"": ""Living Room"", ""style"": ""Luxury"", ""unit"": ""MTR"", ""size"": ""54''"", ""series"": ""140""}",origin collection curtain couture-1 fabric curtain fabric v&j pink cotton blend living room luxury curtain fabric upholstery cloth drape textile material,"August 29, 2025"
PRD50175,FWC217187,Aaron Plain Texture,Fabric,Curtain Fabric,SAR,770,4.2,110,8,in_stock,TRUE,Current,Grey,Jacquard,Bedroom,Scandinavian,MTR,"Aaron Plain Texture is a scandinavian curtain fabric from SAR. It is suitable for bedroom use and comes in grey with jacquard finish. Useful for curtains, upholstery, drapes, cushions, and soft furnishing projects.","{""color"": ""Grey"", ""material"": ""Jacquard"", ""room"": ""Bedroom"", ""style"": ""Scandinavian"", ""unit"": ""MTR"", ""size"": ""54''"", ""series"": ""709""}",aaron plain texture fabric curtain fabric sar grey jacquard bedroom scandinavian curtain fabric upholstery cloth drape textile material,"November 14, 2025"
PRD36654,FWC258804,Maria - Jacquards Na,Fabric,Curtain Fabric,V&J,770,4.9,138,20,in_stock,TRUE,Current,Navy,Jacquard,Office,Traditional,MTR,"Maria - Jacquards is a traditional curtain fabric from V&J. It is suitable for office use and comes in navy with jacquard finish. Useful for curtains, upholstery, drapes, cushions, and soft furnishing projects.","{""color"": ""Navy"", ""material"": ""Jacquard"", ""room"": ""Office"", ""style"": ""Traditional"", ""unit"": ""MTR"", ""size"": ""54"", ""series"": ""640""}",maria - jacquards fabric curtain fabric v&j navy jacquard office traditional curtain fabric upholstery cloth drape textile material,"April 4, 2026"
PRD48202,FWC232108,Organics Na,Fabric,Curtain Fabric,V&J,780,3.8,14,35,in_stock,TRUE,Current,Maroon,Jacquard,Guest Room,Luxury,MTR,"Organics is a luxury curtain fabric from V&J. It is suitable for guest room use and comes in maroon with jacquard finish. Useful for curtains, upholstery, drapes, cushions, and soft furnishing projects.","{""color"": ""Maroon"", ""material"": ""Jacquard"", ""room"": ""Guest Room"", ""style"": ""Luxury"", ""unit"": ""MTR"", ""size"": ""54''"", ""series"": ""631""}",organics fabric curtain fabric v&j maroon jacquard guest room luxury curtain fabric upholstery cloth drape textile material,"January 6, 2026"
PRD41550,FWC182105,Le Lin 2,Fabric,Curtain Fabric,V&J,780,4.4,90,0,out_of_stock,TRUE,Current,Blue,Polyester,Living Room,Classic,MTR,"Le Lin 2 is a classic curtain fabric from V&J. It is suitable for living room use and comes in blue with polyester finish. Useful for curtains, upholstery, drapes, cushions, and soft furnishing projects.","{""color"": ""Blue"", ""material"": ""Polyester"", ""room"": ""Living Room"", ""style"": ""Classic"", ""unit"": ""MTR"", ""size"": ""54"", ""series"": ""220""}",le lin 2 fabric curtain fabric v&j blue polyester living room classic curtain fabric upholstery cloth drape textile material,"April 14, 2026"
PRD33246,FWC231338,Grass Roots Na,Fabric,Curtain Fabric,V&J,780,4,13,12,in_stock,TRUE,Current,Ivory,Blackout fabric,Guest Room,Luxury,MTR,"Grass Roots is a luxury curtain fabric from V&J. It is suitable for guest room use and comes in ivory with blackout fabric finish. Useful for curtains, upholstery, drapes, cushions, and soft furnishing projects.","{""color"": ""Ivory"", ""material"": ""Blackout fabric"", ""room"": ""Guest Room"", ""style"": ""Luxury"", ""unit"": ""MTR"", ""size"": ""54''"", ""series"": ""418""}",grass roots fabric curtain fabric v&j ivory blackout fabric guest room luxury curtain fabric upholstery cloth drape textile material,"May 6, 2025"
PRD43452,FWC245153,Carlos-1 Texture Curtain,Fabric,Curtain Fabric,SAR,790,4.5,2,0,out_of_stock,TRUE,Current,Navy,Polyester,Hotel Room,Modern,MTR,"Carlos-1 Texture Curtain is a modern curtain fabric from SAR. It is suitable for hotel room use and comes in navy with polyester finish. Useful for curtains, upholstery, drapes, cushions, and soft furnishing projects.","{""color"": ""Navy"", ""material"": ""Polyester"", ""room"": ""Hotel Room"", ""style"": ""Modern"", ""unit"": ""MTR"", ""size"": ""54''"", ""series"": ""GRENWAY-103""}",carlos-1 texture curtain fabric curtain fabric sar navy polyester hotel room modern curtain fabric upholstery cloth drape textile material,"April 16, 2026"
PRD56210,FWC181363,Breeze Ockhi,Fabric,Curtain Fabric,APS,790,4.5,17,5,in_stock,TRUE,Current,Olive,Velvet,Office,Classic,MTR,"Breeze Ockhi is a classic curtain fabric from APS. It is suitable for office use and comes in olive with velvet finish. Useful for curtains, upholstery, drapes, cushions, and soft furnishing projects.","{""color"": ""Olive"", ""material"": ""Velvet"", ""room"": ""Office"", ""style"": ""Classic"", ""unit"": ""MTR"", ""size"": ""54\"""", ""series"": ""BREEZ07""}",breeze ockhi fabric curtain fabric aps olive velvet office classic curtain fabric upholstery cloth drape textile material,"November 8, 2025"
PRD47811,ACC05295,Pn Decor Pn Af,Accessories,Artifacts,PWDPL,790,4.7,21,5,in_stock,TRUE,Current,Maroon,Wood,Dining Room,Scandinavian,NOS,Pn Decor Pn Af is a scandinavian artifacts from PWDPL. It is suitable for dining room use and comes in maroon with wood finish. Suitable for residential and hospitality interiors.,"{""color"": ""Maroon"", ""material"": ""Wood"", ""room"": ""Dining Room"", ""style"": ""Scandinavian"", ""unit"": ""NOS""}",pn decor pn af accessories artifacts pwdpl maroon wood dining room scandinavian decor accessories artifact home styling,"March 30, 2025"
PRD37550,FWC182069,Le Lin 3,Fabric,Curtain Fabric,V&J,800,4.5,28,5,in_stock,TRUE,Current,Ivory,Sheer fabric,Kids Room,Scandinavian,MTR,"Le Lin 3 is a scandinavian curtain fabric from V&J. It is suitable for kids room use and comes in ivory with sheer fabric finish. Useful for curtains, upholstery, drapes, cushions, and soft furnishing projects.","{""color"": ""Ivory"", ""material"": ""Sheer fabric"", ""room"": ""Kids Room"", ""style"": ""Scandinavian"", ""unit"": ""MTR"", ""size"": ""54"", ""series"": ""337""}",le lin 3 fabric curtain fabric v&j ivory sheer fabric kids room scandinavian curtain fabric upholstery cloth drape textile material,"April 11, 2026"
PRD51371,FWC235732,Kashmiri Na,Fabric,Curtain Fabric,KC,800,3.6,18,35,in_stock,TRUE,Current,Ivory,Velvet,Guest Room,Scandinavian,MTR,"Kashmiri is a scandinavian curtain fabric from KC. It is suitable for guest room use and comes in ivory with velvet finish. Useful for curtains, upholstery, drapes, cushions, and soft furnishing projects.","{""color"": ""Ivory"", ""material"": ""Velvet"", ""room"": ""Guest Room"", ""style"": ""Scandinavian"", ""unit"": ""MTR"", ""size"": ""48''"", ""series"": ""45022""}",kashmiri fabric curtain fabric kc ivory velvet guest room scandinavian curtain fabric upholstery cloth drape textile material,"April 6, 2026"
PRD51371,FWC235743,Kashmiri Na,Fabric,Curtain Fabric,KC,800,4.1,31,8,in_stock,TRUE,Current,Beige,Polyester,Hotel Room,Scandinavian,MTR,"Kashmiri is a scandinavian curtain fabric from KC. It is suitable for hotel room use and comes in beige with polyester finish. Useful for curtains, upholstery, drapes, cushions, and soft furnishing projects.","{""color"": ""Beige"", ""material"": ""Polyester"", ""room"": ""Hotel Room"", ""style"": ""Scandinavian"", ""unit"": ""MTR"", ""size"": ""48''"", ""series"": ""45033""}",kashmiri fabric curtain fabric kc beige polyester hotel room scandinavian curtain fabric upholstery cloth drape textile material,"January 16, 2026"
PRD33507,FWC214387,Naturals Vol 5,Fabric,Curtain Fabric,V&J,800,3.7,41,5,in_stock,TRUE,Current,Natural,Linen blend,Office,Rustic,MTR,"Naturals Vol 5 is a rustic curtain fabric from V&J. It is suitable for office use and comes in natural with linen blend finish. Useful for curtains, upholstery, drapes, cushions, and soft furnishing projects.","{""color"": ""Natural"", ""material"": ""Linen blend"", ""room"": ""Office"", ""style"": ""Rustic"", ""unit"": ""MTR"", ""size"": ""54"", ""series"": ""511""}",naturals vol 5 fabric curtain fabric v&j natural linen blend office rustic curtain fabric upholstery cloth drape textile material,"November 5, 2025"
PRD39662,FWC202983,Fortuner 04,Fabric,Curtain Fabric,KDH,810,3.8,34,0,out_of_stock,TRUE,Current,Silver,Blackout fabric,Hotel Room,Luxury,MTR,"Fortuner 04 is a luxury curtain fabric from KDH. It is suitable for hotel room use and comes in silver with blackout fabric finish. Useful for curtains, upholstery, drapes, cushions, and soft furnishing projects.","{""color"": ""Silver"", ""material"": ""Blackout fabric"", ""room"": ""Hotel Room"", ""style"": ""Luxury"", ""unit"": ""MTR"", ""size"": ""54\"""", ""series"": ""474""}",fortuner 04 fabric curtain fabric kdh silver blackout fabric hotel room luxury curtain fabric upholstery cloth drape textile material,"January 5, 2026"
PRD55415,FWC226678,Earthen Lino Vol 2,Fabric,Curtain Fabric,V&J,810,4.1,57,5,in_stock,TRUE,Current,Black,Linen blend,Hotel Room,Classic,MTR,"Earthen Lino Vol 2 is a classic curtain fabric from V&J. It is suitable for hotel room use and comes in black with linen blend finish. Useful for curtains, upholstery, drapes, cushions, and soft furnishing projects.","{""color"": ""Black"", ""material"": ""Linen blend"", ""room"": ""Hotel Room"", ""style"": ""Classic"", ""unit"": ""MTR"", ""size"": ""54''"", ""series"": ""201""}",earthen lino vol 2 fabric curtain fabric v&j black linen blend hotel room classic curtain fabric upholstery cloth drape textile material,"September 1, 2025"
PRD32109,FWC182325,Fortuner Iii,Fabric,Curtain Fabric,KDH,810,4,11,12,in_stock,TRUE,Current,Walnut,Sheer fabric,Balcony,Luxury,MTR,"Fortuner Iii is a luxury curtain fabric from KDH. It is suitable for balcony use and comes in walnut with sheer fabric finish. Useful for curtains, upholstery, drapes, cushions, and soft furnishing projects.","{""color"": ""Walnut"", ""material"": ""Sheer fabric"", ""room"": ""Balcony"", ""style"": ""Luxury"", ""unit"": ""MTR"", ""size"": ""54\"""", ""series"": ""320""}",fortuner iii fabric curtain fabric kdh walnut sheer fabric balcony luxury curtain fabric upholstery cloth drape textile material,"November 12, 2025"
PRD43469,FWC201269,Gulmohar Fabric,Fabric,Curtain Fabric,HICF,820,4,8,0,out_of_stock,TRUE,Current,Mustard,Linen blend,Kids Room,Contemporary,MTR,"Gulmohar Fabric is a contemporary curtain fabric from HICF. It is suitable for kids room use and comes in mustard with linen blend finish. Useful for curtains, upholstery, drapes, cushions, and soft furnishing projects.","{""color"": ""Mustard"", ""material"": ""Linen blend"", ""room"": ""Kids Room"", ""style"": ""Contemporary"", ""unit"": ""MTR"", ""size"": ""54"", ""series"": ""58""}",gulmohar fabric fabric curtain fabric hicf mustard linen blend kids room contemporary curtain fabric upholstery cloth drape textile material,"April 16, 2026"
PRD01198,FWC178881,Ritz 05,Fabric,Curtain Fabric,KDH,820,3.6,16,3,low_stock,TRUE,Current,White,Velvet,Bedroom,Minimal,NOS,"Ritz 05 is a minimal curtain fabric from KDH. It is suitable for bedroom use and comes in white with velvet finish. Useful for curtains, upholstery, drapes, cushions, and soft furnishing projects.","{""color"": ""White"", ""material"": ""Velvet"", ""room"": ""Bedroom"", ""style"": ""Minimal"", ""unit"": ""NOS"", ""size"": ""54\"""", ""series"": ""574""}",ritz 05 fabric curtain fabric kdh white velvet bedroom minimal curtain fabric upholstery cloth drape textile material,"May 9, 2025"
PRD33246,FWC231344,Grass Roots Na,Fabric,Curtain Fabric,V&J,830,4.8,20,5,in_stock,TRUE,Current,Gold,Polyester,Office,Traditional,MTR,"Grass Roots is a traditional curtain fabric from V&J. It is suitable for office use and comes in gold with polyester finish. Useful for curtains, upholstery, drapes, cushions, and soft furnishing projects.","{""color"": ""Gold"", ""material"": ""Polyester"", ""room"": ""Office"", ""style"": ""Traditional"", ""unit"": ""MTR"", ""size"": ""54''"", ""series"": ""424""}",grass roots fabric curtain fabric v&j gold polyester office traditional curtain fabric upholstery cloth drape textile material,"April 22, 2026"
PRD56350,FWC262453,Colorful Silks And Borders 02 Border Na,Fabric,Curtain Fabric,JDD,830,4.3,75,0,out_of_stock,TRUE,Current,Natural,Sheer fabric,Dining Room,Luxury,MTR,"Colorful Silks And Borders 02 Border is a luxury curtain fabric from JDD. It is suitable for dining room use and comes in natural with sheer fabric finish. Useful for curtains, upholstery, drapes, cushions, and soft furnishing projects.","{""color"": ""Natural"", ""material"": ""Sheer fabric"", ""room"": ""Dining Room"", ""style"": ""Luxury"", ""unit"": ""MTR"", ""size"": ""7.5"", ""series"": ""2307""}",colorful silks and borders 02 border fabric curtain fabric jdd natural sheer fabric dining room luxury curtain fabric upholstery cloth drape textile material,"January 1, 2026"
PRD38494,FWC180767,Maharaja Compass,Fabric,Curtain Fabric,V&J,830,4.1,15,1,low_stock,TRUE,Current,Red,Cotton blend,Guest Room,Traditional,MTR,"Maharaja Compass is a traditional curtain fabric from V&J. It is suitable for guest room use and comes in red with cotton blend finish. Useful for curtains, upholstery, drapes, cushions, and soft furnishing projects.","{""color"": ""Red"", ""material"": ""Cotton blend"", ""room"": ""Guest Room"", ""style"": ""Traditional"", ""unit"": ""MTR"", ""size"": ""54\"""", ""series"": ""124""}",maharaja compass fabric curtain fabric v&j red cotton blend guest room traditional curtain fabric upholstery cloth drape textile material,"October 7, 2025"
PRD56417,FWC205158,Alize,Fabric,Curtain Fabric,FFG,830,3.9,37,20,in_stock,TRUE,Current,Red,Linen blend,Hotel Room,Traditional,MTR,"Alize is a traditional curtain fabric from FFG. It is suitable for hotel room use and comes in red with linen blend finish. Useful for curtains, upholstery, drapes, cushions, and soft furnishing projects.","{""color"": ""Red"", ""material"": ""Linen blend"", ""room"": ""Hotel Room"", ""style"": ""Traditional"", ""unit"": ""MTR"", ""size"": ""48\""""}",alize fabric curtain fabric ffg red linen blend hotel room traditional curtain fabric upholstery cloth drape textile material,"July 28, 2025"
PRD37043,FWC169168,Merasa Plain,Fabric,Curtain Fabric,SAR,830,4.1,1,3,low_stock,TRUE,Current,Red,Cotton blend,Office,Traditional,MTR,"Merasa Plain is a traditional curtain fabric from SAR. It is suitable for office use and comes in red with cotton blend finish. Useful for curtains, upholstery, drapes, cushions, and soft furnishing projects.","{""color"": ""Red"", ""material"": ""Cotton blend"", ""room"": ""Office"", ""style"": ""Traditional"", ""unit"": ""MTR"", ""size"": ""54\""""}",merasa plain fabric curtain fabric sar red cotton blend office traditional curtain fabric upholstery cloth drape textile material,"March 31, 2025"
PRD43452,FWC245172,Carlos-1 Texture Curtain,Fabric,Curtain Fabric,SAR,840,3.9,1,12,in_stock,TRUE,Current,Beige,Jacquard,Living Room,Traditional,MTR,"Carlos-1 Texture Curtain is a traditional curtain fabric from SAR. It is suitable for living room use and comes in beige with jacquard finish. Useful for curtains, upholstery, drapes, cushions, and soft furnishing projects.","{""color"": ""Beige"", ""material"": ""Jacquard"", ""room"": ""Living Room"", ""style"": ""Traditional"", ""unit"": ""MTR"", ""size"": ""54''"", ""series"": ""LACE-111""}",carlos-1 texture curtain fabric curtain fabric sar beige jacquard living room traditional curtain fabric upholstery cloth drape textile material,"February 7, 2026"
PRD33581,FWC155196,Creative Basics Iv Satin Cabourg Fabric,Fabric,Curtain Fabric,DDHS,840,4.4,28,20,in_stock,TRUE,Current,Oak,Jacquard,Living Room,Contemporary,MTR,"Creative Basics Iv Satin Cabourg Fabric is a contemporary curtain fabric from DDHS. It is suitable for living room use and comes in oak with jacquard finish. Useful for curtains, upholstery, drapes, cushions, and soft furnishing projects.","{""color"": ""Oak"", ""material"": ""Jacquard"", ""room"": ""Living Room"", ""style"": ""Contemporary"", ""unit"": ""MTR"", ""size"": ""54\"""", ""series"": ""891""}",creative basics iv satin cabourg fabric fabric curtain fabric ddhs oak jacquard living room contemporary curtain fabric upholstery cloth drape textile material,"October 4, 2025"
PRD43541,FWC225413,Eclectic Sheers,Fabric,Curtain Fabric,HICF,840,3.8,21,8,in_stock,TRUE,Current,Blue,Linen blend,Guest Room,Traditional,MTR,"Eclectic Sheers is a traditional curtain fabric from HICF. It is suitable for guest room use and comes in blue with linen blend finish. Useful for curtains, upholstery, drapes, cushions, and soft furnishing projects.","{""color"": ""Blue"", ""material"": ""Linen blend"", ""room"": ""Guest Room"", ""style"": ""Traditional"", ""unit"": ""MTR"", ""size"": ""54''"", ""series"": ""9""}",eclectic sheers fabric curtain fabric hicf blue linen blend guest room traditional curtain fabric upholstery cloth drape textile material,"May 6, 2025"
PRD33581,FWC155183,Creative Basics Iv Satin Cabourg Fabric,Fabric,Curtain Fabric,DDHS,840,3.6,25,8,in_stock,TRUE,Current,Green,Velvet,Office,Scandinavian,MTR,"Creative Basics Iv Satin Cabourg Fabric is a scandinavian curtain fabric from DDHS. It is suitable for office use and comes in green with velvet finish. Useful for curtains, upholstery, drapes, cushions, and soft furnishing projects.","{""color"": ""Green"", ""material"": ""Velvet"", ""room"": ""Office"", ""style"": ""Scandinavian"", ""unit"": ""MTR"", ""size"": ""54\"""", ""series"": ""878""}",creative basics iv satin cabourg fabric fabric curtain fabric ddhs green velvet office scandinavian curtain fabric upholstery cloth drape textile material,"March 31, 2025"
PRD33243,FWC226720,Earthen Lino Vol 1,Fabric,Curtain Fabric,V&J,840,4.1,19,5,in_stock,TRUE,Current,Walnut,Polyester,Balcony,Traditional,MTR,"Earthen Lino Vol 1 is a traditional curtain fabric from V&J. It is suitable for balcony use and comes in walnut with polyester finish. Useful for curtains, upholstery, drapes, cushions, and soft furnishing projects.","{""color"": ""Walnut"", ""material"": ""Polyester"", ""room"": ""Balcony"", ""style"": ""Traditional"", ""unit"": ""MTR"", ""size"": ""54''"", ""series"": ""107""}",earthen lino vol 1 fabric curtain fabric v&j walnut polyester balcony traditional curtain fabric upholstery cloth drape textile material,"March 17, 2026"
PRD32109,FWC182355,Fortuner Iii,Fabric,Curtain Fabric,KDH,840,3.9,6,5,in_stock,TRUE,Current,Navy,Jacquard,Living Room,Traditional,MTR,"Fortuner Iii is a traditional curtain fabric from KDH. It is suitable for living room use and comes in navy with jacquard finish. Useful for curtains, upholstery, drapes, cushions, and soft furnishing projects.","{""color"": ""Navy"", ""material"": ""Jacquard"", ""room"": ""Living Room"", ""style"": ""Traditional"", ""unit"": ""MTR"", ""size"": ""54\"""", ""series"": ""350""}",fortuner iii fabric curtain fabric kdh navy jacquard living room traditional curtain fabric upholstery cloth drape textile material,"May 27, 2025"
PRD55238,FWC172878,Cotton Soft Ii Dicey Fabric,Fabric,Curtain Fabric,DDHS,840,4.2,54,1,low_stock,TRUE,Current,Beige,Linen blend,Guest Room,Minimal,MTR,"Cotton Soft Ii Dicey Fabric is a minimal curtain fabric from DDHS. It is suitable for guest room use and comes in beige with linen blend finish. Useful for curtains, upholstery, drapes, cushions, and soft furnishing projects.","{""color"": ""Beige"", ""material"": ""Linen blend"", ""room"": ""Guest Room"", ""style"": ""Minimal"", ""unit"": ""MTR"", ""size"": ""54\"""", ""series"": ""44""}",cotton soft ii dicey fabric fabric curtain fabric ddhs beige linen blend guest room minimal curtain fabric upholstery cloth drape textile material,"October 6, 2025"
PRD35373,FWC223333,Texture Library - Ii,Fabric,Curtain Fabric,HICF,840,4.1,102,12,in_stock,TRUE,Current,Green,Blackout fabric,Hotel Room,Minimal,MTR,"Texture Library - Ii is a minimal curtain fabric from HICF. It is suitable for hotel room use and comes in green with blackout fabric finish. Useful for curtains, upholstery, drapes, cushions, and soft furnishing projects.","{""color"": ""Green"", ""material"": ""Blackout fabric"", ""room"": ""Hotel Room"", ""style"": ""Minimal"", ""unit"": ""MTR"", ""size"": ""54''"", ""series"": ""274""}",texture library - ii fabric curtain fabric hicf green blackout fabric hotel room minimal curtain fabric upholstery cloth drape textile material,"June 11, 2025"
PRD55200,FWC187422,Le Lin Majestic,Fabric,Curtain Fabric,V&J,840,4.9,61,1,low_stock,TRUE,Current,Natural,Velvet,Living Room,Traditional,MTR,"Le Lin Majestic is a traditional curtain fabric from V&J. It is suitable for living room use and comes in natural with velvet finish. Useful for curtains, upholstery, drapes, cushions, and soft furnishing projects.","{""color"": ""Natural"", ""material"": ""Velvet"", ""room"": ""Living Room"", ""style"": ""Traditional"", ""unit"": ""MTR"", ""size"": ""54\"""", ""series"": ""101""}",le lin majestic fabric curtain fabric v&j natural velvet living room traditional curtain fabric upholstery cloth drape textile material,"December 22, 2025"
PRD33015,FWC182148,Rhino,Fabric,Curtain Fabric,V&J,850,3.8,16,20,in_stock,TRUE,Current,White,Velvet,Living Room,Classic,MTR,"Rhino is a classic curtain fabric from V&J. It is suitable for living room use and comes in white with velvet finish. Useful for curtains, upholstery, drapes, cushions, and soft furnishing projects.","{""color"": ""White"", ""material"": ""Velvet"", ""room"": ""Living Room"", ""style"": ""Classic"", ""unit"": ""MTR"", ""size"": ""54\"""", ""series"": ""6""}",rhino fabric curtain fabric v&j white velvet living room classic curtain fabric upholstery cloth drape textile material,"June 7, 2025"
PRD38520,FWC188728,Le Lin-4 Antila,Fabric,Curtain Fabric,V&J,850,4.6,4,5,in_stock,TRUE,Current,Red,Sheer fabric,Guest Room,Minimal,MTR,"Le Lin-4 Antila is a minimal curtain fabric from V&J. It is suitable for guest room use and comes in red with sheer fabric finish. Useful for curtains, upholstery, drapes, cushions, and soft furnishing projects.","{""color"": ""Red"", ""material"": ""Sheer fabric"", ""room"": ""Guest Room"", ""style"": ""Minimal"", ""unit"": ""MTR"", ""size"": ""54"", ""series"": ""440""}",le lin-4 antila fabric curtain fabric v&j red sheer fabric guest room minimal curtain fabric upholstery cloth drape textile material,"April 15, 2026"
PRD56923,FWC242386,Essential Sheers Na,Fabric,Curtain Fabric,SDD,850,3.7,37,12,in_stock,TRUE,Current,Oak,Blackout fabric,Hotel Room,Minimal,MTR,"Essential Sheers is a minimal curtain fabric from SDD. It is suitable for hotel room use and comes in oak with blackout fabric finish. Useful for curtains, upholstery, drapes, cushions, and soft furnishing projects.","{""color"": ""Oak"", ""material"": ""Blackout fabric"", ""room"": ""Hotel Room"", ""style"": ""Minimal"", ""unit"": ""MTR"", ""size"": ""54''"", ""series"": ""50""}",essential sheers fabric curtain fabric sdd oak blackout fabric hotel room minimal curtain fabric upholstery cloth drape textile material,"May 12, 2025"
PRD57083,FWC186015,Glenmore Matilda,Fabric,Curtain Fabric,APS,850,4,10,1,low_stock,TRUE,Current,Blue,Cotton blend,Balcony,Traditional,MTR,"Glenmore Matilda is a traditional curtain fabric from APS. It is suitable for balcony use and comes in blue with cotton blend finish. Useful for curtains, upholstery, drapes, cushions, and soft furnishing projects.","{""color"": ""Blue"", ""material"": ""Cotton blend"", ""room"": ""Balcony"", ""style"": ""Traditional"", ""unit"": ""MTR"", ""size"": ""54\"""", ""series"": ""GLENM27""}",glenmore matilda fabric curtain fabric aps blue cotton blend balcony traditional curtain fabric upholstery cloth drape textile material,"October 31, 2025"
PRD37110,FWC254262,Turri Na,Fabric,Curtain Fabric,V&J,860,3.9,7,3,low_stock,TRUE,Current,Charcoal,Linen blend,Office,Scandinavian,MTR,"Turri is a scandinavian curtain fabric from V&J. It is suitable for office use and comes in charcoal with linen blend finish. Useful for curtains, upholstery, drapes, cushions, and soft furnishing projects.","{""color"": ""Charcoal"", ""material"": ""Linen blend"", ""room"": ""Office"", ""style"": ""Scandinavian"", ""unit"": ""MTR"", ""size"": ""54''"", ""series"": ""513""}",turri fabric curtain fabric v&j charcoal linen blend office scandinavian curtain fabric upholstery cloth drape textile material,"April 24, 2026"
PRD00720,FWC56855,Cairo,Fabric,Curtain Fabric,SAR,860,3.3,42,3,low_stock,TRUE,Current,Beige,Linen blend,Kids Room,Traditional,MTR,"Cairo is a traditional curtain fabric from SAR. It is suitable for kids room use and comes in beige with linen blend finish. Useful for curtains, upholstery, drapes, cushions, and soft furnishing projects.","{""color"": ""Beige"", ""material"": ""Linen blend"", ""room"": ""Kids Room"", ""style"": ""Traditional"", ""unit"": ""MTR"", ""size"": ""54""}",cairo fabric curtain fabric sar beige linen blend kids room traditional curtain fabric upholstery cloth drape textile material,"February 9, 2026"
PRD01198,FWC178813,Ritz 05,Fabric,Curtain Fabric,KDH,860,4.1,7,50,in_stock,TRUE,Current,Pink,Linen blend,Guest Room,Rustic,NOS,"Ritz 05 is a rustic curtain fabric from KDH. It is suitable for guest room use and comes in pink with linen blend finish. Useful for curtains, upholstery, drapes, cushions, and soft furnishing projects.","{""color"": ""Pink"", ""material"": ""Linen blend"", ""room"": ""Guest Room"", ""style"": ""Rustic"", ""unit"": ""NOS"", ""size"": ""54\"""", ""series"": ""506""}",ritz 05 fabric curtain fabric kdh pink linen blend guest room rustic curtain fabric upholstery cloth drape textile material,"November 28, 2025"
PRD58112,LIN12725,Bedsheet Florida Hudson Set Of 2,Linen,Bedsheet,GPT,860,4.2,27,50,in_stock,TRUE,Current,Grey,Cotton,Hotel Room,Modern,NOS,Bedsheet Florida Hudson Set Of 2 is a modern bedsheet from GPT. It is suitable for hotel room use and comes in grey with cotton finish. Suitable for residential and hospitality interiors.,"{""color"": ""Grey"", ""material"": ""Cotton"", ""room"": ""Hotel Room"", ""style"": ""Modern"", ""unit"": ""NOS"", ""size"": ""1.55X2.35"", ""series"": ""NA""}",bedsheet florida hudson set of 2 linen bedsheet gpt grey cotton hotel room modern bedsheet pillow linen bedding soft furnishing,"June 26, 2025"
PRD01198,FWC178870,Ritz 05,Fabric,Curtain Fabric,KDH,860,4.3,6,5,in_stock,TRUE,Current,Maroon,Sheer fabric,Living Room,Contemporary,NOS,"Ritz 05 is a contemporary curtain fabric from KDH. It is suitable for living room use and comes in maroon with sheer fabric finish. Useful for curtains, upholstery, drapes, cushions, and soft furnishing projects.","{""color"": ""Maroon"", ""material"": ""Sheer fabric"", ""room"": ""Living Room"", ""style"": ""Contemporary"", ""unit"": ""NOS"", ""size"": ""54\"""", ""series"": ""561""}",ritz 05 fabric curtain fabric kdh maroon sheer fabric living room contemporary curtain fabric upholstery cloth drape textile material,"October 27, 2025"
PRD38286,FWC243383,Lelin Edited Collection-1 Na,Fabric,Curtain Fabric,V&J,870,4.9,119,35,in_stock,TRUE,Current,Natural,Polyester,Bedroom,Modern,MTR,"Lelin Edited Collection-1 is a modern curtain fabric from V&J. It is suitable for bedroom use and comes in natural with polyester finish. Useful for curtains, upholstery, drapes, cushions, and soft furnishing projects.","{""color"": ""Natural"", ""material"": ""Polyester"", ""room"": ""Bedroom"", ""style"": ""Modern"", ""unit"": ""MTR"", ""size"": ""54''"", ""series"": ""112""}",lelin edited collection-1 fabric curtain fabric v&j natural polyester bedroom modern curtain fabric upholstery cloth drape textile material,"April 1, 2025"
PRD16657,HDW08365,M Track,Hardware,Curtain Track,ACI,870,3.9,37,5,in_stock,TRUE,Current,Walnut,Steel,Office,Luxury,NOS,M Track is a luxury curtain track from ACI. It is suitable for office use and comes in walnut with steel finish. Suitable for residential and hospitality interiors.,"{""color"": ""Walnut"", ""material"": ""Steel"", ""room"": ""Office"", ""style"": ""Luxury"", ""unit"": ""NOS"", ""size"": ""3FT""}",m track hardware curtain track aci walnut steel office luxury curtain rod finial track hardware fittings,"December 29, 2025"
PRD40681,FWC217891,Toile Velveto,Fabric,Curtain Fabric,DDHS,870,4.2,0,5,in_stock,TRUE,Current,White,Blackout fabric,Living Room,Minimal,MTR,"Toile Velveto is a minimal curtain fabric from DDHS. It is suitable for living room use and comes in white with blackout fabric finish. Useful for curtains, upholstery, drapes, cushions, and soft furnishing projects.","{""color"": ""White"", ""material"": ""Blackout fabric"", ""room"": ""Living Room"", ""style"": ""Minimal"", ""unit"": ""MTR"", ""size"": ""54''"", ""series"": ""2""}",toile velveto fabric curtain fabric ddhs white blackout fabric living room minimal curtain fabric upholstery cloth drape textile material,"September 30, 2025"
PRD40019,FWC179971,Rajbaug Ii,Fabric,Curtain Fabric,SDD,870,4.2,7,3,low_stock,TRUE,Current,Maroon,Polyester,Dining Room,Scandinavian,MTR,"Rajbaug Ii is a scandinavian curtain fabric from SDD. It is suitable for dining room use and comes in maroon with polyester finish. Useful for curtains, upholstery, drapes, cushions, and soft furnishing projects.","{""color"": ""Maroon"", ""material"": ""Polyester"", ""room"": ""Dining Room"", ""style"": ""Scandinavian"", ""unit"": ""MTR"", ""size"": ""54\"""", ""series"": ""216""}",rajbaug ii fabric curtain fabric sdd maroon polyester dining room scandinavian curtain fabric upholstery cloth drape textile material,"May 19, 2025"
PRD42211,FWC242218,Lelin Edited Collection-2 Na,Fabric,Curtain Fabric,V&J,880,3.8,26,5,in_stock,TRUE,Current,Green,Sheer fabric,Bedroom,Luxury,MTR,"Lelin Edited Collection-2 is a luxury curtain fabric from V&J. It is suitable for bedroom use and comes in green with sheer fabric finish. Useful for curtains, upholstery, drapes, cushions, and soft furnishing projects.","{""color"": ""Green"", ""material"": ""Sheer fabric"", ""room"": ""Bedroom"", ""style"": ""Luxury"", ""unit"": ""MTR"", ""size"": ""54''"", ""series"": ""235""}",lelin edited collection-2 fabric curtain fabric v&j green sheer fabric bedroom luxury curtain fabric upholstery cloth drape textile material,"April 15, 2026"
PRD56923,FWC242467,Essential Sheers Na,Fabric,Curtain Fabric,SDD,880,3.9,21,8,in_stock,TRUE,Current,Gold,Jacquard,Balcony,Contemporary,MTR,"Essential Sheers is a contemporary curtain fabric from SDD. It is suitable for balcony use and comes in gold with jacquard finish. Useful for curtains, upholstery, drapes, cushions, and soft furnishing projects.","{""color"": ""Gold"", ""material"": ""Jacquard"", ""room"": ""Balcony"", ""style"": ""Contemporary"", ""unit"": ""MTR"", ""size"": ""54''"", ""series"": ""133""}",essential sheers fabric curtain fabric sdd gold jacquard balcony contemporary curtain fabric upholstery cloth drape textile material,"May 26, 2025"
PRD33857,FWC159799,Best Of Dimouts Ii Dimout Texture Sa 15187-140Cms Fabric,Fabric,Curtain Fabric,HICF,880,3.9,46,5,in_stock,TRUE,Current,Blue,Polyester,Bedroom,Minimal,MTR,"Best Of Dimouts Ii Dimout Texture Sa 15187-140Cms Fabric is a minimal curtain fabric from HICF. It is suitable for bedroom use and comes in blue with polyester finish. Useful for curtains, upholstery, drapes, cushions, and soft furnishing projects.","{""color"": ""Blue"", ""material"": ""Polyester"", ""room"": ""Bedroom"", ""style"": ""Minimal"", ""unit"": ""MTR"", ""size"": ""54\"""", ""series"": ""304""}",best of dimouts ii dimout texture sa 15187-140cms fabric fabric curtain fabric hicf blue polyester bedroom minimal curtain fabric upholstery cloth drape textile material,"February 13, 2026"
PRD16657,HDW08389,M Track,Hardware,Curtain Track,ACI,880,4.3,98,12,in_stock,TRUE,Current,Brown,Brass,Bedroom,Modern,NOS,M Track is a modern curtain track from ACI. It is suitable for bedroom use and comes in brown with brass finish. Suitable for residential and hospitality interiors.,"{""color"": ""Brown"", ""material"": ""Brass"", ""room"": ""Bedroom"", ""style"": ""Modern"", ""unit"": ""NOS"", ""size"": ""5.50FT""}",m track hardware curtain track aci brown brass bedroom modern curtain rod finial track hardware fittings,"September 27, 2025"
PRD33857,FWC159696,Best Of Dimouts Ii Dimout Texture Sa 15187-140Cms Fabric,Fabric,Curtain Fabric,HICF,880,3.5,6,8,in_stock,TRUE,Current,Brown,Linen blend,Guest Room,Traditional,MTR,"Best Of Dimouts Ii Dimout Texture Sa 15187-140Cms Fabric is a traditional curtain fabric from HICF. It is suitable for guest room use and comes in brown with linen blend finish. Useful for curtains, upholstery, drapes, cushions, and soft furnishing projects.","{""color"": ""Brown"", ""material"": ""Linen blend"", ""room"": ""Guest Room"", ""style"": ""Traditional"", ""unit"": ""MTR"", ""size"": ""54\"""", ""series"": ""201""}",best of dimouts ii dimout texture sa 15187-140cms fabric fabric curtain fabric hicf brown linen blend guest room traditional curtain fabric upholstery cloth drape textile material,"January 30, 2026"
PRD38286,FWC242148,Lelin Edited Collection-1 Na,Fabric,Curtain Fabric,V&J,880,4.3,10,35,in_stock,TRUE,Current,Natural,Sheer fabric,Office,Classic,MTR,"Lelin Edited Collection-1 is a classic curtain fabric from V&J. It is suitable for office use and comes in natural with sheer fabric finish. Useful for curtains, upholstery, drapes, cushions, and soft furnishing projects.","{""color"": ""Natural"", ""material"": ""Sheer fabric"", ""room"": ""Office"", ""style"": ""Classic"", ""unit"": ""MTR"", ""size"": ""54''"", ""series"": ""112""}",lelin edited collection-1 fabric curtain fabric v&j natural sheer fabric office classic curtain fabric upholstery cloth drape textile material,"June 20, 2025"
PRD34022,FWC168415,Trendy Sheers Ii,Fabric,Curtain Fabric,KDF,890,4.3,114,35,in_stock,TRUE,Current,Silver,Velvet,Office,Classic,MTR,"Trendy Sheers Ii is a classic curtain fabric from KDF. It is suitable for office use and comes in silver with velvet finish. Useful for curtains, upholstery, drapes, cushions, and soft furnishing projects.","{""color"": ""Silver"", ""material"": ""Velvet"", ""room"": ""Office"", ""style"": ""Classic"", ""unit"": ""MTR"", ""size"": ""54\"""", ""series"": ""277""}",trendy sheers ii fabric curtain fabric kdf silver velvet office classic curtain fabric upholstery cloth drape textile material,"June 9, 2025"
PRD49858,FWC161338,Aboone Plain,Fabric,Curtain Fabric,SAR,890,4.3,12,20,in_stock,TRUE,Current,Beige,Sheer fabric,Balcony,Classic,MTR,"Aboone Plain is a classic curtain fabric from SAR. It is suitable for balcony use and comes in beige with sheer fabric finish. Useful for curtains, upholstery, drapes, cushions, and soft furnishing projects.","{""color"": ""Beige"", ""material"": ""Sheer fabric"", ""room"": ""Balcony"", ""style"": ""Classic"", ""unit"": ""MTR"", ""size"": ""54\""""}",aboone plain fabric curtain fabric sar beige sheer fabric balcony classic curtain fabric upholstery cloth drape textile material,"August 15, 2025"
PRD55263,FWC238740,Color Story-Ivory Na,Fabric,Curtain Fabric,DDCF,890,4,14,3,low_stock,TRUE,Current,Ivory,Blackout fabric,Living Room,Contemporary,MTR,"Color Story-Ivory is a contemporary curtain fabric from DDCF. It is suitable for living room use and comes in ivory with blackout fabric finish. Useful for curtains, upholstery, drapes, cushions, and soft furnishing projects.","{""color"": ""Ivory"", ""material"": ""Blackout fabric"", ""room"": ""Living Room"", ""style"": ""Contemporary"", ""unit"": ""MTR"", ""size"": ""54''"", ""series"": ""20""}",color story-ivory fabric curtain fabric ddcf ivory blackout fabric living room contemporary curtain fabric upholstery cloth drape textile material,"November 8, 2025"
PRD55303,FLG01337,Reducer Wpc Welspun,Flooring,Wooden Profiles,STID,890,4.3,196,20,in_stock,TRUE,Current,Red,Ceramic,Guest Room,Contemporary,NOS,Reducer Wpc Welspun is a contemporary wooden profiles from STID. It is suitable for guest room use and comes in red with ceramic finish. Suitable for residential and hospitality interiors.,"{""color"": ""Red"", ""material"": ""Ceramic"", ""room"": ""Guest Room"", ""style"": ""Contemporary"", ""unit"": ""NOS"", ""size"": ""8FT""}",reducer wpc welspun flooring wooden profiles stid red ceramic guest room contemporary home decor furniture interiors,"November 25, 2025"
PRD55553,FWC252430,August Plain,Fabric,Curtain Fabric,DDHF,900,4.1,56,5,in_stock,TRUE,Current,Navy,Cotton blend,Kids Room,Modern,MTR,"August Plain is a modern curtain fabric from DDHF. It is suitable for kids room use and comes in navy with cotton blend finish. Useful for curtains, upholstery, drapes, cushions, and soft furnishing projects.","{""color"": ""Navy"", ""material"": ""Cotton blend"", ""room"": ""Kids Room"", ""style"": ""Modern"", ""unit"": ""MTR"", ""size"": ""54''"", ""series"": ""14""}",august plain fabric curtain fabric ddhf navy cotton blend kids room modern curtain fabric upholstery cloth drape textile material,"November 13, 2025"
PRD53929,FWC153203,Magnificent 5000240 Fabric,Fabric,Curtain Fabric,DDHS,900,3.4,6,20,in_stock,TRUE,Current,Maroon,Blackout fabric,Guest Room,Scandinavian,MTR,"Magnificent 5000240 Fabric is a scandinavian curtain fabric from DDHS. It is suitable for guest room use and comes in maroon with blackout fabric finish. Useful for curtains, upholstery, drapes, cushions, and soft furnishing projects.","{""color"": ""Maroon"", ""material"": ""Blackout fabric"", ""room"": ""Guest Room"", ""style"": ""Scandinavian"", ""unit"": ""MTR"", ""size"": ""54\"""", ""series"": ""45""}",magnificent 5000240 fabric fabric curtain fabric ddhs maroon blackout fabric guest room scandinavian curtain fabric upholstery cloth drape textile material,"June 2, 2025"
PRD36158,FWC181134,Carolina,Fabric,Curtain Fabric,SAR,900,4.5,7,8,in_stock,TRUE,Current,Beige,Cotton blend,Guest Room,Contemporary,MTR,"Carolina is a contemporary curtain fabric from SAR. It is suitable for guest room use and comes in beige with cotton blend finish. Useful for curtains, upholstery, drapes, cushions, and soft furnishing projects.","{""color"": ""Beige"", ""material"": ""Cotton blend"", ""room"": ""Guest Room"", ""style"": ""Contemporary"", ""unit"": ""MTR"", ""size"": ""54\"""", ""series"": ""17""}",carolina fabric curtain fabric sar beige cotton blend guest room contemporary curtain fabric upholstery cloth drape textile material,"September 29, 2025"
PRD32794,FWC204520,Montreal,Fabric,Curtain Fabric,KC,900,4.3,15,8,in_stock,TRUE,Current,Gold,Sheer fabric,Hotel Room,Minimal,MTR,"Montreal is a minimal curtain fabric from KC. It is suitable for hotel room use and comes in gold with sheer fabric finish. Useful for curtains, upholstery, drapes, cushions, and soft furnishing projects.","{""color"": ""Gold"", ""material"": ""Sheer fabric"", ""room"": ""Hotel Room"", ""style"": ""Minimal"", ""unit"": ""MTR"", ""size"": ""54\"""", ""series"": ""38904""}",montreal fabric curtain fabric kc gold sheer fabric hotel room minimal curtain fabric upholstery cloth drape textile material,"March 10, 2026"
PRD00882,FWC25206,Carolina Plain,Fabric,Curtain Fabric,SAR,900,4.5,22,5,in_stock,TRUE,Current,Oak,Jacquard,Dining Room,Rustic,MTR,"Carolina Plain is a rustic curtain fabric from SAR. It is suitable for dining room use and comes in oak with jacquard finish. Useful for curtains, upholstery, drapes, cushions, and soft furnishing projects.","{""color"": ""Oak"", ""material"": ""Jacquard"", ""room"": ""Dining Room"", ""style"": ""Rustic"", ""unit"": ""MTR"", ""size"": ""48"", ""series"": ""SJ-911""}",carolina plain fabric curtain fabric sar oak jacquard dining room rustic curtain fabric upholstery cloth drape textile material,"March 31, 2025"
PRD56358,FWC161173,Adventure,Fabric,Curtain Fabric,KC,910,3.6,70,12,in_stock,TRUE,Current,Red,Velvet,Hotel Room,Scandinavian,MTR,"Adventure is a scandinavian curtain fabric from KC. It is suitable for hotel room use and comes in red with velvet finish. Useful for curtains, upholstery, drapes, cushions, and soft furnishing projects.","{""color"": ""Red"", ""material"": ""Velvet"", ""room"": ""Hotel Room"", ""style"": ""Scandinavian"", ""unit"": ""MTR"", ""size"": ""54"", ""series"": ""32412""}",adventure fabric curtain fabric kc red velvet hotel room scandinavian curtain fabric upholstery cloth drape textile material,"April 22, 2026"
PRD34942,FWC199410,New Molfino Fabric,Fabric,Curtain Fabric,DDHS,910,4.3,79,1,low_stock,TRUE,Current,Silver,Jacquard,Balcony,Contemporary,MTR,"New Molfino Fabric is a contemporary curtain fabric from DDHS. It is suitable for balcony use and comes in silver with jacquard finish. Useful for curtains, upholstery, drapes, cushions, and soft furnishing projects.","{""color"": ""Silver"", ""material"": ""Jacquard"", ""room"": ""Balcony"", ""style"": ""Contemporary"", ""unit"": ""MTR"", ""size"": ""54"", ""series"": ""38""}",new molfino fabric fabric curtain fabric ddhs silver jacquard balcony contemporary curtain fabric upholstery cloth drape textile material,"March 30, 2026"
PRD55558,FWC174808,Serenity Sheer Sa 13723 Dyed Emb,Fabric,Curtain Fabric,KDF,910,4.2,26,8,in_stock,TRUE,Current,Olive,Blackout fabric,Office,Classic,MTR,"Serenity Sheer Sa 13723 Dyed Emb is a classic curtain fabric from KDF. It is suitable for office use and comes in olive with blackout fabric finish. Useful for curtains, upholstery, drapes, cushions, and soft furnishing projects.","{""color"": ""Olive"", ""material"": ""Blackout fabric"", ""room"": ""Office"", ""style"": ""Classic"", ""unit"": ""MTR"", ""size"": ""54\"""", ""series"": ""DF14""}",serenity sheer sa 13723 dyed emb fabric curtain fabric kdf olive blackout fabric office classic curtain fabric upholstery cloth drape textile material,"June 9, 2025"
PRD04078,FWC50559,Silky Satin Satin Apex Sa 9196 Chintz-140Cms Fabric,Fabric,Curtain Fabric,HICF,920,3.8,8,3,low_stock,TRUE,Current,Green,Linen blend,Hotel Room,Luxury,MTR,"Silky Satin Satin Apex Sa 9196 Chintz-140Cms Fabric is a luxury curtain fabric from HICF. It is suitable for hotel room use and comes in green with linen blend finish. Useful for curtains, upholstery, drapes, cushions, and soft furnishing projects.","{""color"": ""Green"", ""material"": ""Linen blend"", ""room"": ""Hotel Room"", ""style"": ""Luxury"", ""unit"": ""MTR"", ""size"": ""54"", ""series"": ""21""}",silky satin satin apex sa 9196 chintz-140cms fabric fabric curtain fabric hicf green linen blend hotel room luxury curtain fabric upholstery cloth drape textile material,"May 17, 2025"
PRD56358,FWC161177,Adventure,Fabric,Curtain Fabric,KC,920,4.2,11,20,in_stock,TRUE,Current,Pink,Blackout fabric,Hotel Room,Traditional,MTR,"Adventure is a traditional curtain fabric from KC. It is suitable for hotel room use and comes in pink with blackout fabric finish. Useful for curtains, upholstery, drapes, cushions, and soft furnishing projects.","{""color"": ""Pink"", ""material"": ""Blackout fabric"", ""room"": ""Hotel Room"", ""style"": ""Traditional"", ""unit"": ""MTR"", ""size"": ""54"", ""series"": ""32416""}",adventure fabric curtain fabric kc pink blackout fabric hotel room traditional curtain fabric upholstery cloth drape textile material,"May 8, 2026"
PRD33703,FWC156819,Dior Plain,Fabric,Curtain Fabric,SAR,920,4,50,20,in_stock,TRUE,Current,Walnut,Linen blend,Living Room,Scandinavian,MTR,"Dior Plain is a scandinavian curtain fabric from SAR. It is suitable for living room use and comes in walnut with linen blend finish. Useful for curtains, upholstery, drapes, cushions, and soft furnishing projects.","{""color"": ""Walnut"", ""material"": ""Linen blend"", ""room"": ""Living Room"", ""style"": ""Scandinavian"", ""unit"": ""MTR"", ""size"": ""54""}",dior plain fabric curtain fabric sar walnut linen blend living room scandinavian curtain fabric upholstery cloth drape textile material,"April 6, 2026"
PRD50336,FWC155614,Elvis,Fabric,Curtain Fabric,KC,930,4.1,6,20,in_stock,TRUE,Current,Natural,Blackout fabric,Kids Room,Minimal,MTR,"Elvis is a minimal curtain fabric from KC. It is suitable for kids room use and comes in natural with blackout fabric finish. Useful for curtains, upholstery, drapes, cushions, and soft furnishing projects.","{""color"": ""Natural"", ""material"": ""Blackout fabric"", ""room"": ""Kids Room"", ""style"": ""Minimal"", ""unit"": ""MTR"", ""size"": ""54"", ""series"": ""31616""}",elvis fabric curtain fabric kc natural blackout fabric kids room minimal curtain fabric upholstery cloth drape textile material,"April 17, 2026"
PRD40352,FWC219389,Pretoria,Fabric,Curtain Fabric,KC,930,4,10,20,in_stock,TRUE,Current,Red,Jacquard,Office,Contemporary,MTR,"Pretoria is a contemporary curtain fabric from KC. It is suitable for office use and comes in red with jacquard finish. Useful for curtains, upholstery, drapes, cushions, and soft furnishing projects.","{""color"": ""Red"", ""material"": ""Jacquard"", ""room"": ""Office"", ""style"": ""Contemporary"", ""unit"": ""MTR"", ""size"": ""54''"", ""series"": ""41301""}",pretoria fabric curtain fabric kc red jacquard office contemporary curtain fabric upholstery cloth drape textile material,"June 24, 2025"
PRD55167,FWC235272,Watson Na,Fabric,Curtain Fabric,KC,930,4.5,89,12,in_stock,TRUE,Current,Natural,Blackout fabric,Balcony,Contemporary,MTR,"Watson is a contemporary curtain fabric from KC. It is suitable for balcony use and comes in natural with blackout fabric finish. Useful for curtains, upholstery, drapes, cushions, and soft furnishing projects.","{""color"": ""Natural"", ""material"": ""Blackout fabric"", ""room"": ""Balcony"", ""style"": ""Contemporary"", ""unit"": ""MTR"", ""size"": ""48''"", ""series"": ""44416""}",watson fabric curtain fabric kc natural blackout fabric balcony contemporary curtain fabric upholstery cloth drape textile material,"January 3, 2026"
PRD37052,FWC149419,Essentails 40 (Bakshi Velvet Bakshi,Fabric,Curtain Fabric,APS,940,3.6,27,12,in_stock,TRUE,Current,Natural,Linen blend,Balcony,Modern,MTR,"Essentails 40 (Bakshi Velvet Bakshi is a modern curtain fabric from APS. It is suitable for balcony use and comes in natural with linen blend finish. Useful for curtains, upholstery, drapes, cushions, and soft furnishing projects.","{""color"": ""Natural"", ""material"": ""Linen blend"", ""room"": ""Balcony"", ""style"": ""Modern"", ""unit"": ""MTR"", ""size"": ""54\"""", ""series"": ""112380""}",essentails 40 (bakshi velvet bakshi fabric curtain fabric aps natural linen blend balcony modern curtain fabric upholstery cloth drape textile material,"May 26, 2025"
PRD60639,FWC258184,Haven Na,Fabric,Curtain Fabric,PFM,940,3.5,104,5,in_stock,TRUE,Current,White,Velvet,Office,Classic,MTR,"Haven Na is a classic curtain fabric from PFM. It is suitable for office use and comes in white with velvet finish. Useful for curtains, upholstery, drapes, cushions, and soft furnishing projects.","{""color"": ""White"", ""material"": ""Velvet"", ""room"": ""Office"", ""style"": ""Classic"", ""unit"": ""MTR"", ""size"": ""54''"", ""series"": ""53""}",haven na fabric curtain fabric pfm white velvet office classic curtain fabric upholstery cloth drape textile material,"March 27, 2026"
PRD44074,FWC172575,Lucknowi Eon,Fabric,Curtain Fabric,APS,940,4.2,367,8,in_stock,TRUE,Current,Natural,Polyester,Guest Room,Scandinavian,MTR,"Lucknowi Eon is a scandinavian curtain fabric from APS. It is suitable for guest room use and comes in natural with polyester finish. Useful for curtains, upholstery, drapes, cushions, and soft furnishing projects.","{""color"": ""Natural"", ""material"": ""Polyester"", ""room"": ""Guest Room"", ""style"": ""Scandinavian"", ""unit"": ""MTR"", ""size"": ""54\"""", ""series"": ""LUCKN20""}",lucknowi eon fabric curtain fabric aps natural polyester guest room scandinavian curtain fabric upholstery cloth drape textile material,"March 31, 2025"
PRD57437,FWC259226,Picaso Na,Fabric,Curtain Fabric,HKE,940,4.2,44,12,in_stock,TRUE,Current,Beige,Velvet,Office,Scandinavian,MTR,"Picaso is a scandinavian curtain fabric from HKE. It is suitable for office use and comes in beige with velvet finish. Useful for curtains, upholstery, drapes, cushions, and soft furnishing projects.","{""color"": ""Beige"", ""material"": ""Velvet"", ""room"": ""Office"", ""style"": ""Scandinavian"", ""unit"": ""MTR"", ""size"": ""54"", ""series"": ""01""}",picaso fabric curtain fabric hke beige velvet office scandinavian curtain fabric upholstery cloth drape textile material,"October 30, 2025"
PRD54703,FWC204558,Montreal Flame,Fabric,Curtain Fabric,KC,940,4.2,32,12,in_stock,TRUE,Current,Maroon,Sheer fabric,Hotel Room,Scandinavian,MTR,"Montreal Flame is a scandinavian curtain fabric from KC. It is suitable for hotel room use and comes in maroon with sheer fabric finish. Useful for curtains, upholstery, drapes, cushions, and soft furnishing projects.","{""color"": ""Maroon"", ""material"": ""Sheer fabric"", ""room"": ""Hotel Room"", ""style"": ""Scandinavian"", ""unit"": ""MTR"", ""size"": ""54\"""", ""series"": ""307161""}",montreal flame fabric curtain fabric kc maroon sheer fabric hotel room scandinavian curtain fabric upholstery cloth drape textile material,"July 17, 2025"
PRD37052,FWC149415,Essentails 40 (Bakshi Velvet Bakshi,Fabric,Curtain Fabric,APS,940,4.8,88,3,low_stock,TRUE,Current,Walnut,Blackout fabric,Living Room,Classic,MTR,"Essentails 40 (Bakshi Velvet Bakshi is a classic curtain fabric from APS. It is suitable for living room use and comes in walnut with blackout fabric finish. Useful for curtains, upholstery, drapes, cushions, and soft furnishing projects.","{""color"": ""Walnut"", ""material"": ""Blackout fabric"", ""room"": ""Living Room"", ""style"": ""Classic"", ""unit"": ""MTR"", ""size"": ""54\"""", ""series"": ""112374""}",essentails 40 (bakshi velvet bakshi fabric curtain fabric aps walnut blackout fabric living room classic curtain fabric upholstery cloth drape textile material,"May 26, 2025"
PRD52045,FWC255369,Khadi Silk Drapes Bomkai Fwpl,Fabric,Curtain Fabric,APS,950,4.2,22,8,in_stock,TRUE,Current,Black,Linen blend,Office,Traditional,MTR,"Khadi Silk Drapes Bomkai Fwpl is a traditional curtain fabric from APS. It is suitable for office use and comes in black with linen blend finish. Useful for curtains, upholstery, drapes, cushions, and soft furnishing projects.","{""color"": ""Black"", ""material"": ""Linen blend"", ""room"": ""Office"", ""style"": ""Traditional"", ""unit"": ""MTR"", ""size"": ""54''"", ""series"": ""KHAD021""}",khadi silk drapes bomkai fwpl fabric curtain fabric aps black linen blend office traditional curtain fabric upholstery cloth drape textile material,"December 12, 2025"
PRD56065,FWC251932,Brilliantine Plain,Fabric,Curtain Fabric,DDHF,950,3.8,17,35,in_stock,TRUE,Current,Natural,Sheer fabric,Office,Rustic,MTR,"Brilliantine Plain is a rustic curtain fabric from DDHF. It is suitable for office use and comes in natural with sheer fabric finish. Useful for curtains, upholstery, drapes, cushions, and soft furnishing projects.","{""color"": ""Natural"", ""material"": ""Sheer fabric"", ""room"": ""Office"", ""style"": ""Rustic"", ""unit"": ""MTR"", ""size"": ""54''"", ""series"": ""16""}",brilliantine plain fabric curtain fabric ddhf natural sheer fabric office rustic curtain fabric upholstery cloth drape textile material,"November 3, 2025"
PRD58245,FWC196567,Budget Textures Iv Satin Texture Sa 62102Y-140Cms Fabric,Fabric,Curtain Fabric,HICF,950,4.9,35,50,in_stock,TRUE,Current,Pink,Sheer fabric,Kids Room,Scandinavian,MTR,"Budget Textures Iv Satin Texture Sa 62102Y-140Cms Fabric is a scandinavian curtain fabric from HICF. It is suitable for kids room use and comes in pink with sheer fabric finish. Useful for curtains, upholstery, drapes, cushions, and soft furnishing projects.","{""color"": ""Pink"", ""material"": ""Sheer fabric"", ""room"": ""Kids Room"", ""style"": ""Scandinavian"", ""unit"": ""MTR"", ""size"": ""54\"""", ""series"": ""445""}",budget textures iv satin texture sa 62102y-140cms fabric fabric curtain fabric hicf pink sheer fabric kids room scandinavian curtain fabric upholstery cloth drape textile material,"October 10, 2025"
PRD50757,FWC220538,Sarova Satin Texture Sa 49092P Plain,Fabric,Curtain Fabric,SDF,960,4.1,12,5,in_stock,TRUE,Current,Beige,Velvet,Kids Room,Traditional,MTR,"Sarova Satin Texture Sa 49092P Plain is a traditional curtain fabric from SDF. It is suitable for kids room use and comes in beige with velvet finish. Useful for curtains, upholstery, drapes, cushions, and soft furnishing projects.","{""color"": ""Beige"", ""material"": ""Velvet"", ""room"": ""Kids Room"", ""style"": ""Traditional"", ""unit"": ""MTR"", ""size"": ""54\"""", ""series"": ""46""}",sarova satin texture sa 49092p plain fabric curtain fabric sdf beige velvet kids room traditional curtain fabric upholstery cloth drape textile material,"April 23, 2025"
PRD55264,FWC239023,Opel,Fabric,Curtain Fabric,AFNPL,960,4.4,1,20,in_stock,TRUE,Current,Walnut,Sheer fabric,Kids Room,Contemporary,MTR,"Opel is a contemporary curtain fabric from AFNPL. It is suitable for kids room use and comes in walnut with sheer fabric finish. Useful for curtains, upholstery, drapes, cushions, and soft furnishing projects.","{""color"": ""Walnut"", ""material"": ""Sheer fabric"", ""room"": ""Kids Room"", ""style"": ""Contemporary"", ""unit"": ""MTR"", ""size"": ""54\"""", ""series"": ""3""}",opel fabric curtain fabric afnpl walnut sheer fabric kids room contemporary curtain fabric upholstery cloth drape textile material,"September 19, 2025"
PRD55321,FWC186897,Pristine Skylark,Fabric,Curtain Fabric,APS,960,3.7,4,35,in_stock,TRUE,Current,White,Sheer fabric,Hotel Room,Rustic,MTR,"Pristine Skylark is a rustic curtain fabric from APS. It is suitable for hotel room use and comes in white with sheer fabric finish. Useful for curtains, upholstery, drapes, cushions, and soft furnishing projects.","{""color"": ""White"", ""material"": ""Sheer fabric"", ""room"": ""Hotel Room"", ""style"": ""Rustic"", ""unit"": ""MTR"", ""size"": ""54\"""", ""series"": ""PRIST40""}",pristine skylark fabric curtain fabric aps white sheer fabric hotel room rustic curtain fabric upholstery cloth drape textile material,"September 30, 2025"
PRD55238,FWC172863,Cotton Soft Ii Dicey Fabric,Fabric,Curtain Fabric,DDHS,970,3.6,15,12,in_stock,TRUE,Current,Natural,Linen blend,Balcony,Luxury,MTR,"Cotton Soft Ii Dicey Fabric is a luxury curtain fabric from DDHS. It is suitable for balcony use and comes in natural with linen blend finish. Useful for curtains, upholstery, drapes, cushions, and soft furnishing projects.","{""color"": ""Natural"", ""material"": ""Linen blend"", ""room"": ""Balcony"", ""style"": ""Luxury"", ""unit"": ""MTR"", ""size"": ""54"", ""series"": ""29""}",cotton soft ii dicey fabric fabric curtain fabric ddhs natural linen blend balcony luxury curtain fabric upholstery cloth drape textile material,"April 13, 2026"
PRD35922,FMT03771,Door Mat Kayo,Mats,Door Mat,EFIPL,970,4.1,14,8,in_stock,TRUE,Current,Natural,Coir,Office,Contemporary,NOS,"Door Mat Kayo is a contemporary door mat from EFIPL. It is suitable for office use and comes in natural with coir finish. Useful near entrances, bathrooms, kitchens, and high-footfall areas.","{""color"": ""Natural"", ""material"": ""Coir"", ""room"": ""Office"", ""style"": ""Contemporary"", ""unit"": ""NOS"", ""size"": ""40X60""}",door mat kayo mats door mat efipl natural coir office contemporary mat doormat carpet floor entrance anti slip,"July 8, 2024"
PRD55569,FWC242616,Barista Na,Fabric,Curtain Fabric,V&J,970,4.4,16,8,in_stock,TRUE,Current,Grey,Cotton blend,Dining Room,Luxury,MTR,"Barista is a luxury curtain fabric from V&J. It is suitable for dining room use and comes in grey with cotton blend finish. Useful for curtains, upholstery, drapes, cushions, and soft furnishing projects.","{""color"": ""Grey"", ""material"": ""Cotton blend"", ""room"": ""Dining Room"", ""style"": ""Luxury"", ""unit"": ""MTR"", ""size"": ""54''"", ""series"": ""407""}",barista fabric curtain fabric v&j grey cotton blend dining room luxury curtain fabric upholstery cloth drape textile material,"September 25, 2025"
PRD42131,FWC233411,Infinity Sheers 09 Na,Fabric,Curtain Fabric,KDF,970,4.8,69,5,in_stock,TRUE,Current,Grey,Polyester,Hotel Room,Rustic,MTR,"Infinity Sheers 09 is a rustic curtain fabric from KDF. It is suitable for hotel room use and comes in grey with polyester finish. Useful for curtains, upholstery, drapes, cushions, and soft furnishing projects.","{""color"": ""Grey"", ""material"": ""Polyester"", ""room"": ""Hotel Room"", ""style"": ""Rustic"", ""unit"": ""MTR"", ""size"": ""54''"", ""series"": ""9030""}",infinity sheers 09 fabric curtain fabric kdf grey polyester hotel room rustic curtain fabric upholstery cloth drape textile material,"July 29, 2025"
PRD44697,FWC153116,Fleur Ii Teramo Fabric,Fabric,Curtain Fabric,DDHS,980,3.8,35,0,out_of_stock,TRUE,Current,Walnut,Sheer fabric,Balcony,Classic,MTR,"Fleur Ii Teramo Fabric is a classic curtain fabric from DDHS. It is suitable for balcony use and comes in walnut with sheer fabric finish. Useful for curtains, upholstery, drapes, cushions, and soft furnishing projects.","{""color"": ""Walnut"", ""material"": ""Sheer fabric"", ""room"": ""Balcony"", ""style"": ""Classic"", ""unit"": ""MTR"", ""size"": ""54\"""", ""series"": ""218""}",fleur ii teramo fabric fabric curtain fabric ddhs walnut sheer fabric balcony classic curtain fabric upholstery cloth drape textile material,"June 30, 2025"
PRD55453,FWC194660,Aravalli,Fabric,Curtain Fabric,V&J,980,4.1,5,50,in_stock,TRUE,Current,Mustard,Blackout fabric,Office,Rustic,MTR,"Aravalli is a rustic curtain fabric from V&J. It is suitable for office use and comes in mustard with blackout fabric finish. Useful for curtains, upholstery, drapes, cushions, and soft furnishing projects.","{""color"": ""Mustard"", ""material"": ""Blackout fabric"", ""room"": ""Office"", ""style"": ""Rustic"", ""unit"": ""MTR"", ""size"": ""54\"""", ""series"": ""115""}",aravalli fabric curtain fabric v&j mustard blackout fabric office rustic curtain fabric upholstery cloth drape textile material,"November 25, 2025"
PRD36482,FWC202166,Zuri Bribie,Fabric,Curtain Fabric,APS,980,4.2,23,1,low_stock,TRUE,Current,Maroon,Polyester,Kids Room,Minimal,MTR,"Zuri Bribie is a minimal curtain fabric from APS. It is suitable for kids room use and comes in maroon with polyester finish. Useful for curtains, upholstery, drapes, cushions, and soft furnishing projects.","{""color"": ""Maroon"", ""material"": ""Polyester"", ""room"": ""Kids Room"", ""style"": ""Minimal"", ""unit"": ""MTR"", ""size"": ""54\"""", ""series"": ""ZURI012""}",zuri bribie fabric curtain fabric aps maroon polyester kids room minimal curtain fabric upholstery cloth drape textile material,"April 21, 2025"
PRD51224,FWC176025,Fluer Iii Teramo Fabric,Fabric,Curtain Fabric,DDHS,980,4.2,19,12,in_stock,TRUE,Current,Walnut,Linen blend,Living Room,Minimal,MTR,"Fluer Iii Teramo Fabric is a minimal curtain fabric from DDHS. It is suitable for living room use and comes in walnut with linen blend finish. Useful for curtains, upholstery, drapes, cushions, and soft furnishing projects.","{""color"": ""Walnut"", ""material"": ""Linen blend"", ""room"": ""Living Room"", ""style"": ""Minimal"", ""unit"": ""MTR"", ""size"": ""54\"""", ""series"": ""334""}",fluer iii teramo fabric fabric curtain fabric ddhs walnut linen blend living room minimal curtain fabric upholstery cloth drape textile material,"June 6, 2025"
PRD31712,ACC05458,Pn Decor Pn Af,Accessories,Artificial Flower,PWDPL,980,4.1,23,3,low_stock,TRUE,Current,Pink,Ceramic,Living Room,Modern,NOS,Pn Decor Pn Af is a modern artificial flower from PWDPL. It is suitable for living room use and comes in pink with ceramic finish. Suitable for residential and hospitality interiors.,"{""color"": ""Pink"", ""material"": ""Ceramic"", ""room"": ""Living Room"", ""style"": ""Modern"", ""unit"": ""NOS""}",pn decor pn af accessories artificial flower pwdpl pink ceramic living room modern decor accessories artifact home styling,"August 28, 2024"
PRD31712,ACC05457,Pn Decor Pn Af,Accessories,Artificial Flower,PWDPL,980,4.1,11,3,low_stock,TRUE,Current,Red,Artificial silk,Balcony,Minimal,NOS,Pn Decor Pn Af is a minimal artificial flower from PWDPL. It is suitable for balcony use and comes in red with artificial silk finish. Suitable for residential and hospitality interiors.,"{""color"": ""Red"", ""material"": ""Artificial silk"", ""room"": ""Balcony"", ""style"": ""Minimal"", ""unit"": ""NOS""}",pn decor pn af accessories artificial flower pwdpl red artificial silk balcony minimal decor accessories artifact home styling,"August 28, 2024"
PRD37731,FWC182152,Fleur Iii Teramo,Fabric,Curtain Fabric,HICF,980,4.6,1,8,in_stock,TRUE,Current,Maroon,Sheer fabric,Hotel Room,Classic,MTR,"Fleur Iii Teramo is a classic curtain fabric from HICF. It is suitable for hotel room use and comes in maroon with sheer fabric finish. Useful for curtains, upholstery, drapes, cushions, and soft furnishing projects.","{""color"": ""Maroon"", ""material"": ""Sheer fabric"", ""room"": ""Hotel Room"", ""style"": ""Classic"", ""unit"": ""MTR"", ""size"": ""54\"""", ""series"": ""301""}",fleur iii teramo fabric curtain fabric hicf maroon sheer fabric hotel room classic curtain fabric upholstery cloth drape textile material,"July 8, 2025"
PRD55648,FWC222098,Fleur V Teramo,Fabric,Curtain Fabric,DDHS,980,4.6,2,8,in_stock,TRUE,Current,Ivory,Blackout fabric,Living Room,Rustic,MTR,"Fleur V Teramo is a rustic curtain fabric from DDHS. It is suitable for living room use and comes in ivory with blackout fabric finish. Useful for curtains, upholstery, drapes, cushions, and soft furnishing projects.","{""color"": ""Ivory"", ""material"": ""Blackout fabric"", ""room"": ""Living Room"", ""style"": ""Rustic"", ""unit"": ""MTR"", ""size"": ""54''"", ""series"": ""33""}",fleur v teramo fabric curtain fabric ddhs ivory blackout fabric living room rustic curtain fabric upholstery cloth drape textile material,"June 26, 2025"
PRD46978,FWC196206,Kids (Wonderland Farm Checks,Fabric,Curtain Fabric,APS,980,4.3,15,3,low_stock,TRUE,Current,Maroon,Jacquard,Hotel Room,Scandinavian,MTR,"Kids (Wonderland Farm Checks is a scandinavian curtain fabric from APS. It is suitable for hotel room use and comes in maroon with jacquard finish. Useful for curtains, upholstery, drapes, cushions, and soft furnishing projects.","{""color"": ""Maroon"", ""material"": ""Jacquard"", ""room"": ""Hotel Room"", ""style"": ""Scandinavian"", ""unit"": ""MTR"", ""size"": ""54\"""", ""series"": ""WOND028""}",kids (wonderland farm checks fabric curtain fabric aps maroon jacquard hotel room scandinavian curtain fabric upholstery cloth drape textile material,"July 31, 2025"
PRD55453,FWC194689,Aravalli,Fabric,Curtain Fabric,V&J,980,3.7,8,35,in_stock,TRUE,Current,Black,Linen blend,Dining Room,Modern,MTR,"Aravalli is a modern curtain fabric from V&J. It is suitable for dining room use and comes in black with linen blend finish. Useful for curtains, upholstery, drapes, cushions, and soft furnishing projects.","{""color"": ""Black"", ""material"": ""Linen blend"", ""room"": ""Dining Room"", ""style"": ""Modern"", ""unit"": ""MTR"", ""size"": ""54\"""", ""series"": ""144""}",aravalli fabric curtain fabric v&j black linen blend dining room modern curtain fabric upholstery cloth drape textile material,"June 12, 2025"
PRD56085,FWC252409,Pompous Plain,Fabric,Curtain Fabric,DDHF,990,4,18,12,in_stock,TRUE,Current,Ivory,Linen blend,Hotel Room,Classic,MTR,"Pompous Plain is a classic curtain fabric from DDHF. It is suitable for hotel room use and comes in ivory with linen blend finish. Useful for curtains, upholstery, drapes, cushions, and soft furnishing projects.","{""color"": ""Ivory"", ""material"": ""Linen blend"", ""room"": ""Hotel Room"", ""style"": ""Classic"", ""unit"": ""MTR"", ""size"": ""54''"", ""series"": ""15""}",pompous plain fabric curtain fabric ddhf ivory linen blend hotel room classic curtain fabric upholstery cloth drape textile material,"September 22, 2025"
PRD37043,FWC169136,Merasa Plain,Fabric,Curtain Fabric,SAR,990,4.5,81,3,low_stock,TRUE,Current,Green,Blackout fabric,Bedroom,Traditional,MTR,"Merasa Plain is a traditional curtain fabric from SAR. It is suitable for bedroom use and comes in green with blackout fabric finish. Useful for curtains, upholstery, drapes, cushions, and soft furnishing projects.","{""color"": ""Green"", ""material"": ""Blackout fabric"", ""room"": ""Bedroom"", ""style"": ""Traditional"", ""unit"": ""MTR"", ""size"": ""54\""""}",merasa plain fabric curtain fabric sar green blackout fabric bedroom traditional curtain fabric upholstery cloth drape textile material,"September 27, 2025"
PRD40578,FWC268233,Cabbana Na,Fabric,Curtain Fabric,V&J,990,3.9,9,0,out_of_stock,TRUE,Current,Olive,Jacquard,Bedroom,Modern,MTR,"Cabbana is a modern curtain fabric from V&J. It is suitable for bedroom use and comes in olive with jacquard finish. Useful for curtains, upholstery, drapes, cushions, and soft furnishing projects.","{""color"": ""Olive"", ""material"": ""Jacquard"", ""room"": ""Bedroom"", ""style"": ""Modern"", ""unit"": ""MTR"", ""size"": ""54"", ""series"": ""13""}",cabbana fabric curtain fabric v&j olive jacquard bedroom modern curtain fabric upholstery cloth drape textile material,"March 31, 2026"
PRD35950,FWC201052,Infinity Sheers 08,Fabric,Curtain Fabric,KDF,990,4,34,12,in_stock,TRUE,Current,Maroon,Polyester,Dining Room,Rustic,MTR,"Infinity Sheers 08 is a rustic curtain fabric from KDF. It is suitable for dining room use and comes in maroon with polyester finish. Useful for curtains, upholstery, drapes, cushions, and soft furnishing projects.","{""color"": ""Maroon"", ""material"": ""Polyester"", ""room"": ""Dining Room"", ""style"": ""Rustic"", ""unit"": ""MTR"", ""size"": ""54"", ""series"": ""DF827""}",infinity sheers 08 fabric curtain fabric kdf maroon polyester dining room rustic curtain fabric upholstery cloth drape textile material,"May 11, 2026"
PRD35950,FWC200553,Infinity Sheers 08,Fabric,Curtain Fabric,KDF,990,4,15,12,in_stock,TRUE,Current,Grey,Cotton blend,Office,Classic,MTR,"Infinity Sheers 08 is a classic curtain fabric from KDF. It is suitable for office use and comes in grey with cotton blend finish. Useful for curtains, upholstery, drapes, cushions, and soft furnishing projects.","{""color"": ""Grey"", ""material"": ""Cotton blend"", ""room"": ""Office"", ""style"": ""Classic"", ""unit"": ""MTR"", ""size"": ""54"", ""series"": ""DF814""}",infinity sheers 08 fabric curtain fabric kdf grey cotton blend office classic curtain fabric upholstery cloth drape textile material,"April 13, 2026"
PRD41693,FWC176783,Iconic Iii,Fabric,Curtain Fabric,KDF,990,4.4,32,3,low_stock,TRUE,Current,Red,Velvet,Guest Room,Luxury,MTR,"Iconic Iii is a luxury curtain fabric from KDF. It is suitable for guest room use and comes in red with velvet finish. Useful for curtains, upholstery, drapes, cushions, and soft furnishing projects.","{""color"": ""Red"", ""material"": ""Velvet"", ""room"": ""Guest Room"", ""style"": ""Luxury"", ""unit"": ""MTR"", ""size"": ""54\"""", ""series"": ""DF320""}",iconic iii fabric curtain fabric kdf red velvet guest room luxury curtain fabric upholstery cloth drape textile material,"August 29, 2025"
PRD60610,FUR06771,Avi Gh Br Bed Headboard,Bed,Bed,VIX,1000,4.7,6,20,in_stock,TRUE,Current,Green,Metal frame,Hotel Room,Scandinavian,NOS,Avi Gh Br Bed Headboard is a scandinavian bed from VIX. It is suitable for hotel room use and comes in green with metal frame finish. Suitable for residential and hospitality interiors.,"{""color"": ""Green"", ""material"": ""Metal frame"", ""room"": ""Hotel Room"", ""style"": ""Scandinavian"", ""unit"": ""NOS"", ""series"": ""8021""}",avi gh br bed headboard bed bed vix green metal frame hotel room scandinavian bed bedroom furniture sleeping frame,"March 31, 2026"
PRD60611,FUR06772,Avi Gh Br Bed Side Frame,Bed,Bed,VIX,1000,4.4,14,3,low_stock,TRUE,Current,Olive,Upholstered fabric,Guest Room,Rustic,NOS,Avi Gh Br Bed Side Frame is a rustic bed from VIX. It is suitable for guest room use and comes in olive with upholstered fabric finish. Suitable for residential and hospitality interiors.,"{""color"": ""Olive"", ""material"": ""Upholstered fabric"", ""room"": ""Guest Room"", ""style"": ""Rustic"", ""unit"": ""NOS"", ""series"": ""8021""}",avi gh br bed side frame bed bed vix olive upholstered fabric guest room rustic bed bedroom furniture sleeping frame,"March 31, 2026"
PRD55954,FWC178648,Amour,Fabric,Curtain Fabric,SAR,1000,3.6,139,0,out_of_stock,TRUE,Current,Maroon,Velvet,Living Room,Classic,MTR,"Amour is a classic curtain fabric from SAR. It is suitable for living room use and comes in maroon with velvet finish. Useful for curtains, upholstery, drapes, cushions, and soft furnishing projects.","{""color"": ""Maroon"", ""material"": ""Velvet"", ""room"": ""Living Room"", ""style"": ""Classic"", ""unit"": ""MTR"", ""size"": ""54"", ""series"": ""921""}",amour fabric curtain fabric sar maroon velvet living room classic curtain fabric upholstery cloth drape textile material,"April 20, 2026"
PRD55522,FWC200951,Fleur Iv Teramo Fabric,Fabric,Curtain Fabric,DDHS,1000,4,63,35,in_stock,TRUE,Current,Mustard,Blackout fabric,Office,Luxury,MTR,"Fleur Iv Teramo Fabric is a luxury curtain fabric from DDHS. It is suitable for office use and comes in mustard with blackout fabric finish. Useful for curtains, upholstery, drapes, cushions, and soft furnishing projects.","{""color"": ""Mustard"", ""material"": ""Blackout fabric"", ""room"": ""Office"", ""style"": ""Luxury"", ""unit"": ""MTR"", ""size"": ""54\"""", ""series"": ""426""}",fleur iv teramo fabric fabric curtain fabric ddhs mustard blackout fabric office luxury curtain fabric upholstery cloth drape textile material,"May 22, 2025"
PRD44996,FWC218478,Matte Jacquards Ii,Fabric,Curtain Fabric,DDCF,1000,4.6,2,5,in_stock,TRUE,Current,Navy,Linen blend,Bedroom,Minimal,MTR,"Matte Jacquards Ii is a minimal curtain fabric from DDCF. It is suitable for bedroom use and comes in navy with linen blend finish. Useful for curtains, upholstery, drapes, cushions, and soft furnishing projects.","{""color"": ""Navy"", ""material"": ""Linen blend"", ""room"": ""Bedroom"", ""style"": ""Minimal"", ""unit"": ""MTR"", ""size"": ""54''"", ""series"": ""207""}",matte jacquards ii fabric curtain fabric ddcf navy linen blend bedroom minimal curtain fabric upholstery cloth drape textile material,"May 20, 2025"
PRD31863,FWC146116,Lucy,Fabric,Curtain Fabric,KC,1000,3.7,138,5,in_stock,TRUE,Current,Charcoal,Polyester,Dining Room,Classic,MTR,"Lucy is a classic curtain fabric from KC. It is suitable for dining room use and comes in charcoal with polyester finish. Useful for curtains, upholstery, drapes, cushions, and soft furnishing projects.","{""color"": ""Charcoal"", ""material"": ""Polyester"", ""room"": ""Dining Room"", ""style"": ""Classic"", ""unit"": ""MTR"", ""size"": ""48"", ""series"": ""28908""}",lucy fabric curtain fabric kc charcoal polyester dining room classic curtain fabric upholstery cloth drape textile material,"April 20, 2026"
PRD52729,LIN11155,Bedsheet Alpha Al-11-S,Linen,Bedsheet,AE,1000,3.5,11,8,in_stock,TRUE,Current,Gold,Microfiber,Living Room,Traditional,NOS,Bedsheet Alpha Al-11-S is a traditional bedsheet from AE. It is suitable for living room use and comes in gold with microfiber finish. Suitable for residential and hospitality interiors.,"{""color"": ""Gold"", ""material"": ""Microfiber"", ""room"": ""Living Room"", ""style"": ""Traditional"", ""unit"": ""NOS"", ""size"": ""1.52X2.24""}",bedsheet alpha al-11-s linen bedsheet ae gold microfiber living room traditional bedsheet pillow linen bedding soft furnishing,"May 13, 2023"
PRD57320,FWC213425,Sparkle Sparkle Velvet,Fabric,Curtain Fabric,MF,1000,4,31,35,in_stock,TRUE,Current,Green,Jacquard,Hotel Room,Rustic,MTR,"Sparkle Sparkle Velvet is a rustic curtain fabric from MF. It is suitable for hotel room use and comes in green with jacquard finish. Useful for curtains, upholstery, drapes, cushions, and soft furnishing projects.","{""color"": ""Green"", ""material"": ""Jacquard"", ""room"": ""Hotel Room"", ""style"": ""Rustic"", ""unit"": ""MTR"", ""size"": ""54\"""", ""series"": ""13""}",sparkle sparkle velvet fabric curtain fabric mf green jacquard hotel room rustic curtain fabric upholstery cloth drape textile material,"April 3, 2025"
PRD55259,FWC172676,Triumph,Fabric,Curtain Fabric,APS,1000,4.5,19,20,in_stock,TRUE,Current,Black,Cotton blend,Office,Rustic,MTR,"Triumph is a rustic curtain fabric from APS. It is suitable for office use and comes in black with cotton blend finish. Useful for curtains, upholstery, drapes, cushions, and soft furnishing projects.","{""color"": ""Black"", ""material"": ""Cotton blend"", ""room"": ""Office"", ""style"": ""Rustic"", ""unit"": ""MTR"", ""size"": ""54\"""", ""series"": ""TRIUM28""}",triumph fabric curtain fabric aps black cotton blend office rustic curtain fabric upholstery cloth drape textile material,"July 3, 2025"
PRD44996,FWC218512,Matte Jacquards Ii,Fabric,Curtain Fabric,DDCF,1000,4,18,20,in_stock,TRUE,Current,Pink,Sheer fabric,Balcony,Scandinavian,MTR,"Matte Jacquards Ii is a scandinavian curtain fabric from DDCF. It is suitable for balcony use and comes in pink with sheer fabric finish. Useful for curtains, upholstery, drapes, cushions, and soft furnishing projects.","{""color"": ""Pink"", ""material"": ""Sheer fabric"", ""room"": ""Balcony"", ""style"": ""Scandinavian"", ""unit"": ""MTR"", ""size"": ""54''"", ""series"": ""241""}",matte jacquards ii fabric curtain fabric ddcf pink sheer fabric balcony scandinavian curtain fabric upholstery cloth drape textile material,"July 19, 2025"
PRD44697,FWC153110,Fleur Ii Teramo Fabric,Fabric,Curtain Fabric,DDHS,1020,4.9,42,5,in_stock,TRUE,Current,Brown,Cotton blend,Office,Rustic,MTR,"Fleur Ii Teramo Fabric is a rustic curtain fabric from DDHS. It is suitable for office use and comes in brown with cotton blend finish. Useful for curtains, upholstery, drapes, cushions, and soft furnishing projects.","{""color"": ""Brown"", ""material"": ""Cotton blend"", ""room"": ""Office"", ""style"": ""Rustic"", ""unit"": ""MTR"", ""size"": ""54\"""", ""series"": ""212""}",fleur ii teramo fabric fabric curtain fabric ddhs brown cotton blend office rustic curtain fabric upholstery cloth drape textile material,"June 12, 2025"
PRD31712,ACC05802,Pn Decor Pn Af,Accessories,Artificial Flower,PWDPL,1020,4.2,16,5,in_stock,TRUE,Current,Pink,Artificial silk,Office,Traditional,NOS,Pn Decor Pn Af is a traditional artificial flower from PWDPL. It is suitable for office use and comes in pink with artificial silk finish. Suitable for residential and hospitality interiors.,"{""color"": ""Pink"", ""material"": ""Artificial silk"", ""room"": ""Office"", ""style"": ""Traditional"", ""unit"": ""NOS""}",pn decor pn af accessories artificial flower pwdpl pink artificial silk office traditional decor accessories artifact home styling,"March 30, 2025"
PRD51618,FWC255129,Crest Reaches Fwpl,Fabric,Curtain Fabric,APS,1030,3.7,22,50,in_stock,TRUE,Current,Grey,Cotton blend,Office,Minimal,MTR,"Crest Reaches Fwpl is a minimal curtain fabric from APS. It is suitable for office use and comes in grey with cotton blend finish. Useful for curtains, upholstery, drapes, cushions, and soft furnishing projects.","{""color"": ""Grey"", ""material"": ""Cotton blend"", ""room"": ""Office"", ""style"": ""Minimal"", ""unit"": ""MTR"", ""size"": ""54''"", ""series"": ""CRES034""}",crest reaches fwpl fabric curtain fabric aps grey cotton blend office minimal curtain fabric upholstery cloth drape textile material,"October 27, 2025"
PRD44697,FWC153108,Fleur Ii Teramo Fabric,Fabric,Curtain Fabric,DDHS,1030,4.2,6,5,in_stock,TRUE,Current,Charcoal,Linen blend,Dining Room,Classic,MTR,"Fleur Ii Teramo Fabric is a classic curtain fabric from DDHS. It is suitable for dining room use and comes in charcoal with linen blend finish. Useful for curtains, upholstery, drapes, cushions, and soft furnishing projects.","{""color"": ""Charcoal"", ""material"": ""Linen blend"", ""room"": ""Dining Room"", ""style"": ""Classic"", ""unit"": ""MTR"", ""size"": ""54"", ""series"": ""210""}",fleur ii teramo fabric fabric curtain fabric ddhs charcoal linen blend dining room classic curtain fabric upholstery cloth drape textile material,"April 15, 2026"
PRD58139,FWC248859,Capri Stripe D-01 Fw35 Na,Fabric,Curtain Fabric,BSMPL,1030,4.9,44,5,in_stock,TRUE,Current,Natural,Cotton blend,Dining Room,Rustic,MTR,"Capri Stripe D-01 Fw35 is a rustic curtain fabric from BSMPL. It is suitable for dining room use and comes in natural with cotton blend finish. Useful for curtains, upholstery, drapes, cushions, and soft furnishing projects.","{""color"": ""Natural"", ""material"": ""Cotton blend"", ""room"": ""Dining Room"", ""style"": ""Rustic"", ""unit"": ""MTR"", ""size"": ""48''"", ""series"": ""NA""}",capri stripe d-01 fw35 fabric curtain fabric bsmpl natural cotton blend dining room rustic curtain fabric upholstery cloth drape textile material,"April 20, 2025"
PRD55522,FWC200977,Fleur Iv Teramo Fabric,Fabric,Curtain Fabric,DDHS,1030,4.2,59,20,in_stock,TRUE,Current,Walnut,Velvet,Balcony,Scandinavian,MTR,"Fleur Iv Teramo Fabric is a scandinavian curtain fabric from DDHS. It is suitable for balcony use and comes in walnut with velvet finish. Useful for curtains, upholstery, drapes, cushions, and soft furnishing projects.","{""color"": ""Walnut"", ""material"": ""Velvet"", ""room"": ""Balcony"", ""style"": ""Scandinavian"", ""unit"": ""MTR"", ""size"": ""54\"""", ""series"": ""452""}",fleur iv teramo fabric fabric curtain fabric ddhs walnut velvet balcony scandinavian curtain fabric upholstery cloth drape textile material,"November 12, 2025"
PRD50697,FWC138726,Solitude Ii Sheer Srd 73310P Plain,Fabric,Curtain Fabric,SDD,1030,3.8,35,12,in_stock,TRUE,Current,Charcoal,Cotton blend,Hotel Room,Rustic,MTR,"Solitude Ii Sheer Srd 73310P Plain is a rustic curtain fabric from SDD. It is suitable for hotel room use and comes in charcoal with cotton blend finish. Useful for curtains, upholstery, drapes, cushions, and soft furnishing projects.","{""color"": ""Charcoal"", ""material"": ""Cotton blend"", ""room"": ""Hotel Room"", ""style"": ""Rustic"", ""unit"": ""MTR"", ""size"": ""54\"""", ""series"": ""217""}",solitude ii sheer srd 73310p plain fabric curtain fabric sdd charcoal cotton blend hotel room rustic curtain fabric upholstery cloth drape textile material,"June 27, 2025"
PRD34807,FWC220357,The White Window,Fabric,Curtain Fabric,DDCF,1030,3.5,4,35,in_stock,TRUE,Current,White,Sheer fabric,Guest Room,Rustic,MTR,"The White Window is a rustic curtain fabric from DDCF. It is suitable for guest room use and comes in white with sheer fabric finish. Useful for curtains, upholstery, drapes, cushions, and soft furnishing projects.","{""color"": ""White"", ""material"": ""Sheer fabric"", ""room"": ""Guest Room"", ""style"": ""Rustic"", ""unit"": ""MTR"", ""size"": ""54''"", ""series"": ""57""}",the white window fabric curtain fabric ddcf white sheer fabric guest room rustic curtain fabric upholstery cloth drape textile material,"October 16, 2025"
PRD56960,FWC196274,Lounge Textures Easy Fabric,Fabric,Curtain Fabric,DDHS,1040,4,24,8,in_stock,TRUE,Current,Beige,Velvet,Hotel Room,Scandinavian,MTR,"Lounge Textures Easy Fabric is a scandinavian curtain fabric from DDHS. It is suitable for hotel room use and comes in beige with velvet finish. Useful for curtains, upholstery, drapes, cushions, and soft furnishing projects.","{""color"": ""Beige"", ""material"": ""Velvet"", ""room"": ""Hotel Room"", ""style"": ""Scandinavian"", ""unit"": ""MTR"", ""size"": ""54\"""", ""series"": ""34""}",lounge textures easy fabric fabric curtain fabric ddhs beige velvet hotel room scandinavian curtain fabric upholstery cloth drape textile material,"September 24, 2025"
PRD56708,FWC154655,Aqua 04,Fabric,Curtain Fabric,KDH,1040,3.9,4,12,in_stock,TRUE,Current,Silver,Cotton blend,Living Room,Traditional,MTR,"Aqua 04 is a traditional curtain fabric from KDH. It is suitable for living room use and comes in silver with cotton blend finish. Useful for curtains, upholstery, drapes, cushions, and soft furnishing projects.","{""color"": ""Silver"", ""material"": ""Cotton blend"", ""room"": ""Living Room"", ""style"": ""Traditional"", ""unit"": ""MTR"", ""size"": ""54\"""", ""series"": ""445""}",aqua 04 fabric curtain fabric kdh silver cotton blend living room traditional curtain fabric upholstery cloth drape textile material,"June 2, 2025"
PRD32024,FWC223686,Alcazar,Fabric,Curtain Fabric,KDH,1050,4.6,7,5,in_stock,TRUE,Current,Natural,Sheer fabric,Kids Room,Rustic,MTR,"Alcazar is a rustic curtain fabric from KDH. It is suitable for kids room use and comes in natural with sheer fabric finish. Useful for curtains, upholstery, drapes, cushions, and soft furnishing projects.","{""color"": ""Natural"", ""material"": ""Sheer fabric"", ""room"": ""Kids Room"", ""style"": ""Rustic"", ""unit"": ""MTR"", ""size"": ""54''"", ""series"": ""59""}",alcazar fabric curtain fabric kdh natural sheer fabric kids room rustic curtain fabric upholstery cloth drape textile material,"April 16, 2026"
PRD50995,FWC220547,Sarova Satin Texture Sa 34442P Plain,Fabric,Curtain Fabric,SDF,1050,3.8,363,5,in_stock,TRUE,Current,White,Cotton blend,Bedroom,Luxury,MTR,"Sarova Satin Texture Sa 34442P Plain is a luxury curtain fabric from SDF. It is suitable for bedroom use and comes in white with cotton blend finish. Useful for curtains, upholstery, drapes, cushions, and soft furnishing projects.","{""color"": ""White"", ""material"": ""Cotton blend"", ""room"": ""Bedroom"", ""style"": ""Luxury"", ""unit"": ""MTR"", ""size"": ""54\"""", ""series"": ""54""}",sarova satin texture sa 34442p plain fabric curtain fabric sdf white cotton blend bedroom luxury curtain fabric upholstery cloth drape textile material,"June 23, 2025"
PRD59986,FWC232297,Sarova Iii Sheer Sa 13723 Dyed Zari Emb- 377221 377221/Em-1824,Fabric,Curtain Fabric,Generic,1050,4.2,24,12,in_stock,TRUE,Current,Natural,Sheer fabric,Living Room,Rustic,MTR,"Sarova Iii Sheer Sa 13723 Dyed Zari Emb- 377221 377221/Em-1824 is a rustic curtain fabric from Generic. It is suitable for living room use and comes in natural with sheer fabric finish. Useful for curtains, upholstery, drapes, cushions, and soft furnishing projects.","{""color"": ""Natural"", ""material"": ""Sheer fabric"", ""room"": ""Living Room"", ""style"": ""Rustic"", ""unit"": ""MTR"", ""size"": ""48"", ""series"": ""322""}",sarova iii sheer sa 13723 dyed zari emb- 377221 377221/em-1824 fabric curtain fabric nan natural sheer fabric living room rustic curtain fabric upholstery cloth drape textile material,"April 17, 2026"
PRD37731,FWC182198,Fleur Iii Teramo,Fabric,Curtain Fabric,HICF,1050,3.9,22,3,low_stock,TRUE,Current,White,Velvet,Living Room,Minimal,MTR,"Fleur Iii Teramo is a minimal curtain fabric from HICF. It is suitable for living room use and comes in white with velvet finish. Useful for curtains, upholstery, drapes, cushions, and soft furnishing projects.","{""color"": ""White"", ""material"": ""Velvet"", ""room"": ""Living Room"", ""style"": ""Minimal"", ""unit"": ""MTR"", ""size"": ""54\"""", ""series"": ""347""}",fleur iii teramo fabric curtain fabric hicf white velvet living room minimal curtain fabric upholstery cloth drape textile material,"October 3, 2025"
PRD55751,FWC237325,Blackout Jacquards Obsidian,Fabric,Curtain Fabric,DDHS,1070,3.6,59,8,in_stock,TRUE,Current,Black,Jacquard,Hotel Room,Rustic,MTR,"Blackout Jacquards Obsidian is a rustic curtain fabric from DDHS. It is suitable for hotel room use and comes in black with jacquard finish. Useful for curtains, upholstery, drapes, cushions, and soft furnishing projects.","{""color"": ""Black"", ""material"": ""Jacquard"", ""room"": ""Hotel Room"", ""style"": ""Rustic"", ""unit"": ""MTR"", ""size"": ""54''"", ""series"": ""40""}",blackout jacquards obsidian fabric curtain fabric ddhs black jacquard hotel room rustic curtain fabric upholstery cloth drape textile material,"July 16, 2025"
PRD38284,FWC253077,Fleur Vi Teramo_2 Elodie,Fabric,Curtain Fabric,DDHF,1070,4.1,140,20,in_stock,TRUE,Current,Grey,Polyester,Guest Room,Scandinavian,MTR,"Fleur Vi Teramo_2 Elodie is a scandinavian curtain fabric from DDHF. It is suitable for guest room use and comes in grey with polyester finish. Useful for curtains, upholstery, drapes, cushions, and soft furnishing projects.","{""color"": ""Grey"", ""material"": ""Polyester"", ""room"": ""Guest Room"", ""style"": ""Scandinavian"", ""unit"": ""MTR"", ""size"": ""54''"", ""series"": ""33""}",fleur vi teramo_2 elodie fabric curtain fabric ddhf grey polyester guest room scandinavian curtain fabric upholstery cloth drape textile material,"November 29, 2025"
PRD35278,FWC222736,Iconic V,Fabric,Curtain Fabric,KDF,1070,3.6,12,12,in_stock,TRUE,Current,Pink,Cotton blend,Hotel Room,Contemporary,MTR,"Iconic V is a contemporary curtain fabric from KDF. It is suitable for hotel room use and comes in pink with cotton blend finish. Useful for curtains, upholstery, drapes, cushions, and soft furnishing projects.","{""color"": ""Pink"", ""material"": ""Cotton blend"", ""room"": ""Hotel Room"", ""style"": ""Contemporary"", ""unit"": ""MTR"", ""size"": ""54"", ""series"": ""540""}",iconic v fabric curtain fabric kdf pink cotton blend hotel room contemporary curtain fabric upholstery cloth drape textile material,"December 16, 2025"
PRD44193,FWC172960,Satin Jacquards Lineal Fabric,Fabric,Curtain Fabric,DDHS,1070,4.4,58,20,in_stock,TRUE,Current,Blue,Jacquard,Kids Room,Contemporary,MTR,"Satin Jacquards Lineal Fabric is a contemporary curtain fabric from DDHS. It is suitable for kids room use and comes in blue with jacquard finish. Useful for curtains, upholstery, drapes, cushions, and soft furnishing projects.","{""color"": ""Blue"", ""material"": ""Jacquard"", ""room"": ""Kids Room"", ""style"": ""Contemporary"", ""unit"": ""MTR"", ""size"": ""54\"""", ""series"": ""2""}",satin jacquards lineal fabric fabric curtain fabric ddhs blue jacquard kids room contemporary curtain fabric upholstery cloth drape textile material,"May 16, 2025"
PRD35515,FWC222208,Maharaja Capri,Fabric,Curtain Fabric,V&J,1080,3.5,70,5,in_stock,TRUE,Current,Navy,Sheer fabric,Bedroom,Minimal,MTR,"Maharaja Capri is a minimal curtain fabric from V&J. It is suitable for bedroom use and comes in navy with sheer fabric finish. Useful for curtains, upholstery, drapes, cushions, and soft furnishing projects.","{""color"": ""Navy"", ""material"": ""Sheer fabric"", ""room"": ""Bedroom"", ""style"": ""Minimal"", ""unit"": ""MTR"", ""size"": ""54"", ""series"": ""122""}",maharaja capri fabric curtain fabric v&j navy sheer fabric bedroom minimal curtain fabric upholstery cloth drape textile material,"April 14, 2026"
PRD33434,FWC157445,Burgundy Iii Sheer Dby 65907P-300 Fabric,Fabric,Curtain Fabric,HICF,1090,4.1,39,1,low_stock,TRUE,Current,Grey,Linen blend,Guest Room,Scandinavian,MTR,"Burgundy Iii Sheer Dby 65907P-300 Fabric is a scandinavian curtain fabric from HICF. It is suitable for guest room use and comes in grey with linen blend finish. Useful for curtains, upholstery, drapes, cushions, and soft furnishing projects.","{""color"": ""Grey"", ""material"": ""Linen blend"", ""room"": ""Guest Room"", ""style"": ""Scandinavian"", ""unit"": ""MTR"", ""size"": ""54\"""", ""series"": ""322""}",burgundy iii sheer dby 65907p-300 fabric fabric curtain fabric hicf grey linen blend guest room scandinavian curtain fabric upholstery cloth drape textile material,"June 18, 2025"
PRD35716,FMT04264,Shower Bathmat Fredy Taupe,Mats,Bath Mats,EFIPL,1100,4.5,22,3,low_stock,TRUE,Current,Red,Microfiber,Guest Room,Modern,NOS,"Shower Bathmat Fredy Taupe is a modern bath mats from EFIPL. It is suitable for guest room use and comes in red with microfiber finish. Useful near entrances, bathrooms, kitchens, and high-footfall areas.","{""color"": ""Red"", ""material"": ""Microfiber"", ""room"": ""Guest Room"", ""style"": ""Modern"", ""unit"": ""NOS"", ""size"": ""47X61""}",shower bathmat fredy taupe mats bath mats efipl red microfiber guest room modern mat doormat carpet floor entrance anti slip,"July 8, 2024"
PRD54759,FWC263908,Alpine Na,Samples,Fabric Samples,V&J,1110,4.3,65,12,in_stock,TRUE,Current,Maroon,Glass,Bedroom,Contemporary,MTR,Alpine is a contemporary fabric samples from V&J. It is suitable for bedroom use and comes in maroon with glass finish. Suitable for residential and hospitality interiors.,"{""color"": ""Maroon"", ""material"": ""Glass"", ""room"": ""Bedroom"", ""style"": ""Contemporary"", ""unit"": ""MTR"", ""size"": ""54''"", ""series"": ""302""}",alpine samples fabric samples v&j maroon glass bedroom contemporary home decor furniture interiors,"February 9, 2026"
PRD45344,FWC258285,Embroidery Crafts Na,Fabric,Curtain Fabric,V&J,1120,4,40,12,in_stock,TRUE,Current,Brown,Linen blend,Kids Room,Classic,MTR,"Embroidery Crafts is a classic curtain fabric from V&J. It is suitable for kids room use and comes in brown with linen blend finish. Useful for curtains, upholstery, drapes, cushions, and soft furnishing projects.","{""color"": ""Brown"", ""material"": ""Linen blend"", ""room"": ""Kids Room"", ""style"": ""Classic"", ""unit"": ""MTR"", ""size"": ""54"", ""series"": ""902""}",embroidery crafts fabric curtain fabric v&j brown linen blend kids room classic curtain fabric upholstery cloth drape textile material,"April 11, 2026"
PRD44147,FWC188753,Le Lin-4 Galaxy,Fabric,Curtain Fabric,V&J,1120,4.3,25,8,in_stock,TRUE,Current,White,Blackout fabric,Guest Room,Modern,MTR,"Le Lin-4 Galaxy is a modern curtain fabric from V&J. It is suitable for guest room use and comes in white with blackout fabric finish. Useful for curtains, upholstery, drapes, cushions, and soft furnishing projects.","{""color"": ""White"", ""material"": ""Blackout fabric"", ""room"": ""Guest Room"", ""style"": ""Modern"", ""unit"": ""MTR"", ""size"": ""54\"""", ""series"": ""424""}",le lin-4 galaxy fabric curtain fabric v&j white blackout fabric guest room modern curtain fabric upholstery cloth drape textile material,"October 31, 2025"
PRD37748,FWC258964,Lashkara Na,Fabric,Curtain Fabric,V&J,1120,4.4,23,3,low_stock,TRUE,Current,Blue,Sheer fabric,Hotel Room,Traditional,MTR,"Lashkara is a traditional curtain fabric from V&J. It is suitable for hotel room use and comes in blue with sheer fabric finish. Useful for curtains, upholstery, drapes, cushions, and soft furnishing projects.","{""color"": ""Blue"", ""material"": ""Sheer fabric"", ""room"": ""Hotel Room"", ""style"": ""Traditional"", ""unit"": ""MTR"", ""size"": ""54\"""", ""series"": ""202""}",lashkara fabric curtain fabric v&j blue sheer fabric hotel room traditional curtain fabric upholstery cloth drape textile material,"February 18, 2026"
PRD56572,FWC226825,Blackout Curtains - Iii Hanger Sheath-Element-Clay,Fabric,Curtain Fabric,DDHS,1140,3.8,63,0,out_of_stock,TRUE,Current,Black,Cotton blend,Office,Contemporary,MTR,"Blackout Curtains - Iii Hanger Sheath-Element-Clay is a contemporary curtain fabric from DDHS. It is suitable for office use and comes in black with cotton blend finish. Useful for curtains, upholstery, drapes, cushions, and soft furnishing projects.","{""color"": ""Black"", ""material"": ""Cotton blend"", ""room"": ""Office"", ""style"": ""Contemporary"", ""unit"": ""MTR"", ""size"": ""54''"", ""series"": ""22""}",blackout curtains - iii hanger sheath-element-clay fabric curtain fabric ddhs black cotton blend office contemporary curtain fabric upholstery cloth drape textile material,"October 13, 2025"
PRD58608,FWC246468,Texture World Levi,Fabric,Curtain Fabric,SAR,1140,4.5,18,35,in_stock,TRUE,Current,Grey,Velvet,Hotel Room,Scandinavian,MTR,"Texture World Levi is a scandinavian curtain fabric from SAR. It is suitable for hotel room use and comes in grey with velvet finish. Useful for curtains, upholstery, drapes, cushions, and soft furnishing projects.","{""color"": ""Grey"", ""material"": ""Velvet"", ""room"": ""Hotel Room"", ""style"": ""Scandinavian"", ""unit"": ""MTR"", ""size"": ""54''"", ""series"": ""703""}",texture world levi fabric curtain fabric sar grey velvet hotel room scandinavian curtain fabric upholstery cloth drape textile material,"October 27, 2025"
PRD36905,FWC176382,Budget Textures Ii Fabric,Fabric,Curtain Fabric,HICF,1140,4.5,11,20,in_stock,TRUE,Current,Brown,Blackout fabric,Living Room,Luxury,MTR,"Budget Textures Ii Fabric is a luxury curtain fabric from HICF. It is suitable for living room use and comes in brown with blackout fabric finish. Useful for curtains, upholstery, drapes, cushions, and soft furnishing projects.","{""color"": ""Brown"", ""material"": ""Blackout fabric"", ""room"": ""Living Room"", ""style"": ""Luxury"", ""unit"": ""MTR"", ""size"": ""54\"""", ""series"": ""253""}",budget textures ii fabric fabric curtain fabric hicf brown blackout fabric living room luxury curtain fabric upholstery cloth drape textile material,"January 30, 2026"
PRD33856,FMT04190,Bathmat Paloma Rose,Mats,Bath Mats,PIHCPL,1160,3.7,34,0,out_of_stock,TRUE,Current,Grey,Microfiber,Dining Room,Rustic,NOS,"Bathmat Paloma Rose is a rustic bath mats from PIHCPL. It is suitable for dining room use and comes in grey with microfiber finish. Useful near entrances, bathrooms, kitchens, and high-footfall areas.","{""color"": ""Grey"", ""material"": ""Microfiber"", ""room"": ""Dining Room"", ""style"": ""Rustic"", ""unit"": ""NOS"", ""size"": ""40X60""}",bathmat paloma rose mats bath mats pihcpl grey microfiber dining room rustic mat doormat carpet floor entrance anti slip,"October 14, 2024"
PRD34022,FWC168449,Trendy Sheers Ii,Fabric,Curtain Fabric,KDF,1180,4.2,11,1,low_stock,TRUE,Current,Silver,Jacquard,Hotel Room,Classic,MTR,"Trendy Sheers Ii is a classic curtain fabric from KDF. It is suitable for hotel room use and comes in silver with jacquard finish. Useful for curtains, upholstery, drapes, cushions, and soft furnishing projects.","{""color"": ""Silver"", ""material"": ""Jacquard"", ""room"": ""Hotel Room"", ""style"": ""Classic"", ""unit"": ""MTR"", ""size"": ""54\"""", ""series"": ""311""}",trendy sheers ii fabric curtain fabric kdf silver jacquard hotel room classic curtain fabric upholstery cloth drape textile material,"September 15, 2025"
PRD53102,FWC243966,Velvetlike Moss Plain,Fabric,Curtain Fabric,DDHS,1180,4.1,23,5,in_stock,TRUE,Current,Brown,Cotton blend,Office,Minimal,MTR,"Velvetlike Moss Plain is a minimal curtain fabric from DDHS. It is suitable for office use and comes in brown with cotton blend finish. Useful for curtains, upholstery, drapes, cushions, and soft furnishing projects.","{""color"": ""Brown"", ""material"": ""Cotton blend"", ""room"": ""Office"", ""style"": ""Minimal"", ""unit"": ""MTR"", ""size"": ""54''"", ""series"": ""5""}",velvetlike moss plain fabric curtain fabric ddhs brown cotton blend office minimal curtain fabric upholstery cloth drape textile material,"March 25, 2026"
PRD36905,FWC176353,Budget Textures Ii Fabric,Fabric,Curtain Fabric,HICF,1190,4.7,24,5,in_stock,TRUE,Current,White,Linen blend,Living Room,Traditional,MTR,"Budget Textures Ii Fabric is a traditional curtain fabric from HICF. It is suitable for living room use and comes in white with linen blend finish. Useful for curtains, upholstery, drapes, cushions, and soft furnishing projects.","{""color"": ""White"", ""material"": ""Linen blend"", ""room"": ""Living Room"", ""style"": ""Traditional"", ""unit"": ""MTR"", ""size"": ""54"", ""series"": ""224""}",budget textures ii fabric fabric curtain fabric hicf white linen blend living room traditional curtain fabric upholstery cloth drape textile material,"April 21, 2026"
PRD56596,FWC213577,Kitar Apa,Fabric,Curtain Fabric,APS,1190,4.5,27,5,in_stock,TRUE,Current,Charcoal,Cotton blend,Office,Classic,MTR,"Kitar Apa is a classic curtain fabric from APS. It is suitable for office use and comes in charcoal with cotton blend finish. Useful for curtains, upholstery, drapes, cushions, and soft furnishing projects.","{""color"": ""Charcoal"", ""material"": ""Cotton blend"", ""room"": ""Office"", ""style"": ""Classic"", ""unit"": ""MTR"", ""size"": ""54\"""", ""series"": ""KITA031""}",kitar apa fabric curtain fabric aps charcoal cotton blend office classic curtain fabric upholstery cloth drape textile material,"February 12, 2026"
PRD33781,FWC148305,Camac,Fabric,Curtain Fabric,APS,1190,4.2,64,12,in_stock,TRUE,Current,Charcoal,Jacquard,Bedroom,Minimal,MTR,"Camac is a minimal curtain fabric from APS. It is suitable for bedroom use and comes in charcoal with jacquard finish. Useful for curtains, upholstery, drapes, cushions, and soft furnishing projects.","{""color"": ""Charcoal"", ""material"": ""Jacquard"", ""room"": ""Bedroom"", ""style"": ""Minimal"", ""unit"": ""MTR"", ""size"": ""54"", ""series"": ""CAC0021""}",camac fabric curtain fabric aps charcoal jacquard bedroom minimal curtain fabric upholstery cloth drape textile material,"April 8, 2026"
PRD35565,FWC176449,Kensey Fabric,Fabric,Curtain Fabric,DDHS,1190,4.6,9,35,in_stock,TRUE,Current,Natural,Jacquard,Balcony,Rustic,MTR,"Kensey Fabric is a rustic curtain fabric from DDHS. It is suitable for balcony use and comes in natural with jacquard finish. Useful for curtains, upholstery, drapes, cushions, and soft furnishing projects.","{""color"": ""Natural"", ""material"": ""Jacquard"", ""room"": ""Balcony"", ""style"": ""Rustic"", ""unit"": ""MTR"", ""size"": ""54\"""", ""series"": ""11""}",kensey fabric fabric curtain fabric ddhs natural jacquard balcony rustic curtain fabric upholstery cloth drape textile material,"October 17, 2025"
PRD49784,FWC213575,Kitar Lama,Fabric,Curtain Fabric,APS,1190,4.9,13,8,in_stock,TRUE,Current,Blue,Jacquard,Hotel Room,Scandinavian,MTR,"Kitar Lama is a scandinavian curtain fabric from APS. It is suitable for hotel room use and comes in blue with jacquard finish. Useful for curtains, upholstery, drapes, cushions, and soft furnishing projects.","{""color"": ""Blue"", ""material"": ""Jacquard"", ""room"": ""Hotel Room"", ""style"": ""Scandinavian"", ""unit"": ""MTR"", ""size"": ""54\"""", ""series"": ""KITA047""}",kitar lama fabric curtain fabric aps blue jacquard hotel room scandinavian curtain fabric upholstery cloth drape textile material,"October 11, 2025"
PRD16657,HDW08393,M Track,Hardware,Curtain Track,ACI,1200,3.6,2,35,in_stock,TRUE,Current,Olive,Aluminium,Hotel Room,Minimal,NOS,M Track is a minimal curtain track from ACI. It is suitable for hotel room use and comes in olive with aluminium finish. Suitable for residential and hospitality interiors.,"{""color"": ""Olive"", ""material"": ""Aluminium"", ""room"": ""Hotel Room"", ""style"": ""Minimal"", ""unit"": ""NOS"", ""size"": ""7.50FT""}",m track hardware curtain track aci olive aluminium hotel room minimal curtain rod finial track hardware fittings,"September 27, 2025"
PRD58470,FWC190391,Naturelle Srd 53986-140Cms Fabric,Fabric,Curtain Fabric,HICF,1200,4,14,12,in_stock,TRUE,Current,Red,Jacquard,Office,Minimal,MTR,"Naturelle Srd 53986-140Cms Fabric is a minimal curtain fabric from HICF. It is suitable for office use and comes in red with jacquard finish. Useful for curtains, upholstery, drapes, cushions, and soft furnishing projects.","{""color"": ""Red"", ""material"": ""Jacquard"", ""room"": ""Office"", ""style"": ""Minimal"", ""unit"": ""MTR"", ""size"": ""54\"""", ""series"": ""3""}",naturelle srd 53986-140cms fabric fabric curtain fabric hicf red jacquard office minimal curtain fabric upholstery cloth drape textile material,"May 3, 2025"
PRD31663,FWC230417,Indian Motifs Excel,Fabric,Curtain Fabric,AZ,1200,3.8,6,5,in_stock,TRUE,Current,Brown,Blackout fabric,Bedroom,Rustic,MTR,"Indian Motifs Excel is a rustic curtain fabric from AZ. It is suitable for bedroom use and comes in brown with blackout fabric finish. Useful for curtains, upholstery, drapes, cushions, and soft furnishing projects.","{""color"": ""Brown"", ""material"": ""Blackout fabric"", ""room"": ""Bedroom"", ""style"": ""Rustic"", ""unit"": ""MTR"", ""size"": ""54''"", ""series"": ""405""}",indian motifs excel fabric curtain fabric az brown blackout fabric bedroom rustic curtain fabric upholstery cloth drape textile material,"April 11, 2026"
PRD57680,FWC148319,Canning,Fabric,Curtain Fabric,APS,1230,4.1,25,3,low_stock,TRUE,Current,Red,Blackout fabric,Guest Room,Contemporary,MTR,"Canning is a contemporary curtain fabric from APS. It is suitable for guest room use and comes in red with blackout fabric finish. Useful for curtains, upholstery, drapes, cushions, and soft furnishing projects.","{""color"": ""Red"", ""material"": ""Blackout fabric"", ""room"": ""Guest Room"", ""style"": ""Contemporary"", ""unit"": ""MTR"", ""size"": ""54"", ""series"": ""CHEC008""}",canning fabric curtain fabric aps red blackout fabric guest room contemporary curtain fabric upholstery cloth drape textile material,"April 11, 2026"
PRD55467,FWC223257,Texture Library - I,Fabric,Curtain Fabric,HICF,1230,3.8,42,5,in_stock,TRUE,Current,Gold,Blackout fabric,Balcony,Modern,MTR,"Texture Library - I is a modern curtain fabric from HICF. It is suitable for balcony use and comes in gold with blackout fabric finish. Useful for curtains, upholstery, drapes, cushions, and soft furnishing projects.","{""color"": ""Gold"", ""material"": ""Blackout fabric"", ""room"": ""Balcony"", ""style"": ""Modern"", ""unit"": ""MTR"", ""size"": ""54''"", ""series"": ""73""}",texture library - i fabric curtain fabric hicf gold blackout fabric balcony modern curtain fabric upholstery cloth drape textile material,"July 22, 2025"
PRD40019,FWC179979,Rajbaug Ii,Fabric,Curtain Fabric,SDD,1230,4.5,15,35,in_stock,TRUE,Current,Olive,Linen blend,Balcony,Scandinavian,MTR,"Rajbaug Ii is a scandinavian curtain fabric from SDD. It is suitable for balcony use and comes in olive with linen blend finish. Useful for curtains, upholstery, drapes, cushions, and soft furnishing projects.","{""color"": ""Olive"", ""material"": ""Linen blend"", ""room"": ""Balcony"", ""style"": ""Scandinavian"", ""unit"": ""MTR"", ""size"": ""54\"""", ""series"": ""223""}",rajbaug ii fabric curtain fabric sdd olive linen blend balcony scandinavian curtain fabric upholstery cloth drape textile material,"June 28, 2025"
PRD40019,FWC179959,Rajbaug Ii,Fabric,Curtain Fabric,SDD,1240,4.9,9,35,in_stock,TRUE,Current,Olive,Blackout fabric,Dining Room,Scandinavian,MTR,"Rajbaug Ii is a scandinavian curtain fabric from SDD. It is suitable for dining room use and comes in olive with blackout fabric finish. Useful for curtains, upholstery, drapes, cushions, and soft furnishing projects.","{""color"": ""Olive"", ""material"": ""Blackout fabric"", ""room"": ""Dining Room"", ""style"": ""Scandinavian"", ""unit"": ""MTR"", ""size"": ""54\"""", ""series"": ""205""}",rajbaug ii fabric curtain fabric sdd olive blackout fabric dining room scandinavian curtain fabric upholstery cloth drape textile material,"March 31, 2025"
PRD36248,FWC98371,Cotton Chic Ii Fabric,Fabric,Curtain Fabric,HICF,1250,4.2,34,3,low_stock,TRUE,Current,Walnut,Velvet,Hotel Room,Contemporary,MTR,"Cotton Chic Ii Fabric is a contemporary curtain fabric from HICF. It is suitable for hotel room use and comes in walnut with velvet finish. Useful for curtains, upholstery, drapes, cushions, and soft furnishing projects.","{""color"": ""Walnut"", ""material"": ""Velvet"", ""room"": ""Hotel Room"", ""style"": ""Contemporary"", ""unit"": ""MTR"", ""size"": ""54\"""", ""series"": ""256""}",cotton chic ii fabric fabric curtain fabric hicf walnut velvet hotel room contemporary curtain fabric upholstery cloth drape textile material,"January 5, 2026"
PRD45165,FWC258823,Library Edition Vol 1 Na,Fabric,Curtain Fabric,V&J,1260,3.6,21,12,in_stock,TRUE,Current,Navy,Linen blend,Guest Room,Scandinavian,MTR,"Library Edition Vol 1 is a scandinavian curtain fabric from V&J. It is suitable for guest room use and comes in navy with linen blend finish. Useful for curtains, upholstery, drapes, cushions, and soft furnishing projects.","{""color"": ""Navy"", ""material"": ""Linen blend"", ""room"": ""Guest Room"", ""style"": ""Scandinavian"", ""unit"": ""MTR"", ""size"": ""54"", ""series"": ""108""}",library edition vol 1 fabric curtain fabric v&j navy linen blend guest room scandinavian curtain fabric upholstery cloth drape textile material,"April 22, 2026"
PRD38189,ACC04724,Pn Decor Pn Ac Bougainvillea 0019-Dark Pink,Accessories,Artificial Flower,PWDPL,1270,3.9,10,3,low_stock,TRUE,Current,Pink,Ceramic,Office,Luxury,NOS,Pn Decor Pn Ac Bougainvillea 0019-Dark Pink is a luxury artificial flower from PWDPL. It is suitable for office use and comes in pink with ceramic finish. Suitable for residential and hospitality interiors.,"{""color"": ""Pink"", ""material"": ""Ceramic"", ""room"": ""Office"", ""style"": ""Luxury"", ""unit"": ""NOS"", ""series"": ""ACBOUGAINVILLEA0019""}",pn decor pn ac bougainvillea 0019-dark pink accessories artificial flower pwdpl pink ceramic office luxury decor accessories artifact home styling,"June 13, 2024"
PRD48413,FWC174329,Essence Of Jaipur Fredonia Fabric,Fabric,Curtain Fabric,DDHS,1290,4,16,20,in_stock,TRUE,Current,Red,Velvet,Guest Room,Luxury,MTR,"Essence Of Jaipur Fredonia Fabric is a luxury curtain fabric from DDHS. It is suitable for guest room use and comes in red with velvet finish. Useful for curtains, upholstery, drapes, cushions, and soft furnishing projects.","{""color"": ""Red"", ""material"": ""Velvet"", ""room"": ""Guest Room"", ""style"": ""Luxury"", ""unit"": ""MTR"", ""size"": ""54\"""", ""series"": ""16""}",essence of jaipur fredonia fabric fabric curtain fabric ddhs red velvet guest room luxury curtain fabric upholstery cloth drape textile material,"December 15, 2025"
PRD52990,FWC196124,Gulnar Taff Slub Oriana-140 Fabric,Fabric,Curtain Fabric,HICF,1290,4.6,10,50,in_stock,TRUE,Current,Beige,Blackout fabric,Guest Room,Modern,MTR,"Gulnar Taff Slub Oriana-140 Fabric is a modern curtain fabric from HICF. It is suitable for guest room use and comes in beige with blackout fabric finish. Useful for curtains, upholstery, drapes, cushions, and soft furnishing projects.","{""color"": ""Beige"", ""material"": ""Blackout fabric"", ""room"": ""Guest Room"", ""style"": ""Modern"", ""unit"": ""MTR"", ""size"": ""54\"""", ""series"": ""52""}",gulnar taff slub oriana-140 fabric fabric curtain fabric hicf beige blackout fabric guest room modern curtain fabric upholstery cloth drape textile material,"February 11, 2026"
PRD55204,FWC187020,Allura Trevi,Fabric,Curtain Fabric,APS,1300,4.3,13,12,in_stock,TRUE,Current,Brown,Linen blend,Hotel Room,Traditional,MTR,"Allura Trevi is a traditional curtain fabric from APS. It is suitable for hotel room use and comes in brown with linen blend finish. Useful for curtains, upholstery, drapes, cushions, and soft furnishing projects.","{""color"": ""Brown"", ""material"": ""Linen blend"", ""room"": ""Hotel Room"", ""style"": ""Traditional"", ""unit"": ""MTR"", ""size"": ""54\"""", ""series"": ""ALURR17""}",allura trevi fabric curtain fabric aps brown linen blend hotel room traditional curtain fabric upholstery cloth drape textile material,"September 25, 2025"
PRD13429,SAM04741,Imperial Na,Curtain Accessories,Lace,RCT,1310,4.2,3,3,low_stock,TRUE,Current,Silver,Glass,Dining Room,Scandinavian,NOS,Imperial is a scandinavian lace from RCT. It is suitable for dining room use and comes in silver with glass finish. Suitable for residential and hospitality interiors.,"{""color"": ""Silver"", ""material"": ""Glass"", ""room"": ""Dining Room"", ""style"": ""Scandinavian"", ""unit"": ""NOS"", ""size"": ""NA"", ""series"": ""NA""}",imperial curtain accessories lace rct silver glass dining room scandinavian home decor furniture interiors,"March 20, 2022"
PRD36248,FWC98346,Cotton Chic Ii Fabric,Fabric,Curtain Fabric,HICF,1310,3.9,24,12,in_stock,TRUE,Current,Olive,Cotton blend,Dining Room,Contemporary,MTR,"Cotton Chic Ii Fabric is a contemporary curtain fabric from HICF. It is suitable for dining room use and comes in olive with cotton blend finish. Useful for curtains, upholstery, drapes, cushions, and soft furnishing projects.","{""color"": ""Olive"", ""material"": ""Cotton blend"", ""room"": ""Dining Room"", ""style"": ""Contemporary"", ""unit"": ""MTR"", ""size"": ""54\"""", ""series"": ""231""}",cotton chic ii fabric fabric curtain fabric hicf olive cotton blend dining room contemporary curtain fabric upholstery cloth drape textile material,"March 31, 2025"
PRD58151,ACC05987,Avi Flc Decor Big-Eyed Cute Frog B Ff-N24028B,Accessories,Artifacts,VIX,1310,3.9,13,35,in_stock,TRUE,Current,Blue,Metal,Hotel Room,Classic,NOS,Avi Flc Decor Big-Eyed Cute Frog B Ff-N24028B is a classic artifacts from VIX. It is suitable for hotel room use and comes in blue with metal finish. Suitable for residential and hospitality interiors.,"{""color"": ""Blue"", ""material"": ""Metal"", ""room"": ""Hotel Room"", ""style"": ""Classic"", ""unit"": ""NOS"", ""size"": ""8*6*12cm""}",avi flc decor big-eyed cute frog b ff-n24028b accessories artifacts vix blue metal hotel room classic decor accessories artifact home styling,"August 21, 2025"
PRD42537,FWC219137,Threads 08,Fabric,Curtain Fabric,JDD,1310,4.3,66,35,in_stock,TRUE,Current,Olive,Velvet,Hotel Room,Modern,MTR,"Threads 08 is a modern curtain fabric from JDD. It is suitable for hotel room use and comes in olive with velvet finish. Useful for curtains, upholstery, drapes, cushions, and soft furnishing projects.","{""color"": ""Olive"", ""material"": ""Velvet"", ""room"": ""Hotel Room"", ""style"": ""Modern"", ""unit"": ""MTR"", ""size"": ""54''"", ""series"": ""8078""}",threads 08 fabric curtain fabric jdd olive velvet hotel room modern curtain fabric upholstery cloth drape textile material,"January 15, 2026"
PRD39500,FWC160539,Imalai Ison,Fabric,Curtain Fabric,APS,1330,4.1,8,8,in_stock,TRUE,Current,Olive,Sheer fabric,Dining Room,Traditional,MTR,"Imalai Ison is a traditional curtain fabric from APS. It is suitable for dining room use and comes in olive with sheer fabric finish. Useful for curtains, upholstery, drapes, cushions, and soft furnishing projects.","{""color"": ""Olive"", ""material"": ""Sheer fabric"", ""room"": ""Dining Room"", ""style"": ""Traditional"", ""unit"": ""MTR"", ""size"": ""54\"""", ""series"": ""IMAIN02""}",imalai ison fabric curtain fabric aps olive sheer fabric dining room traditional curtain fabric upholstery cloth drape textile material,"March 31, 2025"
PRD34010,LIN06177,Bath Towel Hygro,Linen,Towels,VNT,1330,4.5,7,5,in_stock,TRUE,Current,Red,Microfiber,Bedroom,Scandinavian,NOS,Bath Towel Hygro is a scandinavian towels from VNT. It is suitable for bedroom use and comes in red with microfiber finish. Suitable for residential and hospitality interiors.,"{""color"": ""Red"", ""material"": ""Microfiber"", ""room"": ""Bedroom"", ""style"": ""Scandinavian"", ""unit"": ""NOS"", ""size"": ""75X150""}",bath towel hygro linen towels vnt red microfiber bedroom scandinavian bedsheet pillow linen bedding soft furnishing,"August 29, 2020"
PRD40019,FWC179970,Rajbaug Ii,Fabric,Curtain Fabric,SDD,1330,4,25,8,in_stock,TRUE,Current,Red,Blackout fabric,Balcony,Contemporary,MTR,"Rajbaug Ii is a contemporary curtain fabric from SDD. It is suitable for balcony use and comes in red with blackout fabric finish. Useful for curtains, upholstery, drapes, cushions, and soft furnishing projects.","{""color"": ""Red"", ""material"": ""Blackout fabric"", ""room"": ""Balcony"", ""style"": ""Contemporary"", ""unit"": ""MTR"", ""size"": ""54\"""", ""series"": ""215""}",rajbaug ii fabric curtain fabric sdd red blackout fabric balcony contemporary curtain fabric upholstery cloth drape textile material,"May 19, 2025"
PRD34552,FWC208724,Kyoto,Fabric,Curtain Fabric,KC,1340,3.2,7,20,in_stock,TRUE,Current,Oak,Velvet,Guest Room,Classic,MTR,"Kyoto is a classic curtain fabric from KC. It is suitable for guest room use and comes in oak with velvet finish. Useful for curtains, upholstery, drapes, cushions, and soft furnishing projects.","{""color"": ""Oak"", ""material"": ""Velvet"", ""room"": ""Guest Room"", ""style"": ""Classic"", ""unit"": ""MTR"", ""size"": ""54"", ""series"": ""40804""}",kyoto fabric curtain fabric kc oak velvet guest room classic curtain fabric upholstery cloth drape textile material,"April 11, 2026"
PRD34678,FWC254684,Fables Fwpl Na,Fabric,Curtain Fabric,DDCF,1350,4,63,12,in_stock,TRUE,Current,Black,Blackout fabric,Kids Room,Traditional,MTR,"Fables Fwpl is a traditional curtain fabric from DDCF. It is suitable for kids room use and comes in black with blackout fabric finish. Useful for curtains, upholstery, drapes, cushions, and soft furnishing projects.","{""color"": ""Black"", ""material"": ""Blackout fabric"", ""room"": ""Kids Room"", ""style"": ""Traditional"", ""unit"": ""MTR"", ""size"": ""54''"", ""series"": ""6""}",fables fwpl fabric curtain fabric ddcf black blackout fabric kids room traditional curtain fabric upholstery cloth drape textile material,"April 17, 2026"
PRD56005,FWC190674,Ajrakh Bughti,Fabric,Curtain Fabric,APS,1360,3.6,33,12,in_stock,TRUE,Current,Walnut,Linen blend,Hotel Room,Modern,MTR,"Ajrakh Bughti is a modern curtain fabric from APS. It is suitable for hotel room use and comes in walnut with linen blend finish. Useful for curtains, upholstery, drapes, cushions, and soft furnishing projects.","{""color"": ""Walnut"", ""material"": ""Linen blend"", ""room"": ""Hotel Room"", ""style"": ""Modern"", ""unit"": ""MTR"", ""size"": ""54\"""", ""series"": ""AJRAK23""}",ajrakh bughti fabric curtain fabric aps walnut linen blend hotel room modern curtain fabric upholstery cloth drape textile material,"September 4, 2025"
PRD54247,FWC187043,Meera Erie,Fabric,Curtain Fabric,APS,1360,4.4,68,35,in_stock,TRUE,Current,Brown,Velvet,Bedroom,Luxury,MTR,"Meera Erie is a luxury curtain fabric from APS. It is suitable for bedroom use and comes in brown with velvet finish. Useful for curtains, upholstery, drapes, cushions, and soft furnishing projects.","{""color"": ""Brown"", ""material"": ""Velvet"", ""room"": ""Bedroom"", ""style"": ""Luxury"", ""unit"": ""MTR"", ""size"": ""54\"""", ""series"": ""MEERA04""}",meera erie fabric curtain fabric aps brown velvet bedroom luxury curtain fabric upholstery cloth drape textile material,"January 6, 2026"
PRD46280,FWC195237,Altima Plain,Fabric,Curtain Fabric,SAR,1380,4.3,44,20,in_stock,TRUE,Current,Olive,Sheer fabric,Balcony,Luxury,MTR,"Altima Plain is a luxury curtain fabric from SAR. It is suitable for balcony use and comes in olive with sheer fabric finish. Useful for curtains, upholstery, drapes, cushions, and soft furnishing projects.","{""color"": ""Olive"", ""material"": ""Sheer fabric"", ""room"": ""Balcony"", ""style"": ""Luxury"", ""unit"": ""MTR"", ""size"": ""54\"""", ""series"": ""948""}",altima plain fabric curtain fabric sar olive sheer fabric balcony luxury curtain fabric upholstery cloth drape textile material,"September 19, 2025"
PRD46280,FWC195242,Altima Plain,Fabric,Curtain Fabric,SAR,1380,4.5,72,20,in_stock,TRUE,Current,Red,Sheer fabric,Bedroom,Traditional,MTR,"Altima Plain is a traditional curtain fabric from SAR. It is suitable for bedroom use and comes in red with sheer fabric finish. Useful for curtains, upholstery, drapes, cushions, and soft furnishing projects.","{""color"": ""Red"", ""material"": ""Sheer fabric"", ""room"": ""Bedroom"", ""style"": ""Traditional"", ""unit"": ""MTR"", ""size"": ""54\"""", ""series"": ""953""}",altima plain fabric curtain fabric sar red sheer fabric bedroom traditional curtain fabric upholstery cloth drape textile material,"August 12, 2025"
PRD54381,WAL75603,The View Fw50 3048 - 1,All Wallpaper,Wallpaper,EWI,1390,3.9,34,12,in_stock,TRUE,Current,Pink,Vinyl,Bedroom,Scandinavian,ROLL,"The View Fw50 3048 - 1 is a scandinavian wallpaper from EWI. It is suitable for bedroom use and comes in pink with vinyl finish. Useful for accent walls, bedroom walls, and living room decor.","{""color"": ""Pink"", ""material"": ""Vinyl"", ""room"": ""Bedroom"", ""style"": ""Scandinavian"", ""unit"": ""ROLL"", ""size"": ""59SQFT"", ""series"": ""1""}",the view fw50 3048 - 1 all wallpaper wallpaper ewi pink vinyl bedroom scandinavian wallpaper wall covering textured decor,"October 24, 2024"
PRD37631,FWC202462,Darkroom Book Stonewall,Fabric,Curtain Fabric,DDHS,1390,4.1,23,35,in_stock,TRUE,Current,Oak,Polyester,Balcony,Modern,MTR,"Darkroom Book Stonewall is a modern curtain fabric from DDHS. It is suitable for balcony use and comes in oak with polyester finish. Useful for curtains, upholstery, drapes, cushions, and soft furnishing projects.","{""color"": ""Oak"", ""material"": ""Polyester"", ""room"": ""Balcony"", ""style"": ""Modern"", ""unit"": ""MTR"", ""size"": ""54"", ""series"": ""9""}",darkroom book stonewall fabric curtain fabric ddhs oak polyester balcony modern curtain fabric upholstery cloth drape textile material,"May 8, 2026"
PRD46069,FWC195256,Kiara Plain,Fabric,Curtain Fabric,SAR,1390,3.9,34,5,in_stock,TRUE,Current,Grey,Cotton blend,Kids Room,Modern,MTR,"Kiara Plain is a modern curtain fabric from SAR. It is suitable for kids room use and comes in grey with cotton blend finish. Useful for curtains, upholstery, drapes, cushions, and soft furnishing projects.","{""color"": ""Grey"", ""material"": ""Cotton blend"", ""room"": ""Kids Room"", ""style"": ""Modern"", ""unit"": ""MTR"", ""size"": ""54\"""", ""series"": ""111""}",kiara plain fabric curtain fabric sar grey cotton blend kids room modern curtain fabric upholstery cloth drape textile material,"November 10, 2025"
PRD34552,FWC208764,Kyoto,Fabric,Curtain Fabric,KC,1400,4.2,81,20,in_stock,TRUE,Current,Red,Linen blend,Kids Room,Contemporary,MTR,"Kyoto is a contemporary curtain fabric from KC. It is suitable for kids room use and comes in red with linen blend finish. Useful for curtains, upholstery, drapes, cushions, and soft furnishing projects.","{""color"": ""Red"", ""material"": ""Linen blend"", ""room"": ""Kids Room"", ""style"": ""Contemporary"", ""unit"": ""MTR"", ""size"": ""54"", ""series"": ""40844""}",kyoto fabric curtain fabric kc red linen blend kids room contemporary curtain fabric upholstery cloth drape textile material,"April 18, 2026"
PRD56943,FWC149886,Kiana,Fabric,Curtain Fabric,SDD,1420,4.4,3,0,out_of_stock,TRUE,Current,Brown,Jacquard,Dining Room,Luxury,MTR,"Kiana is a luxury curtain fabric from SDD. It is suitable for dining room use and comes in brown with jacquard finish. Useful for curtains, upholstery, drapes, cushions, and soft furnishing projects.","{""color"": ""Brown"", ""material"": ""Jacquard"", ""room"": ""Dining Room"", ""style"": ""Luxury"", ""unit"": ""MTR"", ""size"": ""54"", ""series"": ""62""}",kiana fabric curtain fabric sdd brown jacquard dining room luxury curtain fabric upholstery cloth drape textile material,"May 2, 2026"
PRD59945,FWC187057,Meera Nipigon,Fabric,Curtain Fabric,Generic,1420,3.7,45,50,in_stock,TRUE,Current,Charcoal,Velvet,Guest Room,Minimal,MTR,"Meera Nipigon is a minimal curtain fabric from Generic. It is suitable for guest room use and comes in charcoal with velvet finish. Useful for curtains, upholstery, drapes, cushions, and soft furnishing projects.","{""color"": ""Charcoal"", ""material"": ""Velvet"", ""room"": ""Guest Room"", ""style"": ""Minimal"", ""unit"": ""MTR"", ""size"": ""54"", ""series"": ""MEERA06""}",meera nipigon fabric curtain fabric nan charcoal velvet guest room minimal curtain fabric upholstery cloth drape textile material,"April 13, 2026"
PRD44425,FWC195613,Lombardy Fabric,Fabric,Curtain Fabric,DDHS,1420,4.7,25,12,in_stock,TRUE,Current,Oak,Polyester,Dining Room,Classic,MTR,"Lombardy Fabric is a classic curtain fabric from DDHS. It is suitable for dining room use and comes in oak with polyester finish. Useful for curtains, upholstery, drapes, cushions, and soft furnishing projects.","{""color"": ""Oak"", ""material"": ""Polyester"", ""room"": ""Dining Room"", ""style"": ""Classic"", ""unit"": ""MTR"", ""size"": ""54\"""", ""series"": ""14""}",lombardy fabric fabric curtain fabric ddhs oak polyester dining room classic curtain fabric upholstery cloth drape textile material,"May 28, 2025"
PRD55976,FWC176091,Ikat Jasika,Fabric,Curtain Fabric,APS,1420,4.2,113,1,low_stock,TRUE,Current,Maroon,Velvet,Guest Room,Luxury,MTR,"Ikat Jasika is a luxury curtain fabric from APS. It is suitable for guest room use and comes in maroon with velvet finish. Useful for curtains, upholstery, drapes, cushions, and soft furnishing projects.","{""color"": ""Maroon"", ""material"": ""Velvet"", ""room"": ""Guest Room"", ""style"": ""Luxury"", ""unit"": ""MTR"", ""size"": ""54""}",ikat jasika fabric curtain fabric aps maroon velvet guest room luxury curtain fabric upholstery cloth drape textile material,"September 20, 2025"
PRD01742,FWC59353,Essentials Ten Dolce Regale Cobblestone,Fabric,Curtain Fabric,TPC,1420,4.6,4,50,in_stock,TRUE,Current,Green,Jacquard,Dining Room,Luxury,MTR,"Essentials Ten Dolce Regale Cobblestone is a luxury curtain fabric from TPC. It is suitable for dining room use and comes in green with jacquard finish. Useful for curtains, upholstery, drapes, cushions, and soft furnishing projects.","{""color"": ""Green"", ""material"": ""Jacquard"", ""room"": ""Dining Room"", ""style"": ""Luxury"", ""unit"": ""MTR"", ""size"": ""54"", ""series"": ""102929""}",essentials ten dolce regale cobblestone fabric curtain fabric tpc green jacquard dining room luxury curtain fabric upholstery cloth drape textile material,"July 11, 2025"
PRD57051,FWC193175,Ikat Kuba,Fabric,Curtain Fabric,APS,1420,4,24,35,in_stock,TRUE,Current,Walnut,Jacquard,Balcony,Scandinavian,MTR,"Ikat Kuba is a scandinavian curtain fabric from APS. It is suitable for balcony use and comes in walnut with jacquard finish. Useful for curtains, upholstery, drapes, cushions, and soft furnishing projects.","{""color"": ""Walnut"", ""material"": ""Jacquard"", ""room"": ""Balcony"", ""style"": ""Scandinavian"", ""unit"": ""MTR"", ""size"": ""54\"""", ""series"": ""IKAT030""}",ikat kuba fabric curtain fabric aps walnut jacquard balcony scandinavian curtain fabric upholstery cloth drape textile material,"June 28, 2025"
PRD46417,FWC180885,Fusion Prints Simpson Fabric,Fabric,Curtain Fabric,DDHS,1420,4,24,5,in_stock,TRUE,Current,Navy,Linen blend,Living Room,Scandinavian,MTR,"Fusion Prints Simpson Fabric is a scandinavian curtain fabric from DDHS. It is suitable for living room use and comes in navy with linen blend finish. Useful for curtains, upholstery, drapes, cushions, and soft furnishing projects.","{""color"": ""Navy"", ""material"": ""Linen blend"", ""room"": ""Living Room"", ""style"": ""Scandinavian"", ""unit"": ""MTR"", ""size"": ""54\"""", ""series"": ""36""}",fusion prints simpson fabric fabric curtain fabric ddhs navy linen blend living room scandinavian curtain fabric upholstery cloth drape textile material,"August 11, 2025"
PRD36514,FWC243534,Luxe Fab Havana_New Plain,Fabric,Curtain Fabric,DDHS,1440,4.6,3,12,in_stock,TRUE,Current,Walnut,Linen blend,Dining Room,Classic,MTR,"Luxe Fab Havana_New Plain is a classic curtain fabric from DDHS. It is suitable for dining room use and comes in walnut with linen blend finish. Useful for curtains, upholstery, drapes, cushions, and soft furnishing projects.","{""color"": ""Walnut"", ""material"": ""Linen blend"", ""room"": ""Dining Room"", ""style"": ""Classic"", ""unit"": ""MTR"", ""size"": ""54''"", ""series"": ""60""}",luxe fab havana_new plain fabric curtain fabric ddhs walnut linen blend dining room classic curtain fabric upholstery cloth drape textile material,"July 24, 2025"
PRD35286,FWC152622,Drapery Textures 03,Fabric,Curtain Fabric,JDD,1440,4.3,11,0,out_of_stock,TRUE,Current,Olive,Jacquard,Kids Room,Rustic,MTR,"Drapery Textures 03 is a rustic curtain fabric from JDD. It is suitable for kids room use and comes in olive with jacquard finish. Useful for curtains, upholstery, drapes, cushions, and soft furnishing projects.","{""color"": ""Olive"", ""material"": ""Jacquard"", ""room"": ""Kids Room"", ""style"": ""Rustic"", ""unit"": ""MTR"", ""size"": ""54\"""", ""series"": ""315""}",drapery textures 03 fabric curtain fabric jdd olive jacquard kids room rustic curtain fabric upholstery cloth drape textile material,"January 5, 2026"
PRD36546,FWC162338,New Havana Havana Fabric,Fabric,Curtain Fabric,DDHS,1440,4.7,18,0,out_of_stock,TRUE,Current,Mustard,Sheer fabric,Guest Room,Rustic,MTR,"New Havana Havana Fabric is a rustic curtain fabric from DDHS. It is suitable for guest room use and comes in mustard with sheer fabric finish. Useful for curtains, upholstery, drapes, cushions, and soft furnishing projects.","{""color"": ""Mustard"", ""material"": ""Sheer fabric"", ""room"": ""Guest Room"", ""style"": ""Rustic"", ""unit"": ""MTR"", ""size"": ""54\"""", ""series"": ""238""}",new havana havana fabric fabric curtain fabric ddhs mustard sheer fabric guest room rustic curtain fabric upholstery cloth drape textile material,"May 24, 2025"
PRD55299,FWC178700,Alesia,Fabric,Curtain Fabric,SAR,1450,3.6,12,12,in_stock,TRUE,Current,Mustard,Jacquard,Balcony,Luxury,MTR,"Alesia is a luxury curtain fabric from SAR. It is suitable for balcony use and comes in mustard with jacquard finish. Useful for curtains, upholstery, drapes, cushions, and soft furnishing projects.","{""color"": ""Mustard"", ""material"": ""Jacquard"", ""room"": ""Balcony"", ""style"": ""Luxury"", ""unit"": ""MTR"", ""size"": ""54\"""", ""series"": ""723""}",alesia fabric curtain fabric sar mustard jacquard balcony luxury curtain fabric upholstery cloth drape textile material,"December 16, 2025"
PRD55530,FWC240653,Monochrome Na,Fabric,Curtain Fabric,NHD,1450,3.6,1,50,in_stock,TRUE,Current,Oak,Jacquard,Hotel Room,Classic,MTR,"Monochrome is a classic curtain fabric from NHD. It is suitable for hotel room use and comes in oak with jacquard finish. Useful for curtains, upholstery, drapes, cushions, and soft furnishing projects.","{""color"": ""Oak"", ""material"": ""Jacquard"", ""room"": ""Hotel Room"", ""style"": ""Classic"", ""unit"": ""MTR"", ""size"": ""54''"", ""series"": ""116""}",monochrome fabric curtain fabric nhd oak jacquard hotel room classic curtain fabric upholstery cloth drape textile material,"July 19, 2025"
PRD33224,FWC209002,Meher Vector,Fabric,Curtain Fabric,APS,1450,4.4,59,3,low_stock,TRUE,Current,Charcoal,Polyester,Guest Room,Contemporary,MTR,"Meher Vector is a contemporary curtain fabric from APS. It is suitable for guest room use and comes in charcoal with polyester finish. Useful for curtains, upholstery, drapes, cushions, and soft furnishing projects.","{""color"": ""Charcoal"", ""material"": ""Polyester"", ""room"": ""Guest Room"", ""style"": ""Contemporary"", ""unit"": ""MTR"", ""series"": ""MEHE012""}",meher vector fabric curtain fabric aps charcoal polyester guest room contemporary curtain fabric upholstery cloth drape textile material,"March 18, 2026"
PRD55368,FWC195650,Black Out Suede Suede Eclipse Fabric,Fabric,Curtain Fabric,DDHS,1460,4.2,10,3,low_stock,TRUE,Current,Black,Velvet,Balcony,Rustic,MTR,"Black Out Suede Suede Eclipse Fabric is a rustic curtain fabric from DDHS. It is suitable for balcony use and comes in black with velvet finish. Useful for curtains, upholstery, drapes, cushions, and soft furnishing projects.","{""color"": ""Black"", ""material"": ""Velvet"", ""room"": ""Balcony"", ""style"": ""Rustic"", ""unit"": ""MTR"", ""size"": ""54\"""", ""series"": ""4""}",black out suede suede eclipse fabric fabric curtain fabric ddhs black velvet balcony rustic curtain fabric upholstery cloth drape textile material,"March 31, 2025"
PRD40822,FWC218028,Rewild Purity Sublime,Fabric,Curtain Fabric,DDHS,1460,4.1,5,12,in_stock,TRUE,Current,Grey,Cotton blend,Guest Room,Rustic,MTR,"Rewild Purity Sublime is a rustic curtain fabric from DDHS. It is suitable for guest room use and comes in grey with cotton blend finish. Useful for curtains, upholstery, drapes, cushions, and soft furnishing projects.","{""color"": ""Grey"", ""material"": ""Cotton blend"", ""room"": ""Guest Room"", ""style"": ""Rustic"", ""unit"": ""MTR"", ""size"": ""54''"", ""series"": ""25""}",rewild purity sublime fabric curtain fabric ddhs grey cotton blend guest room rustic curtain fabric upholstery cloth drape textile material,"June 12, 2025"
PRD57689,FWC155908,Botanica 06,Fabric,Curtain Fabric,JDD,1470,4.8,6,35,in_stock,TRUE,Current,Charcoal,Cotton blend,Living Room,Scandinavian,MTR,"Botanica 06 is a scandinavian curtain fabric from JDD. It is suitable for living room use and comes in charcoal with cotton blend finish. Useful for curtains, upholstery, drapes, cushions, and soft furnishing projects.","{""color"": ""Charcoal"", ""material"": ""Cotton blend"", ""room"": ""Living Room"", ""style"": ""Scandinavian"", ""unit"": ""MTR"", ""size"": ""54\"""", ""series"": ""6001""}",botanica 06 fabric curtain fabric jdd charcoal cotton blend living room scandinavian curtain fabric upholstery cloth drape textile material,"June 18, 2025"
PRD58983,FWC262090,Zephyr V Na,Fabric,Curtain Fabric,DDHF,1470,4.5,16,5,in_stock,TRUE,Current,Black,Blackout fabric,Balcony,Luxury,MTR,"Zephyr V is a luxury curtain fabric from DDHF. It is suitable for balcony use and comes in black with blackout fabric finish. Useful for curtains, upholstery, drapes, cushions, and soft furnishing projects.","{""color"": ""Black"", ""material"": ""Blackout fabric"", ""room"": ""Balcony"", ""style"": ""Luxury"", ""unit"": ""MTR"", ""size"": ""54''"", ""series"": ""45""}",zephyr v fabric curtain fabric ddhf black blackout fabric balcony luxury curtain fabric upholstery cloth drape textile material,"December 26, 2025"
PRD58223,ACC05967,Avi Flc Decor Wide Bottle With Handles Fd-D24121B,Accessories,Artifacts,VIX,1500,3.7,98,3,low_stock,TRUE,Current,Olive,Artificial silk,Kids Room,Luxury,NOS,Avi Flc Decor Wide Bottle With Handles Fd-D24121B is a luxury artifacts from VIX. It is suitable for kids room use and comes in olive with artificial silk finish. Suitable for residential and hospitality interiors.,"{""color"": ""Olive"", ""material"": ""Artificial silk"", ""room"": ""Kids Room"", ""style"": ""Luxury"", ""unit"": ""NOS"", ""size"": ""22.5*10.5*20.5cm""}",avi flc decor wide bottle with handles fd-d24121b accessories artifacts vix olive artificial silk kids room luxury decor accessories artifact home styling,"August 21, 2025"
PRD57622,WAL75850,Hera Vol . 6 6093 - 3,All Wallpaper,Wallpaper,EWI,1500,4.3,19,20,in_stock,TRUE,Current,Ivory,Non-woven paper,Office,Rustic,ROLL,"Hera Vol . 6 6093 - 3 is a rustic wallpaper from EWI. It is suitable for office use and comes in ivory with non-woven paper finish. Useful for accent walls, bedroom walls, and living room decor.","{""color"": ""Ivory"", ""material"": ""Non-woven paper"", ""room"": ""Office"", ""style"": ""Rustic"", ""unit"": ""ROLL"", ""size"": ""59SQFT"", ""series"": ""39""}",hera vol . 6 6093 - 3 all wallpaper wallpaper ewi ivory non-woven paper office rustic wallpaper wall covering textured decor,"June 26, 2025"
PRD57852,FWC190717,Radiant Vamos,Fabric,Curtain Fabric,APS,1500,4.3,33,3,low_stock,TRUE,Current,Grey,Sheer fabric,Dining Room,Classic,MTR,"Radiant Vamos is a classic curtain fabric from APS. It is suitable for dining room use and comes in grey with sheer fabric finish. Useful for curtains, upholstery, drapes, cushions, and soft furnishing projects.","{""color"": ""Grey"", ""material"": ""Sheer fabric"", ""room"": ""Dining Room"", ""style"": ""Classic"", ""unit"": ""MTR"", ""size"": ""54\"""", ""series"": ""RADIA07""}",radiant vamos fabric curtain fabric aps grey sheer fabric dining room classic curtain fabric upholstery cloth drape textile material,"September 25, 2025"
PRD35233,FWC198144,Heritage Living New Molfino Fabric,Fabric,Curtain Fabric,DDHS,1510,4.3,39,20,in_stock,TRUE,Current,Blue,Sheer fabric,Living Room,Rustic,MTR,"Heritage Living New Molfino Fabric is a rustic curtain fabric from DDHS. It is suitable for living room use and comes in blue with sheer fabric finish. Useful for curtains, upholstery, drapes, cushions, and soft furnishing projects.","{""color"": ""Blue"", ""material"": ""Sheer fabric"", ""room"": ""Living Room"", ""style"": ""Rustic"", ""unit"": ""MTR"", ""size"": ""54\"""", ""series"": ""24""}",heritage living new molfino fabric fabric curtain fabric ddhs blue sheer fabric living room rustic curtain fabric upholstery cloth drape textile material,"November 26, 2025"
PRD59504,FWC196118,Gulnar Taffeta Slub Oriana With Zari-140 Fabric,Fabric,Curtain Fabric,HICF,1530,4.2,43,12,in_stock,TRUE,Current,Pink,Blackout fabric,Hotel Room,Modern,MTR,"Gulnar Taffeta Slub Oriana With Zari-140 Fabric is a modern curtain fabric from HICF. It is suitable for hotel room use and comes in pink with blackout fabric finish. Useful for curtains, upholstery, drapes, cushions, and soft furnishing projects.","{""color"": ""Pink"", ""material"": ""Blackout fabric"", ""room"": ""Hotel Room"", ""style"": ""Modern"", ""unit"": ""MTR"", ""size"": ""54\"""", ""series"": ""46""}",gulnar taffeta slub oriana with zari-140 fabric fabric curtain fabric hicf pink blackout fabric hotel room modern curtain fabric upholstery cloth drape textile material,"February 19, 2026"
PRD55445,FWC153341,Lyons Ii Siam Fabric,Fabric,Curtain Fabric,DDHS,1610,3.8,19,20,in_stock,TRUE,Current,Grey,Velvet,Kids Room,Minimal,MTR,"Lyons Ii Siam Fabric is a minimal curtain fabric from DDHS. It is suitable for kids room use and comes in grey with velvet finish. Useful for curtains, upholstery, drapes, cushions, and soft furnishing projects.","{""color"": ""Grey"", ""material"": ""Velvet"", ""room"": ""Kids Room"", ""style"": ""Minimal"", ""unit"": ""MTR"", ""size"": ""54\"""", ""series"": ""220""}",lyons ii siam fabric fabric curtain fabric ddhs grey velvet kids room minimal curtain fabric upholstery cloth drape textile material,"October 29, 2025"
PRD33057,FWC205326,Ritz 06,Fabric,Curtain Fabric,KDH,1610,3.9,145,1,low_stock,TRUE,Current,Natural,Cotton blend,Balcony,Contemporary,MTR,"Ritz 06 is a contemporary curtain fabric from KDH. It is suitable for balcony use and comes in natural with cotton blend finish. Useful for curtains, upholstery, drapes, cushions, and soft furnishing projects.","{""color"": ""Natural"", ""material"": ""Cotton blend"", ""room"": ""Balcony"", ""style"": ""Contemporary"", ""unit"": ""MTR"", ""size"": ""54\"""", ""series"": ""625""}",ritz 06 fabric curtain fabric kdh natural cotton blend balcony contemporary curtain fabric upholstery cloth drape textile material,"January 8, 2026"
PRD53207,FWC217684,Craftville Durrie,Fabric,Curtain Fabric,DDHS,1640,3.9,19,3,low_stock,TRUE,Current,Charcoal,Sheer fabric,Guest Room,Minimal,MTR,"Craftville Durrie is a minimal curtain fabric from DDHS. It is suitable for guest room use and comes in charcoal with sheer fabric finish. Useful for curtains, upholstery, drapes, cushions, and soft furnishing projects.","{""color"": ""Charcoal"", ""material"": ""Sheer fabric"", ""room"": ""Guest Room"", ""style"": ""Minimal"", ""unit"": ""MTR"", ""size"": ""54''"", ""series"": ""43""}",craftville durrie fabric curtain fabric ddhs charcoal sheer fabric guest room minimal curtain fabric upholstery cloth drape textile material,"April 21, 2026"
PRD58656,FWC187189,Zenith Loktak,Fabric,Curtain Fabric,APS,1640,4.4,9,12,in_stock,TRUE,Current,Oak,Polyester,Dining Room,Contemporary,MTR,"Zenith Loktak is a contemporary curtain fabric from APS. It is suitable for dining room use and comes in oak with polyester finish. Useful for curtains, upholstery, drapes, cushions, and soft furnishing projects.","{""color"": ""Oak"", ""material"": ""Polyester"", ""room"": ""Dining Room"", ""style"": ""Contemporary"", ""unit"": ""MTR"", ""size"": ""54\"""", ""series"": ""ZENIT15""}",zenith loktak fabric curtain fabric aps oak polyester dining room contemporary curtain fabric upholstery cloth drape textile material,"November 28, 2025"
PRD50883,SAM06794,Tanabana Wallpaper,Samples,Wallpaper Samples,SWS,1650,4.1,19,5,in_stock,TRUE,Current,Beige,Ceramic,Balcony,Minimal,NOS,Tanabana Wallpaper is a minimal wallpaper samples from SWS. It is suitable for balcony use and comes in beige with ceramic finish. Suitable for residential and hospitality interiors.,"{""color"": ""Beige"", ""material"": ""Ceramic"", ""room"": ""Balcony"", ""style"": ""Minimal"", ""unit"": ""NOS"", ""size"": ""NA"", ""series"": ""NA""}",tanabana wallpaper samples wallpaper samples sws beige ceramic balcony minimal home decor furniture interiors,"August 28, 2024"
PRD57397,FWC148244,Bayana Nawa,Fabric,Curtain Fabric,APS,1670,4,1,0,out_of_stock,TRUE,Current,White,Linen blend,Hotel Room,Rustic,MTR,"Bayana Nawa is a rustic curtain fabric from APS. It is suitable for hotel room use and comes in white with linen blend finish. Useful for curtains, upholstery, drapes, cushions, and soft furnishing projects.","{""color"": ""White"", ""material"": ""Linen blend"", ""room"": ""Hotel Room"", ""style"": ""Rustic"", ""unit"": ""MTR"", ""size"": ""54\"""", ""series"": ""BAY0008""}",bayana nawa fabric curtain fabric aps white linen blend hotel room rustic curtain fabric upholstery cloth drape textile material,"October 9, 2025"
PRD55908,FWC148275,Bayana Anjad,Fabric,Curtain Fabric,APS,1670,4.5,6,12,in_stock,TRUE,Current,Black,Sheer fabric,Kids Room,Classic,MTR,"Bayana Anjad is a classic curtain fabric from APS. It is suitable for kids room use and comes in black with sheer fabric finish. Useful for curtains, upholstery, drapes, cushions, and soft furnishing projects.","{""color"": ""Black"", ""material"": ""Sheer fabric"", ""room"": ""Kids Room"", ""style"": ""Classic"", ""unit"": ""MTR"", ""size"": ""54\"""", ""series"": ""BAY0039""}",bayana anjad fabric curtain fabric aps black sheer fabric kids room classic curtain fabric upholstery cloth drape textile material,"September 24, 2025"
PRD44215,FWC218938,Esperance Wide,Fabric,Curtain Fabric,DDCF,1680,3.8,19,20,in_stock,TRUE,Current,Gold,Jacquard,Bedroom,Minimal,MTR,"Esperance Wide is a minimal curtain fabric from DDCF. It is suitable for bedroom use and comes in gold with jacquard finish. Useful for curtains, upholstery, drapes, cushions, and soft furnishing projects.","{""color"": ""Gold"", ""material"": ""Jacquard"", ""room"": ""Bedroom"", ""style"": ""Minimal"", ""unit"": ""MTR"", ""size"": ""118''"", ""series"": ""1""}",esperance wide fabric curtain fabric ddcf gold jacquard bedroom minimal curtain fabric upholstery cloth drape textile material,"April 16, 2026"
PRD34678,FWC254699,Fables Fwpl Na,Fabric,Curtain Fabric,DDCF,1680,4.9,19,3,low_stock,TRUE,Current,Olive,Blackout fabric,Office,Traditional,MTR,"Fables Fwpl is a traditional curtain fabric from DDCF. It is suitable for office use and comes in olive with blackout fabric finish. Useful for curtains, upholstery, drapes, cushions, and soft furnishing projects.","{""color"": ""Olive"", ""material"": ""Blackout fabric"", ""room"": ""Office"", ""style"": ""Traditional"", ""unit"": ""MTR"", ""size"": ""54''"", ""series"": ""21""}",fables fwpl fabric curtain fabric ddcf olive blackout fabric office traditional curtain fabric upholstery cloth drape textile material,"April 6, 2026"
PRD56531,FWC209016,Meher Vine,Fabric,Curtain Fabric,APS,1690,4.1,20,12,in_stock,TRUE,Current,Brown,Blackout fabric,Kids Room,Classic,MTR,"Meher Vine is a classic curtain fabric from APS. It is suitable for kids room use and comes in brown with blackout fabric finish. Useful for curtains, upholstery, drapes, cushions, and soft furnishing projects.","{""color"": ""Brown"", ""material"": ""Blackout fabric"", ""room"": ""Kids Room"", ""style"": ""Classic"", ""unit"": ""MTR"", ""series"": ""MEHE007""}",meher vine fabric curtain fabric aps brown blackout fabric kids room classic curtain fabric upholstery cloth drape textile material,"July 16, 2025"
PRD60243,FWC196184,Inara Sheersa55481P Multic. Dullthread Emb-140 Fabric,Fabric,Fabric,Generic,1690,3.8,20,5,in_stock,TRUE,Current,Walnut,Blackout fabric,Guest Room,Modern,MTR,"Inara Sheersa55481P Multic. Dullthread Emb-140 Fabric is a modern fabric from Generic. It is suitable for guest room use and comes in walnut with blackout fabric finish. Useful for curtains, upholstery, drapes, cushions, and soft furnishing projects.","{""color"": ""Walnut"", ""material"": ""Blackout fabric"", ""room"": ""Guest Room"", ""style"": ""Modern"", ""unit"": ""MTR"", ""size"": ""54"", ""series"": ""58""}",inara sheersa55481p multic. dullthread emb-140 fabric fabric nan nan walnut blackout fabric guest room modern curtain fabric upholstery cloth drape textile material,"May 1, 2026"
PRD34678,FWC254733,Fables Fwpl Na,Fabric,Curtain Fabric,DDCF,1760,3.8,14,5,in_stock,TRUE,Current,Navy,Linen blend,Bedroom,Scandinavian,MTR,"Fables Fwpl is a scandinavian curtain fabric from DDCF. It is suitable for bedroom use and comes in navy with linen blend finish. Useful for curtains, upholstery, drapes, cushions, and soft furnishing projects.","{""color"": ""Navy"", ""material"": ""Linen blend"", ""room"": ""Bedroom"", ""style"": ""Scandinavian"", ""unit"": ""MTR"", ""size"": ""54''"", ""series"": ""56""}",fables fwpl fabric curtain fabric ddcf navy linen blend bedroom scandinavian curtain fabric upholstery cloth drape textile material,"April 11, 2026"
PRD46372,FWC254927,Sheer Library - Ii Solace 1121,Fabric,Curtain Fabric,SAR,1760,4.5,39,8,in_stock,TRUE,Current,Grey,Linen blend,Balcony,Traditional,MTR,"Sheer Library - Ii Solace 1121 is a traditional curtain fabric from SAR. It is suitable for balcony use and comes in grey with linen blend finish. Useful for curtains, upholstery, drapes, cushions, and soft furnishing projects.","{""color"": ""Grey"", ""material"": ""Linen blend"", ""room"": ""Balcony"", ""style"": ""Traditional"", ""unit"": ""MTR"", ""size"": ""118''"", ""series"": ""103""}",sheer library - ii solace 1121 fabric curtain fabric sar grey linen blend balcony traditional curtain fabric upholstery cloth drape textile material,"March 14, 2026"
PRD57358,WAL75171,Ornella Fw50 Or08-3,All Wallpaper,Wallpaper,SWS,1770,4.6,55,3,low_stock,TRUE,Current,Charcoal,Non-woven paper,Kids Room,Classic,ROLL,"Ornella Fw50 Or08-3 is a classic wallpaper from SWS. It is suitable for kids room use and comes in charcoal with non-woven paper finish. Useful for accent walls, bedroom walls, and living room decor.","{""color"": ""Charcoal"", ""material"": ""Non-woven paper"", ""room"": ""Kids Room"", ""style"": ""Classic"", ""unit"": ""ROLL"", ""size"": ""57SQFT"", ""series"": ""37""}",ornella fw50 or08-3 all wallpaper wallpaper sws charcoal non-woven paper kids room classic wallpaper wall covering textured decor,"September 25, 2025"
PRD56646,FWC169052,Luminous Meteor Fabric,Fabric,Curtain Fabric,DDHS,1770,4.8,29,0,out_of_stock,TRUE,Current,Beige,Sheer fabric,Office,Scandinavian,MTR,"Luminous Meteor Fabric is a scandinavian curtain fabric from DDHS. It is suitable for office use and comes in beige with sheer fabric finish. Useful for curtains, upholstery, drapes, cushions, and soft furnishing projects.","{""color"": ""Beige"", ""material"": ""Sheer fabric"", ""room"": ""Office"", ""style"": ""Scandinavian"", ""unit"": ""MTR"", ""size"": ""54\"""", ""series"": ""1""}",luminous meteor fabric fabric curtain fabric ddhs beige sheer fabric office scandinavian curtain fabric upholstery cloth drape textile material,"June 26, 2025"
PRD56891,FWC196200,Kids (Wonderland Cracker,Fabric,Curtain Fabric,APS,1790,4.5,40,35,in_stock,TRUE,Current,Olive,Cotton blend,Kids Room,Luxury,MTR,"Kids (Wonderland Cracker is a luxury curtain fabric from APS. It is suitable for kids room use and comes in olive with cotton blend finish. Useful for curtains, upholstery, drapes, cushions, and soft furnishing projects.","{""color"": ""Olive"", ""material"": ""Cotton blend"", ""room"": ""Kids Room"", ""style"": ""Luxury"", ""unit"": ""MTR"", ""size"": ""54\"""", ""series"": ""WOND029""}",kids (wonderland cracker fabric curtain fabric aps olive cotton blend kids room luxury curtain fabric upholstery cloth drape textile material,"December 15, 2025"
PRD50303,SAC00503,Century Foam Sheets 30D,Sofa Accessories,Sofa Sheets,PFM,1860,4.2,57,5,in_stock,TRUE,Current,Mustard,Engineered wood,Bedroom,Scandinavian,NOS,Century Foam Sheets 30D is a scandinavian sofa sheets from PFM. It is suitable for bedroom use and comes in mustard with engineered wood finish. Suitable for residential and hospitality interiors.,"{""color"": ""Mustard"", ""material"": ""Engineered wood"", ""room"": ""Bedroom"", ""style"": ""Scandinavian"", ""unit"": ""NOS"", ""size"": ""72X36X1.5''"", ""series"": ""NA""}",century foam sheets 30d sofa accessories sofa sheets pfm mustard engineered wood bedroom scandinavian home decor furniture interiors,"March 21, 2026"
PRD43920,FMT03644,Doormat Plush Mouve,Mats,Door Mat,EFIPL,1880,4.9,9,20,in_stock,TRUE,Current,Natural,Microfiber,Guest Room,Classic,NOS,"Doormat Plush Mouve is a classic door mat from EFIPL. It is suitable for guest room use and comes in natural with microfiber finish. Useful near entrances, bathrooms, kitchens, and high-footfall areas.","{""color"": ""Natural"", ""material"": ""Microfiber"", ""room"": ""Guest Room"", ""style"": ""Classic"", ""unit"": ""NOS"", ""size"": ""50X70"", ""series"": ""FW50""}",doormat plush mouve mats door mat efipl natural microfiber guest room classic mat doormat carpet floor entrance anti slip,"June 20, 2023"
PRD57750,FWC136978,Water Colors Iii,Fabric,Curtain Fabric,JDD,1890,4,25,8,in_stock,TRUE,Current,Green,Polyester,Living Room,Modern,MTR,"Water Colors Iii is a modern curtain fabric from JDD. It is suitable for living room use and comes in green with polyester finish. Useful for curtains, upholstery, drapes, cushions, and soft furnishing projects.","{""color"": ""Green"", ""material"": ""Polyester"", ""room"": ""Living Room"", ""style"": ""Modern"", ""unit"": ""MTR"", ""size"": ""54\"""", ""series"": ""386""}",water colors iii fabric curtain fabric jdd green polyester living room modern curtain fabric upholstery cloth drape textile material,"January 29, 2026"
PRD47025,FWC151163,Blockprint Amazon,Fabric,Curtain Fabric,AZ,1900,3.9,11,0,out_of_stock,TRUE,Current,Navy,Linen blend,Hotel Room,Classic,MTR,"Blockprint Amazon is a classic curtain fabric from AZ. It is suitable for hotel room use and comes in navy with linen blend finish. Useful for curtains, upholstery, drapes, cushions, and soft furnishing projects.","{""color"": ""Navy"", ""material"": ""Linen blend"", ""room"": ""Hotel Room"", ""style"": ""Classic"", ""unit"": ""MTR"", ""size"": ""54"", ""series"": ""AW - 126""}",blockprint amazon fabric curtain fabric az navy linen blend hotel room classic curtain fabric upholstery cloth drape textile material,"April 22, 2026"
PRD56808,FWC200707,Busan Trivia,Fabric,Curtain Fabric,APS,1940,3.8,11,35,in_stock,TRUE,Current,Ivory,Cotton blend,Office,Minimal,MTR,"Busan Trivia is a minimal curtain fabric from APS. It is suitable for office use and comes in ivory with cotton blend finish. Useful for curtains, upholstery, drapes, cushions, and soft furnishing projects.","{""color"": ""Ivory"", ""material"": ""Cotton blend"", ""room"": ""Office"", ""style"": ""Minimal"", ""unit"": ""MTR"", ""size"": ""54\"""", ""series"": ""BUSA001""}",busan trivia fabric curtain fabric aps ivory cotton blend office minimal curtain fabric upholstery cloth drape textile material,"May 23, 2025"
PRD16657,HDW08371,M Track,Hardware,Curtain Track,ACI,1960,4.1,211,20,in_stock,TRUE,Current,Walnut,Plastic,Hotel Room,Contemporary,NOS,M Track is a contemporary curtain track from ACI. It is suitable for hotel room use and comes in walnut with plastic finish. Suitable for residential and hospitality interiors.,"{""color"": ""Walnut"", ""material"": ""Plastic"", ""room"": ""Hotel Room"", ""style"": ""Contemporary"", ""unit"": ""NOS"", ""size"": ""6FT""}",m track hardware curtain track aci walnut plastic hotel room contemporary curtain rod finial track hardware fittings,"November 28, 2025"
PRD48149,FWC157458,Burgundy Iii Satin Texture Sa 45683Y Foil Print-140 Fabric,Fabric,Curtain Fabric,HICF,1960,3.8,46,8,in_stock,TRUE,Current,Green,Sheer fabric,Guest Room,Minimal,MTR,"Burgundy Iii Satin Texture Sa 45683Y Foil Print-140 Fabric is a minimal curtain fabric from HICF. It is suitable for guest room use and comes in green with sheer fabric finish. Useful for curtains, upholstery, drapes, cushions, and soft furnishing projects.","{""color"": ""Green"", ""material"": ""Sheer fabric"", ""room"": ""Guest Room"", ""style"": ""Minimal"", ""unit"": ""MTR"", ""size"": ""54\"""", ""series"": ""335""}",burgundy iii satin texture sa 45683y foil print-140 fabric fabric curtain fabric hicf green sheer fabric guest room minimal curtain fabric upholstery cloth drape textile material,"May 22, 2025"
PRD59935,FWC164185,Dimension,Fabric,Curtain Fabric,Generic,1970,4.2,22,50,in_stock,TRUE,Current,Navy,Jacquard,Bedroom,Scandinavian,MTR,"Dimension is a scandinavian curtain fabric from Generic. It is suitable for bedroom use and comes in navy with jacquard finish. Useful for curtains, upholstery, drapes, cushions, and soft furnishing projects.","{""color"": ""Navy"", ""material"": ""Jacquard"", ""room"": ""Bedroom"", ""style"": ""Scandinavian"", ""unit"": ""MTR"", ""size"": ""54"", ""series"": ""32120""}",dimension fabric curtain fabric nan navy jacquard bedroom scandinavian curtain fabric upholstery cloth drape textile material,"April 30, 2026"
PRD55989,FWC200740,Busan Yuzen,Fabric,Curtain Fabric,APS,2000,4,25,3,low_stock,TRUE,Current,Navy,Velvet,Guest Room,Rustic,MTR,"Busan Yuzen is a rustic curtain fabric from APS. It is suitable for guest room use and comes in navy with velvet finish. Useful for curtains, upholstery, drapes, cushions, and soft furnishing projects.","{""color"": ""Navy"", ""material"": ""Velvet"", ""room"": ""Guest Room"", ""style"": ""Rustic"", ""unit"": ""MTR"", ""size"": ""54"", ""series"": ""BUSA034""}",busan yuzen fabric curtain fabric aps navy velvet guest room rustic curtain fabric upholstery cloth drape textile material,"April 20, 2026"
PRD51350,FWC179011,Paroma Upholstery Dhari,Fabric,Curtain Fabric,APS,2000,4.1,3,0,out_of_stock,TRUE,Current,Grey,Cotton blend,Kids Room,Luxury,MTR,"Paroma Upholstery Dhari is a luxury curtain fabric from APS. It is suitable for kids room use and comes in grey with cotton blend finish. Useful for curtains, upholstery, drapes, cushions, and soft furnishing projects.","{""color"": ""Grey"", ""material"": ""Cotton blend"", ""room"": ""Kids Room"", ""style"": ""Luxury"", ""unit"": ""MTR"", ""size"": ""54\"""", ""series"": ""AAA2022PARUP115125""}",paroma upholstery dhari fabric curtain fabric aps grey cotton blend kids room luxury curtain fabric upholstery cloth drape textile material,"July 7, 2025"
PRD33988,FWC222827,Edition - I,Fabric,Curtain Fabric,DDCF,2000,4.5,52,20,in_stock,TRUE,Current,Black,Jacquard,Hotel Room,Luxury,MTR,"Edition - I is a luxury curtain fabric from DDCF. It is suitable for hotel room use and comes in black with jacquard finish. Useful for curtains, upholstery, drapes, cushions, and soft furnishing projects.","{""color"": ""Black"", ""material"": ""Jacquard"", ""room"": ""Hotel Room"", ""style"": ""Luxury"", ""unit"": ""MTR"", ""size"": ""54"", ""series"": ""17""}",edition - i fabric curtain fabric ddcf black jacquard hotel room luxury curtain fabric upholstery cloth drape textile material,"March 7, 2026"
PRD49907,ACC05677,Pn Decor Pn Metal Vase 1057 - Green,Accessories,Artifacts,PWDPL,2010,3.7,4,8,in_stock,TRUE,Current,Green,Ceramic,Bedroom,Contemporary,NOS,Pn Decor Pn Metal Vase 1057 - Green is a contemporary artifacts from PWDPL. It is suitable for bedroom use and comes in green with ceramic finish. Suitable for residential and hospitality interiors.,"{""color"": ""Green"", ""material"": ""Ceramic"", ""room"": ""Bedroom"", ""style"": ""Contemporary"", ""unit"": ""NOS""}",pn decor pn metal vase 1057 - green accessories artifacts pwdpl green ceramic bedroom contemporary decor accessories artifact home styling,"November 18, 2024"
PRD33429,FWC158247,Bling Polo With Foil Print-140 Fabric,Fabric,Curtain Fabric,HICF,2010,3.6,181,50,in_stock,TRUE,Current,Grey,Velvet,Kids Room,Modern,MTR,"Bling Polo With Foil Print-140 Fabric is a modern curtain fabric from HICF. It is suitable for kids room use and comes in grey with velvet finish. Useful for curtains, upholstery, drapes, cushions, and soft furnishing projects.","{""color"": ""Grey"", ""material"": ""Velvet"", ""room"": ""Kids Room"", ""style"": ""Modern"", ""unit"": ""MTR"", ""size"": ""54\"""", ""series"": ""1""}",bling polo with foil print-140 fabric fabric curtain fabric hicf grey velvet kids room modern curtain fabric upholstery cloth drape textile material,"August 28, 2025"
PRD32599,FWC183491,Shiny Sheers,Fabric,Curtain Fabric,JDD,2060,4.5,19,12,in_stock,TRUE,Current,Natural,Jacquard,Balcony,Luxury,MTR,"Shiny Sheers is a luxury curtain fabric from JDD. It is suitable for balcony use and comes in natural with jacquard finish. Useful for curtains, upholstery, drapes, cushions, and soft furnishing projects.","{""color"": ""Natural"", ""material"": ""Jacquard"", ""room"": ""Balcony"", ""style"": ""Luxury"", ""unit"": ""MTR"", ""size"": ""54\"""", ""series"": ""11808""}",shiny sheers fabric curtain fabric jdd natural jacquard balcony luxury curtain fabric upholstery cloth drape textile material,"May 28, 2025"
PRD54209,FWC199181,Cocoon Boucle Boucle Delight Fabric,Fabric,Curtain Fabric,DDHS,2080,3.6,10,35,in_stock,TRUE,Current,Red,Cotton blend,Hotel Room,Classic,MTR,"Cocoon Boucle Boucle Delight Fabric is a classic curtain fabric from DDHS. It is suitable for hotel room use and comes in red with cotton blend finish. Useful for curtains, upholstery, drapes, cushions, and soft furnishing projects.","{""color"": ""Red"", ""material"": ""Cotton blend"", ""room"": ""Hotel Room"", ""style"": ""Classic"", ""unit"": ""MTR"", ""size"": ""54"", ""series"": ""6""}",cocoon boucle boucle delight fabric fabric curtain fabric ddhs red cotton blend hotel room classic curtain fabric upholstery cloth drape textile material,"April 13, 2026"
PRD39473,FWC250456,Panel World 8 Glorius,Fabric,Curtain Fabric,WLEPL,2080,4.7,91,12,in_stock,TRUE,Current,Maroon,Sheer fabric,Office,Modern,NOS,"Panel World 8 Glorius is a modern curtain fabric from WLEPL. It is suitable for office use and comes in maroon with sheer fabric finish. Useful for curtains, upholstery, drapes, cushions, and soft furnishing projects.","{""color"": ""Maroon"", ""material"": ""Sheer fabric"", ""room"": ""Office"", ""style"": ""Modern"", ""unit"": ""NOS"", ""size"": ""53''"", ""series"": ""NA""}",panel world 8 glorius fabric curtain fabric wlepl maroon sheer fabric office modern curtain fabric upholstery cloth drape textile material,"March 30, 2026"
PRD31680,ACC04880,Pn Decor Pn Artifact,Accessories,Artifacts,PWDPL,2100,4.3,9,12,in_stock,TRUE,Current,Black,Metal,Kids Room,Luxury,NOS,Pn Decor Pn Artifact is a luxury artifacts from PWDPL. It is suitable for kids room use and comes in black with metal finish. Suitable for residential and hospitality interiors.,"{""color"": ""Black"", ""material"": ""Metal"", ""room"": ""Kids Room"", ""style"": ""Luxury"", ""unit"": ""NOS"", ""series"": ""ARTIFACT0437""}",pn decor pn artifact accessories artifacts pwdpl black metal kids room luxury decor accessories artifact home styling,"August 29, 2024"
PRD55699,FWC168846,Antique Velvet Nampa Multicolour+Foil Print-140 Fabric,Fabric,Curtain Fabric,HICF,2120,4,9,35,in_stock,TRUE,Current,Charcoal,Polyester,Office,Classic,MTR,"Antique Velvet Nampa Multicolour+Foil Print-140 Fabric is a classic curtain fabric from HICF. It is suitable for office use and comes in charcoal with polyester finish. Useful for curtains, upholstery, drapes, cushions, and soft furnishing projects.","{""color"": ""Charcoal"", ""material"": ""Polyester"", ""room"": ""Office"", ""style"": ""Classic"", ""unit"": ""MTR"", ""size"": ""54\"""", ""series"": ""14""}",antique velvet nampa multicolour+foil print-140 fabric fabric curtain fabric hicf charcoal polyester office classic curtain fabric upholstery cloth drape textile material,"March 31, 2025"
PRD34362,ACC05252,Pn Decor Pn Resin Vase,Accessories,Artifacts,PWDPL,2120,4.3,14,50,in_stock,TRUE,Current,Black,Artificial silk,Office,Luxury,NOS,Pn Decor Pn Resin Vase is a luxury artifacts from PWDPL. It is suitable for office use and comes in black with artificial silk finish. Suitable for residential and hospitality interiors.,"{""color"": ""Black"", ""material"": ""Artificial silk"", ""room"": ""Office"", ""style"": ""Luxury"", ""unit"": ""NOS""}",pn decor pn resin vase accessories artifacts pwdpl black artificial silk office luxury decor accessories artifact home styling,"August 29, 2024"
PRD53006,FWC253239,Checkmate Fwpl Na,Fabric,Curtain Fabric,DDCF,2120,4.3,13,8,in_stock,TRUE,Current,Oak,Blackout fabric,Office,Contemporary,MTR,"Checkmate Fwpl is a contemporary curtain fabric from DDCF. It is suitable for office use and comes in oak with blackout fabric finish. Useful for curtains, upholstery, drapes, cushions, and soft furnishing projects.","{""color"": ""Oak"", ""material"": ""Blackout fabric"", ""room"": ""Office"", ""style"": ""Contemporary"", ""unit"": ""MTR"", ""size"": ""54''"", ""series"": ""3""}",checkmate fwpl fabric curtain fabric ddcf oak blackout fabric office contemporary curtain fabric upholstery cloth drape textile material,"November 28, 2025"
PRD41544,LIN08077,Bedsheet Maxima Ma-72-D,Linen,Bedsheet,AE,2200,3.4,26,8,in_stock,TRUE,Current,Grey,Microfiber,Living Room,Rustic,NOS,Bedsheet Maxima Ma-72-D is a rustic bedsheet from AE. It is suitable for living room use and comes in grey with microfiber finish. Suitable for residential and hospitality interiors.,"{""color"": ""Grey"", ""material"": ""Microfiber"", ""room"": ""Living Room"", ""style"": ""Rustic"", ""unit"": ""NOS"", ""size"": ""2.74X2.74""}",bedsheet maxima ma-72-d linen bedsheet ae grey microfiber living room rustic bedsheet pillow linen bedding soft furnishing,"November 3, 2021"
PRD56682,FWC194101,Skyweaver Olari,Fabric,Curtain Fabric,APS,2240,4,5,12,in_stock,TRUE,Current,Natural,Blackout fabric,Dining Room,Minimal,MTR,"Skyweaver Olari is a minimal curtain fabric from APS. It is suitable for dining room use and comes in natural with blackout fabric finish. Useful for curtains, upholstery, drapes, cushions, and soft furnishing projects.","{""color"": ""Natural"", ""material"": ""Blackout fabric"", ""room"": ""Dining Room"", ""style"": ""Minimal"", ""unit"": ""MTR"", ""size"": ""54\"""", ""series"": ""116307""}",skyweaver olari fabric curtain fabric aps natural blackout fabric dining room minimal curtain fabric upholstery cloth drape textile material,"May 10, 2025"
PRD56985,FWC253134,Tropical Calm Twine Bergen,Fabric,Curtain Fabric,DDHF,2250,4.4,5,50,in_stock,TRUE,Current,Green,Velvet,Balcony,Minimal,MTR,"Tropical Calm Twine Bergen is a minimal curtain fabric from DDHF. It is suitable for balcony use and comes in green with velvet finish. Useful for curtains, upholstery, drapes, cushions, and soft furnishing projects.","{""color"": ""Green"", ""material"": ""Velvet"", ""room"": ""Balcony"", ""style"": ""Minimal"", ""unit"": ""MTR"", ""size"": ""54''"", ""series"": ""31""}",tropical calm twine bergen fabric curtain fabric ddhf green velvet balcony minimal curtain fabric upholstery cloth drape textile material,"January 12, 2026"
PRD55924,FWC253123,Tropical Calm Twine Giah,Fabric,Curtain Fabric,DDHF,2250,4,29,5,in_stock,TRUE,Current,Navy,Cotton blend,Living Room,Minimal,MTR,"Tropical Calm Twine Giah is a minimal curtain fabric from DDHF. It is suitable for living room use and comes in navy with cotton blend finish. Useful for curtains, upholstery, drapes, cushions, and soft furnishing projects.","{""color"": ""Navy"", ""material"": ""Cotton blend"", ""room"": ""Living Room"", ""style"": ""Minimal"", ""unit"": ""MTR"", ""size"": ""54''"", ""series"": ""20""}",tropical calm twine giah fabric curtain fabric ddhf navy cotton blend living room minimal curtain fabric upholstery cloth drape textile material,"November 30, 2025"
PRD55193,FWC221688,Brush Strokes - Rouge Twine,Fabric,Curtain Fabric,DDHS,2250,3.6,14,50,in_stock,TRUE,Current,Gold,Cotton blend,Kids Room,Luxury,MTR,"Brush Strokes - Rouge Twine is a luxury curtain fabric from DDHS. It is suitable for kids room use and comes in gold with cotton blend finish. Useful for curtains, upholstery, drapes, cushions, and soft furnishing projects.","{""color"": ""Gold"", ""material"": ""Cotton blend"", ""room"": ""Kids Room"", ""style"": ""Luxury"", ""unit"": ""MTR"", ""size"": ""54''"", ""series"": ""24""}",brush strokes - rouge twine fabric curtain fabric ddhs gold cotton blend kids room luxury curtain fabric upholstery cloth drape textile material,"December 17, 2025"
PRD56553,LIN12773,Mattress Protector Komffy Na,Linen,Mattress Protector,PIPL,2250,4.2,4,0,out_of_stock,TRUE,Current,Pink,Linen,Living Room,Minimal,NOS,Mattress Protector Komffy is a minimal mattress protector from PIPL. It is suitable for living room use and comes in pink with linen finish. Suitable for residential and hospitality interiors.,"{""color"": ""Pink"", ""material"": ""Linen"", ""room"": ""Living Room"", ""style"": ""Minimal"", ""unit"": ""NOS"", ""size"": ""76.5X74X6''"", ""series"": ""NA""}",mattress protector komffy linen mattress protector pipl pink linen living room minimal bedsheet pillow linen bedding soft furnishing,"July 25, 2025"
PRD58712,FWC191962,Tantu Burrow,Fabric,Curtain Fabric,APS,2260,4.1,78,5,in_stock,TRUE,Current,Ivory,Linen blend,Living Room,Minimal,MTR,"Tantu Burrow is a minimal curtain fabric from APS. It is suitable for living room use and comes in ivory with linen blend finish. Useful for curtains, upholstery, drapes, cushions, and soft furnishing projects.","{""color"": ""Ivory"", ""material"": ""Linen blend"", ""room"": ""Living Room"", ""style"": ""Minimal"", ""unit"": ""MTR"", ""size"": ""54\"""", ""series"": ""116118""}",tantu burrow fabric curtain fabric aps ivory linen blend living room minimal curtain fabric upholstery cloth drape textile material,"January 30, 2026"
PRD16657,HDW08396,M Track,Hardware,Curtain Track,ACI,2280,4.7,51,3,low_stock,TRUE,Current,Grey,Plastic,Bedroom,Classic,NOS,M Track is a classic curtain track from ACI. It is suitable for bedroom use and comes in grey with plastic finish. Suitable for residential and hospitality interiors.,"{""color"": ""Grey"", ""material"": ""Plastic"", ""room"": ""Bedroom"", ""style"": ""Classic"", ""unit"": ""NOS"", ""size"": ""9FT""}",m track hardware curtain track aci grey plastic bedroom classic curtain rod finial track hardware fittings,"August 22, 2025"
PRD31808,LIN12449,Bedsheet Spectrum Pd19,Linen,Bedsheet,AE,2290,4.4,77,3,low_stock,TRUE,Current,Charcoal,Polyester blend,Hotel Room,Contemporary,NOS,Bedsheet Spectrum Pd19 is a contemporary bedsheet from AE. It is suitable for hotel room use and comes in charcoal with polyester blend finish. Suitable for residential and hospitality interiors.,"{""color"": ""Charcoal"", ""material"": ""Polyester blend"", ""room"": ""Hotel Room"", ""style"": ""Contemporary"", ""unit"": ""NOS"", ""size"": ""2.74X2.74""}",bedsheet spectrum pd19 linen bedsheet ae charcoal polyester blend hotel room contemporary bedsheet pillow linen bedding soft furnishing,"November 20, 2024"
PRD56321,FWC254496,Shamiana Na,Fabric,Curtain Fabric,ZE,2300,4.3,32,8,in_stock,TRUE,Current,Grey,Velvet,Bedroom,Scandinavian,MTR,"Shamiana is a scandinavian curtain fabric from ZE. It is suitable for bedroom use and comes in grey with velvet finish. Useful for curtains, upholstery, drapes, cushions, and soft furnishing projects.","{""color"": ""Grey"", ""material"": ""Velvet"", ""room"": ""Bedroom"", ""style"": ""Scandinavian"", ""unit"": ""MTR"", ""size"": ""54''"", ""series"": ""NA""}",shamiana fabric curtain fabric ze grey velvet bedroom scandinavian curtain fabric upholstery cloth drape textile material,"July 25, 2025"
PRD32475,ACC04697,Pn Decor Pn Wall Art,Accessories,Artifacts,PWDPL,2330,4,30,12,in_stock,TRUE,Current,Charcoal,Artificial silk,Office,Modern,NOS,Pn Decor Pn Wall Art is a modern artifacts from PWDPL. It is suitable for office use and comes in charcoal with artificial silk finish. Suitable for residential and hospitality interiors.,"{""color"": ""Charcoal"", ""material"": ""Artificial silk"", ""room"": ""Office"", ""style"": ""Modern"", ""unit"": ""NOS"", ""series"": ""WA0080""}",pn decor pn wall art accessories artifacts pwdpl charcoal artificial silk office modern decor accessories artifact home styling,"August 29, 2024"
PRD56318,FWC253718,Mist Fwpl Na,Fabric,Curtain Fabric,DDCF,2480,4.1,19,1,low_stock,TRUE,Current,Maroon,Sheer fabric,Balcony,Scandinavian,MTR,"Mist Fwpl is a scandinavian curtain fabric from DDCF. It is suitable for balcony use and comes in maroon with sheer fabric finish. Useful for curtains, upholstery, drapes, cushions, and soft furnishing projects.","{""color"": ""Maroon"", ""material"": ""Sheer fabric"", ""room"": ""Balcony"", ""style"": ""Scandinavian"", ""unit"": ""MTR"", ""size"": ""54''"", ""series"": ""40""}",mist fwpl fabric curtain fabric ddcf maroon sheer fabric balcony scandinavian curtain fabric upholstery cloth drape textile material,"February 9, 2026"
PRD56224,FWC248620,Panel World 7 Cosmic Pw-706 To Pw-710,Fabric,Curtain Fabric,WLEPL,2480,4.1,6,8,in_stock,TRUE,Current,Pink,Sheer fabric,Living Room,Modern,NOS,"Panel World 7 Cosmic Pw-706 To Pw-710 is a modern curtain fabric from WLEPL. It is suitable for living room use and comes in pink with sheer fabric finish. Useful for curtains, upholstery, drapes, cushions, and soft furnishing projects.","{""color"": ""Pink"", ""material"": ""Sheer fabric"", ""room"": ""Living Room"", ""style"": ""Modern"", ""unit"": ""NOS"", ""size"": ""53''"", ""series"": ""NA""}",panel world 7 cosmic pw-706 to pw-710 fabric curtain fabric wlepl pink sheer fabric living room modern curtain fabric upholstery cloth drape textile material,"May 8, 2025"
PRD56380,FWC198700,Platina Srd 53336 With Foil Print-140 Fabric,Fabric,Curtain Fabric,HICF,2520,4.2,2,35,in_stock,TRUE,Current,Walnut,Jacquard,Guest Room,Traditional,MTR,"Platina Srd 53336 With Foil Print-140 Fabric is a traditional curtain fabric from HICF. It is suitable for guest room use and comes in walnut with jacquard finish. Useful for curtains, upholstery, drapes, cushions, and soft furnishing projects.","{""color"": ""Walnut"", ""material"": ""Jacquard"", ""room"": ""Guest Room"", ""style"": ""Traditional"", ""unit"": ""MTR"", ""size"": ""54\"""", ""series"": ""16""}",platina srd 53336 with foil print-140 fabric fabric curtain fabric hicf walnut jacquard guest room traditional curtain fabric upholstery cloth drape textile material,"July 12, 2025"
PRD58505,FWC191948,Tantu Tectonic,Fabric,Curtain Fabric,APS,2640,4.2,33,0,out_of_stock,TRUE,Current,Ivory,Sheer fabric,Bedroom,Scandinavian,MTR,"Tantu Tectonic is a scandinavian curtain fabric from APS. It is suitable for bedroom use and comes in ivory with sheer fabric finish. Useful for curtains, upholstery, drapes, cushions, and soft furnishing projects.","{""color"": ""Ivory"", ""material"": ""Sheer fabric"", ""room"": ""Bedroom"", ""style"": ""Scandinavian"", ""unit"": ""MTR"", ""size"": ""54\"""", ""series"": ""116101""}",tantu tectonic fabric curtain fabric aps ivory sheer fabric bedroom scandinavian curtain fabric upholstery cloth drape textile material,"February 27, 2026"
PRD34569,LIN12020,Bedsheet Mouvement,Linen,Bedsheet,SAR,2680,4.5,0,20,in_stock,TRUE,Current,Walnut,Polyester blend,Bedroom,Classic,NOS,Bedsheet Mouvement is a classic bedsheet from SAR. It is suitable for bedroom use and comes in walnut with polyester blend finish. Suitable for residential and hospitality interiors.,"{""color"": ""Walnut"", ""material"": ""Polyester blend"", ""room"": ""Bedroom"", ""style"": ""Classic"", ""unit"": ""NOS"", ""size"": ""2.74X2.74""}",bedsheet mouvement linen bedsheet sar walnut polyester blend bedroom classic bedsheet pillow linen bedding soft furnishing,"June 24, 2024"
PRD46022,FWC219839,Fabric Library Beige Jordan,Fabric,Curtain Fabric,APS,2700,3.8,31,8,in_stock,TRUE,Current,Beige,Linen blend,Dining Room,Classic,MTR,"Fabric Library Beige Jordan is a classic curtain fabric from APS. It is suitable for dining room use and comes in beige with linen blend finish. Useful for curtains, upholstery, drapes, cushions, and soft furnishing projects.","{""color"": ""Beige"", ""material"": ""Linen blend"", ""room"": ""Dining Room"", ""style"": ""Classic"", ""unit"": ""MTR"", ""size"": ""54''"", ""series"": ""FLBE042""}",fabric library beige jordan fabric curtain fabric aps beige linen blend dining room classic curtain fabric upholstery cloth drape textile material,"April 21, 2025"
PRD34807,FWC220314,The White Window,Fabric,Curtain Fabric,DDCF,2700,4.5,6,0,out_of_stock,TRUE,Current,White,Polyester,Balcony,Contemporary,MTR,"The White Window is a contemporary curtain fabric from DDCF. It is suitable for balcony use and comes in white with polyester finish. Useful for curtains, upholstery, drapes, cushions, and soft furnishing projects.","{""color"": ""White"", ""material"": ""Polyester"", ""room"": ""Balcony"", ""style"": ""Contemporary"", ""unit"": ""MTR"", ""size"": ""54''"", ""series"": ""14""}",the white window fabric curtain fabric ddcf white polyester balcony contemporary curtain fabric upholstery cloth drape textile material,"August 15, 2025"
PRD53983,LIN09158,Bedsheet Florida Battik,Linen,Bedsheet,GPT,2710,4.2,9,3,low_stock,TRUE,Current,Green,Polyester blend,Balcony,Scandinavian,NOS,Bedsheet Florida Battik is a scandinavian bedsheet from GPT. It is suitable for balcony use and comes in green with polyester blend finish. Suitable for residential and hospitality interiors.,"{""color"": ""Green"", ""material"": ""Polyester blend"", ""room"": ""Balcony"", ""style"": ""Scandinavian"", ""unit"": ""NOS"", ""size"": ""2.75X2.75"", ""series"": ""FW50""}",bedsheet florida battik linen bedsheet gpt green polyester blend balcony scandinavian bedsheet pillow linen bedding soft furnishing,"March 16, 2022"
PRD54093,LIN12336,Blanket Single Colorways,Linen,Blanket,GPT,2710,4.1,25,8,in_stock,TRUE,Current,Olive,Polyester blend,Bedroom,Classic,NOS,Blanket Single Colorways is a classic blanket from GPT. It is suitable for bedroom use and comes in olive with polyester blend finish. Suitable for residential and hospitality interiors.,"{""color"": ""Olive"", ""material"": ""Polyester blend"", ""room"": ""Bedroom"", ""style"": ""Classic"", ""unit"": ""NOS"", ""size"": ""1.60X2.40"", ""series"": ""FW50""}",blanket single colorways linen blanket gpt olive polyester blend bedroom classic bedsheet pillow linen bedding soft furnishing,"October 1, 2024"
PRD56934,SAM06749,Piano Fabric,Samples,Fabric Samples,SAR,2740,4.1,181,12,in_stock,TRUE,Current,Oak,Engineered wood,Office,Traditional,NOS,Piano Fabric is a traditional fabric samples from SAR. It is suitable for office use and comes in oak with engineered wood finish. Suitable for residential and hospitality interiors.,"{""color"": ""Oak"", ""material"": ""Engineered wood"", ""room"": ""Office"", ""style"": ""Traditional"", ""unit"": ""NOS"", ""size"": ""NA"", ""series"": ""NA""}",piano fabric samples fabric samples sar oak engineered wood office traditional home decor furniture interiors,"March 31, 2025"
PRD55967,FLG01340,Laminate Wooden Flooring Easy,Flooring,Wooden Flooring,PV,2740,4.2,63,12,in_stock,TRUE,Current,Brown,Glass,Office,Traditional,BOX,Laminate Wooden Flooring Easy is a traditional wooden flooring from PV. It is suitable for office use and comes in brown with glass finish. Suitable for residential and hospitality interiors.,"{""color"": ""Brown"", ""material"": ""Glass"", ""room"": ""Office"", ""style"": ""Traditional"", ""unit"": ""BOX"", ""size"": ""20.35SQFT/BOX""}",laminate wooden flooring easy flooring wooden flooring pv brown glass office traditional home decor furniture interiors,"November 12, 2025"
PRD57477,SAM08093,Sirocco Fabric,Samples,Fabric Samples,SAR,2750,4.2,32,0,out_of_stock,TRUE,Current,White,Fabric,Hotel Room,Traditional,NOS,Sirocco Fabric is a traditional fabric samples from SAR. It is suitable for hotel room use and comes in white with fabric finish. Suitable for residential and hospitality interiors.,"{""color"": ""White"", ""material"": ""Fabric"", ""room"": ""Hotel Room"", ""style"": ""Traditional"", ""unit"": ""NOS"", ""size"": ""NA"", ""series"": ""NA""}",sirocco fabric samples fabric samples sar white fabric hotel room traditional home decor furniture interiors,"January 16, 2026"
PRD48546,LIN11351,Bedsheet Icon Ic82,Linen,Bedsheet,AE,2750,4.4,5,12,in_stock,TRUE,Current,Brown,Polyester blend,Bedroom,Contemporary,NOS,Bedsheet Icon Ic82 is a contemporary bedsheet from AE. It is suitable for bedroom use and comes in brown with polyester blend finish. Suitable for residential and hospitality interiors.,"{""color"": ""Brown"", ""material"": ""Polyester blend"", ""room"": ""Bedroom"", ""style"": ""Contemporary"", ""unit"": ""NOS"", ""size"": ""2.74X2.74"", ""series"": ""08-2023""}",bedsheet icon ic82 linen bedsheet ae brown polyester blend bedroom contemporary bedsheet pillow linen bedding soft furnishing,"August 22, 2023"
PRD57503,SAM08078,Cortina Fabric,Samples,Fabric Samples,SAR,2750,3.9,27,5,in_stock,TRUE,Current,Silver,Glass,Kids Room,Rustic,NOS,Cortina Fabric is a rustic fabric samples from SAR. It is suitable for kids room use and comes in silver with glass finish. Suitable for residential and hospitality interiors.,"{""color"": ""Silver"", ""material"": ""Glass"", ""room"": ""Kids Room"", ""style"": ""Rustic"", ""unit"": ""NOS"", ""series"": ""NA""}",cortina fabric samples fabric samples sar silver glass kids room rustic home decor furniture interiors,"December 9, 2025"
PRD40219,LIN10218,Bedsheet Icons Ic-64-D,Linen,Bedsheet,AE,2760,4.1,28,12,in_stock,TRUE,Current,Pink,Linen,Dining Room,Scandinavian,NOS,Bedsheet Icons Ic-64-D is a scandinavian bedsheet from AE. It is suitable for dining room use and comes in pink with linen finish. Suitable for residential and hospitality interiors.,"{""color"": ""Pink"", ""material"": ""Linen"", ""room"": ""Dining Room"", ""style"": ""Scandinavian"", ""unit"": ""NOS"", ""size"": ""2.74X2.74""}",bedsheet icons ic-64-d linen bedsheet ae pink linen dining room scandinavian bedsheet pillow linen bedding soft furnishing,"August 10, 2022"
PRD40212,LIN12027,Bedsheet Oscar,Linen,Bedsheet,SAR,2800,4.3,97,35,in_stock,TRUE,Current,Blue,Cotton,Bedroom,Classic,NOS,Bedsheet Oscar is a classic bedsheet from SAR. It is suitable for bedroom use and comes in blue with cotton finish. Suitable for residential and hospitality interiors.,"{""color"": ""Blue"", ""material"": ""Cotton"", ""room"": ""Bedroom"", ""style"": ""Classic"", ""unit"": ""NOS"", ""size"": ""2.74X2.74""}",bedsheet oscar linen bedsheet sar blue cotton bedroom classic bedsheet pillow linen bedding soft furnishing,"June 24, 2024"
PRD45597,LIN12478,Bedsheet Ropr210Alessia 198 Alessia In Shadow,Linen,Bedsheet,APS,2850,4.1,58,12,in_stock,TRUE,Current,White,Cotton,Guest Room,Classic,NOS,Bedsheet Ropr210Alessia 198 Alessia In Shadow is a classic bedsheet from APS. It is suitable for guest room use and comes in white with cotton finish. Suitable for residential and hospitality interiors.,"{""color"": ""White"", ""material"": ""Cotton"", ""room"": ""Guest Room"", ""style"": ""Classic"", ""unit"": ""NOS"", ""size"": ""1940"", ""series"": ""12%""}",bedsheet ropr210alessia 198 alessia in shadow linen bedsheet aps white cotton guest room classic bedsheet pillow linen bedding soft furnishing,"December 14, 2024"
PRD58475,FWC175938,Natural Sheers Lea Linen-Dby 21208-300Cms Fabric,Fabric,Curtain Fabric,HICF,2850,4.5,37,5,in_stock,TRUE,Current,Natural,Sheer fabric,Kids Room,Minimal,MTR,"Natural Sheers Lea Linen-Dby 21208-300Cms Fabric is a minimal curtain fabric from HICF. It is suitable for kids room use and comes in natural with sheer fabric finish. Useful for curtains, upholstery, drapes, cushions, and soft furnishing projects.","{""color"": ""Natural"", ""material"": ""Sheer fabric"", ""room"": ""Kids Room"", ""style"": ""Minimal"", ""unit"": ""MTR"", ""size"": ""54\"""", ""series"": ""6""}",natural sheers lea linen-dby 21208-300cms fabric fabric curtain fabric hicf natural sheer fabric kids room minimal curtain fabric upholstery cloth drape textile material,"December 5, 2025"
PRD32475,ACC04695,Pn Decor Pn Wall Art,Accessories,Artifacts,PWDPL,2860,4,91,20,in_stock,TRUE,Current,Navy,Artificial silk,Living Room,Contemporary,NOS,Pn Decor Pn Wall Art is a contemporary artifacts from PWDPL. It is suitable for living room use and comes in navy with artificial silk finish. Suitable for residential and hospitality interiors.,"{""color"": ""Navy"", ""material"": ""Artificial silk"", ""room"": ""Living Room"", ""style"": ""Contemporary"", ""unit"": ""NOS"", ""series"": ""WA0078""}",pn decor pn wall art accessories artifacts pwdpl navy artificial silk living room contemporary decor accessories artifact home styling,"August 29, 2024"
PRD58415,FWC262008,Kausheya Kosa Na,Fabric,Curtain Fabric,SAR,2860,4.2,6,20,in_stock,TRUE,Current,Green,Sheer fabric,Bedroom,Traditional,MTR,"Kausheya Kosa is a traditional curtain fabric from SAR. It is suitable for bedroom use and comes in green with sheer fabric finish. Useful for curtains, upholstery, drapes, cushions, and soft furnishing projects.","{""color"": ""Green"", ""material"": ""Sheer fabric"", ""room"": ""Bedroom"", ""style"": ""Traditional"", ""unit"": ""MTR"", ""size"": ""54''"", ""series"": ""102""}",kausheya kosa fabric curtain fabric sar green sheer fabric bedroom traditional curtain fabric upholstery cloth drape textile material,"December 18, 2025"
PRD46996,HDW08759,Silent Track New,Hardware,Curtain Track,AERO,2940,3.8,4,0,out_of_stock,TRUE,Current,Ivory,Brass,Guest Room,Modern,NOS,Silent Track New is a modern curtain track from AERO. It is suitable for guest room use and comes in ivory with brass finish. Suitable for residential and hospitality interiors.,"{""color"": ""Ivory"", ""material"": ""Brass"", ""room"": ""Guest Room"", ""style"": ""Modern"", ""unit"": ""NOS"", ""size"": ""9FT""}",silent track new hardware curtain track aero ivory brass guest room modern curtain rod finial track hardware fittings,"May 9, 2025"
PRD14931,MAT2216,Kurlon Rc Mattress New Spinekare,All Mattress,Mattress,KUR,2970,3.8,110,5,in_stock,TRUE,Current,Red,Latex foam,Balcony,Contemporary,NOS,"Kurlon Rc Mattress New Spinekare is a contemporary mattress from KUR. It is suitable for balcony use and comes in red with latex foam finish. Designed for comfort, support, and daily sleeping use.","{""color"": ""Red"", ""material"": ""Latex foam"", ""room"": ""Balcony"", ""style"": ""Contemporary"", ""unit"": ""NOS"", ""size"": ""78X60x5""}",kurlon rc mattress new spinekare all mattress mattress kur red latex foam balcony contemporary mattress sleep comfort orthopedic foam bed,"February 17, 2024"
PRD51571,LIN09677,Bedsheet Spectrum King Pd-13-D,Linen,Bedsheet,AE,2970,3.9,4,8,in_stock,TRUE,Current,White,Cotton,Office,Minimal,NOS,Bedsheet Spectrum King Pd-13-D is a minimal bedsheet from AE. It is suitable for office use and comes in white with cotton finish. Suitable for residential and hospitality interiors.,"{""color"": ""White"", ""material"": ""Cotton"", ""room"": ""Office"", ""style"": ""Minimal"", ""unit"": ""NOS"", ""size"": ""2.74X2.74""}",bedsheet spectrum king pd-13-d linen bedsheet ae white cotton office minimal bedsheet pillow linen bedding soft furnishing,"May 4, 2022"
PRD33931,WAL73439,Uptown Home Ador,All Wallpaper,Wallpaper,APS,2970,4.2,9,3,low_stock,TRUE,Current,Navy,Non-woven paper,Hotel Room,Luxury,ROLL,"Uptown Home Ador is a luxury wallpaper from APS. It is suitable for hotel room use and comes in navy with non-woven paper finish. Useful for accent walls, bedroom walls, and living room decor.","{""color"": ""Navy"", ""material"": ""Non-woven paper"", ""room"": ""Hotel Room"", ""style"": ""Luxury"", ""unit"": ""ROLL"", ""size"": ""57SQFT"", ""series"": ""AW06L320N75""}",uptown home ador all wallpaper wallpaper aps navy non-woven paper hotel room luxury wallpaper wall covering textured decor,"May 9, 2026"
PRD12122,MAT1345,King Koil Mattress Euromemory-5,All Mattress,Mattress,SPSM,2970,3.9,239,12,in_stock,TRUE,Current,Grey,Memory foam,Kids Room,Contemporary,NOS,"King Koil Mattress Euromemory-5 is a contemporary mattress from SPSM. It is suitable for kids room use and comes in grey with memory foam finish. Designed for comfort, support, and daily sleeping use.","{""color"": ""Grey"", ""material"": ""Memory foam"", ""room"": ""Kids Room"", ""style"": ""Contemporary"", ""unit"": ""NOS"", ""size"": ""78 X 60""}",king koil mattress euromemory-5 all mattress mattress spsm grey memory foam kids room contemporary mattress sleep comfort orthopedic foam bed,"January 28, 2019"
PRD60565,SAM08297,Honeycomb Blinds Book Blinds,Samples,Samples,FFPL,3000,4.2,69,5,in_stock,TRUE,Current,Navy,Wood,Balcony,Luxury,NOS,Honeycomb Blinds Book Blinds is a luxury samples from FFPL. It is suitable for balcony use and comes in navy with wood finish. Suitable for residential and hospitality interiors.,"{""color"": ""Navy"", ""material"": ""Wood"", ""room"": ""Balcony"", ""style"": ""Luxury"", ""unit"": ""NOS"", ""size"": ""NA"", ""series"": ""NA""}",honeycomb blinds book blinds samples nan ffpl navy wood balcony luxury home decor furniture interiors,
PRD58336,FWC263811,Balmain Na,Fabric,Curtain Fabric,WFI,3000,3.7,3,8,in_stock,TRUE,Current,Olive,Blackout fabric,Guest Room,Modern,MTR,"Balmain is a modern curtain fabric from WFI. It is suitable for guest room use and comes in olive with blackout fabric finish. Useful for curtains, upholstery, drapes, cushions, and soft furnishing projects.","{""color"": ""Olive"", ""material"": ""Blackout fabric"", ""room"": ""Guest Room"", ""style"": ""Modern"", ""unit"": ""MTR"", ""size"": ""54''"", ""series"": ""NA_""}",balmain fabric curtain fabric wfi olive blackout fabric guest room modern curtain fabric upholstery cloth drape textile material,"February 9, 2026"
PRD56153,FWC264836,Vander Na,Fabric,Curtain Fabric,WFI,3000,4.9,44,12,in_stock,TRUE,Current,Olive,Velvet,Balcony,Modern,MTR,"Vander is a modern curtain fabric from WFI. It is suitable for balcony use and comes in olive with velvet finish. Useful for curtains, upholstery, drapes, cushions, and soft furnishing projects.","{""color"": ""Olive"", ""material"": ""Velvet"", ""room"": ""Balcony"", ""style"": ""Modern"", ""unit"": ""MTR"", ""size"": ""54''"", ""series"": ""NA_""}",vander fabric curtain fabric wfi olive velvet balcony modern curtain fabric upholstery cloth drape textile material,"February 19, 2026"
PRD31680,ACC03891,Pn Decor Pn Artifact,Accessories,Artifacts,PWDPL,3030,4.4,51,20,in_stock,TRUE,Current,Gold,Glass,Balcony,Rustic,NOS,Pn Decor Pn Artifact is a rustic artifacts from PWDPL. It is suitable for balcony use and comes in gold with glass finish. Suitable for residential and hospitality interiors.,"{""color"": ""Gold"", ""material"": ""Glass"", ""room"": ""Balcony"", ""style"": ""Rustic"", ""unit"": ""NOS"", ""series"": ""ARTIFACT0271""}",pn decor pn artifact accessories artifacts pwdpl gold glass balcony rustic decor accessories artifact home styling,"June 13, 2024"
PRD31680,ACC03885,Pn Decor Pn Artifact,Accessories,Artifacts,PWDPL,3030,4.1,30,50,in_stock,TRUE,Current,Gold,Ceramic,Kids Room,Modern,NOS,Pn Decor Pn Artifact is a modern artifacts from PWDPL. It is suitable for kids room use and comes in gold with ceramic finish. Suitable for residential and hospitality interiors.,"{""color"": ""Gold"", ""material"": ""Ceramic"", ""room"": ""Kids Room"", ""style"": ""Modern"", ""unit"": ""NOS"", ""series"": ""ARTIFACT0268""}",pn decor pn artifact accessories artifacts pwdpl gold ceramic kids room modern decor accessories artifact home styling,"June 13, 2024"
PRD31680,ACC03894,Pn Decor Pn Artifact,Accessories,Artifacts,PWDPL,3030,3.9,14,35,in_stock,TRUE,Current,Silver,Glass,Dining Room,Traditional,NOS,Pn Decor Pn Artifact is a traditional artifacts from PWDPL. It is suitable for dining room use and comes in silver with glass finish. Suitable for residential and hospitality interiors.,"{""color"": ""Silver"", ""material"": ""Glass"", ""room"": ""Dining Room"", ""style"": ""Traditional"", ""unit"": ""NOS"", ""series"": ""ARTIFACT0272""}",pn decor pn artifact accessories artifacts pwdpl silver glass dining room traditional decor accessories artifact home styling,"June 13, 2024"
PRD31931,WAL75467,Bloom,All Wallpaper,Wallpaper,EWI,3120,3.8,6,8,in_stock,TRUE,Current,Charcoal,Vinyl,Dining Room,Modern,ROLL,"Bloom is a modern wallpaper from EWI. It is suitable for dining room use and comes in charcoal with vinyl finish. Useful for accent walls, bedroom walls, and living room decor.","{""color"": ""Charcoal"", ""material"": ""Vinyl"", ""room"": ""Dining Room"", ""style"": ""Modern"", ""unit"": ""ROLL"", ""size"": ""59SQFT"", ""series"": ""1""}",bloom all wallpaper wallpaper ewi charcoal vinyl dining room modern wallpaper wall covering textured decor,"April 2, 2025"
PRD55625,HDW09406,Bud Tie Back Tw01302,Hardware,Side Hook,DIPL,3140,4.2,92,5,in_stock,TRUE,Current,Oak,Steel,Office,Traditional,NOS,Bud Tie Back Tw01302 is a traditional side hook from DIPL. It is suitable for office use and comes in oak with steel finish. Suitable for residential and hospitality interiors.,"{""color"": ""Oak"", ""material"": ""Steel"", ""room"": ""Office"", ""style"": ""Traditional"", ""unit"": ""NOS"", ""size"": ""25MM"", ""series"": ""NA""}",bud tie back tw01302 hardware side hook dipl oak steel office traditional curtain rod finial track hardware fittings,"June 30, 2025"
PRD57375,FWC194205,Odyssey Ii Solids Fabric,Fabric,Curtain Fabric,DDHS,3140,4.7,47,5,in_stock,TRUE,Current,Ivory,Jacquard,Hotel Room,Contemporary,MTR,"Odyssey Ii Solids Fabric is a contemporary curtain fabric from DDHS. It is suitable for hotel room use and comes in ivory with jacquard finish. Useful for curtains, upholstery, drapes, cushions, and soft furnishing projects.","{""color"": ""Ivory"", ""material"": ""Jacquard"", ""room"": ""Hotel Room"", ""style"": ""Contemporary"", ""unit"": ""MTR"", ""size"": ""54\"""", ""series"": ""218""}",odyssey ii solids fabric fabric curtain fabric ddhs ivory jacquard hotel room contemporary curtain fabric upholstery cloth drape textile material,"December 16, 2025"
PRD57323,FWC235848,Tulle Hanger Pagoda - 300 Stillwater,Fabric,Curtain Fabric,DDHS,3140,3.8,15,5,in_stock,TRUE,Current,Beige,Polyester,Kids Room,Rustic,MTR,"Tulle Hanger Pagoda - 300 Stillwater is a rustic curtain fabric from DDHS. It is suitable for kids room use and comes in beige with polyester finish. Useful for curtains, upholstery, drapes, cushions, and soft furnishing projects.","{""color"": ""Beige"", ""material"": ""Polyester"", ""room"": ""Kids Room"", ""style"": ""Rustic"", ""unit"": ""MTR"", ""size"": ""118''"", ""series"": ""6""}",tulle hanger pagoda - 300 stillwater fabric curtain fabric ddhs beige polyester kids room rustic curtain fabric upholstery cloth drape textile material,"May 29, 2025"
PRD33352,ACC02281,Fty Decor Fv,Accessories,Artifacts,FTE,3190,3.8,36,3,low_stock,TRUE,Current,Beige,Ceramic,Bedroom,Modern,NOS,Fty Decor Fv is a modern artifacts from FTE. It is suitable for bedroom use and comes in beige with ceramic finish. Suitable for residential and hospitality interiors.,"{""color"": ""Beige"", ""material"": ""Ceramic"", ""room"": ""Bedroom"", ""style"": ""Modern"", ""unit"": ""NOS""}",fty decor fv accessories artifacts fte beige ceramic bedroom modern decor accessories artifact home styling,"June 15, 2022"
PRD46996,HDW08761,Silent Track New,Hardware,Curtain Track,AERO,3220,3.9,28,8,in_stock,TRUE,Current,Gold,Aluminium,Dining Room,Modern,NOS,Silent Track New is a modern curtain track from AERO. It is suitable for dining room use and comes in gold with aluminium finish. Suitable for residential and hospitality interiors.,"{""color"": ""Gold"", ""material"": ""Aluminium"", ""room"": ""Dining Room"", ""style"": ""Modern"", ""unit"": ""NOS"", ""size"": ""10FT""}",silent track new hardware curtain track aero gold aluminium dining room modern curtain rod finial track hardware fittings,"November 4, 2025"
PRD31680,ACC04886,Pn Decor Pn Artifact,Accessories,Artifacts,PWDPL,3280,4.6,18,8,in_stock,TRUE,Current,Pink,Metal,Balcony,Scandinavian,NOS,Pn Decor Pn Artifact is a scandinavian artifacts from PWDPL. It is suitable for balcony use and comes in pink with metal finish. Suitable for residential and hospitality interiors.,"{""color"": ""Pink"", ""material"": ""Metal"", ""room"": ""Balcony"", ""style"": ""Scandinavian"", ""unit"": ""NOS"", ""series"": ""ARTIFACT0444""}",pn decor pn artifact accessories artifacts pwdpl pink metal balcony scandinavian decor accessories artifact home styling,"August 29, 2024"
PRD30666,LIN02473,Bedsheet Premier 300 Tc Bs-D-Rm63,Linen,Bedsheet,DDHS,3390,4.2,12,8,in_stock,TRUE,Current,Mustard,Polyester blend,Hotel Room,Scandinavian,NOS.,Bedsheet Premier 300 Tc Bs-D-Rm63 is a scandinavian bedsheet from DDHS. It is suitable for hotel room use and comes in mustard with polyester blend finish. Suitable for residential and hospitality interiors.,"{""color"": ""Mustard"", ""material"": ""Polyester blend"", ""room"": ""Hotel Room"", ""style"": ""Scandinavian"", ""unit"": ""NOS."", ""size"": ""274X274""}",bedsheet premier 300 tc bs-d-rm63 linen bedsheet ddhs mustard polyester blend hotel room scandinavian bedsheet pillow linen bedding soft furnishing,"June 30, 2018"
PRD32390,ACC04559,Pn Decor Pn Metal Vase,Accessories,Vases,PWDPL,3390,4.6,30,50,in_stock,TRUE,Current,Silver,Wood,Balcony,Luxury,NOS,Pn Decor Pn Metal Vase is a luxury vases from PWDPL. It is suitable for balcony use and comes in silver with wood finish. Suitable for residential and hospitality interiors.,"{""color"": ""Silver"", ""material"": ""Wood"", ""room"": ""Balcony"", ""style"": ""Luxury"", ""unit"": ""NOS"", ""series"": ""MVASE0896""}",pn decor pn metal vase accessories vases pwdpl silver wood balcony luxury decor accessories artifact home styling,"June 14, 2024"
PRD57922,FWC251983,Woven Mirage Fungi Russet,Fabric,Curtain Fabric,DDHF,3610,3.9,9,35,in_stock,TRUE,Current,Navy,Blackout fabric,Bedroom,Contemporary,MTR,"Woven Mirage Fungi Russet is a contemporary curtain fabric from DDHF. It is suitable for bedroom use and comes in navy with blackout fabric finish. Useful for curtains, upholstery, drapes, cushions, and soft furnishing projects.","{""color"": ""Navy"", ""material"": ""Blackout fabric"", ""room"": ""Bedroom"", ""style"": ""Contemporary"", ""unit"": ""MTR"", ""size"": ""54''"", ""series"": ""46""}",woven mirage fungi russet fabric curtain fabric ddhf navy blackout fabric bedroom contemporary curtain fabric upholstery cloth drape textile material,"September 11, 2025"
PRD55099,FMT05045,Carpet Husky 4490A G31,Mats,Center Carpets,EFIPL,3620,4.6,14,12,in_stock,TRUE,Current,Olive,Cotton,Bedroom,Rustic,NOS,"Carpet Husky 4490A G31 is a rustic center carpets from EFIPL. It is suitable for bedroom use and comes in olive with cotton finish. Useful near entrances, bathrooms, kitchens, and high-footfall areas.","{""color"": ""Olive"", ""material"": ""Cotton"", ""room"": ""Bedroom"", ""style"": ""Rustic"", ""unit"": ""NOS"", ""size"": ""120X170"", ""series"": ""06-2025""}",carpet husky 4490a g31 mats center carpets efipl olive cotton bedroom rustic mat doormat carpet floor entrance anti slip,"June 20, 2025"
PRD57699,WAL56866,Signature 28022,All Wallpaper,Wallpaper,HLI,3730,3.7,9,35,in_stock,TRUE,Current,Oak,Non-woven paper,Hotel Room,Rustic,ROLL,"Signature 28022 is a rustic wallpaper from HLI. It is suitable for hotel room use and comes in oak with non-woven paper finish. Useful for accent walls, bedroom walls, and living room decor.","{""color"": ""Oak"", ""material"": ""Non-woven paper"", ""room"": ""Hotel Room"", ""style"": ""Rustic"", ""unit"": ""ROLL"", ""size"": ""57SQFT"", ""series"": ""22""}",signature 28022 all wallpaper wallpaper hli oak non-woven paper hotel room rustic wallpaper wall covering textured decor,"August 5, 2025"
PRD55464,FMT05495,Runner Flamme B61Dc,Mats,Runners,EFIPL,3810,4.4,10,20,in_stock,TRUE,Current,White,Coir,Office,Traditional,NOS,"Runner Flamme B61Dc is a traditional runners from EFIPL. It is suitable for office use and comes in white with coir finish. Useful near entrances, bathrooms, kitchens, and high-footfall areas.","{""color"": ""White"", ""material"": ""Coir"", ""room"": ""Office"", ""style"": ""Traditional"", ""unit"": ""NOS"", ""size"": ""60X150"", ""series"": ""NA_""}",runner flamme b61dc mats runners efipl white coir office traditional mat doormat carpet floor entrance anti slip,"January 6, 2026"
PRD58693,SAM07886,Texture Tunes Vol-Ii Fabric,Samples,Fabric Samples,KDF,3850,3.9,27,8,in_stock,TRUE,Current,Black,Ceramic,Living Room,Modern,NOS,Texture Tunes Vol-Ii Fabric is a modern fabric samples from KDF. It is suitable for living room use and comes in black with ceramic finish. Suitable for residential and hospitality interiors.,"{""color"": ""Black"", ""material"": ""Ceramic"", ""room"": ""Living Room"", ""style"": ""Modern"", ""unit"": ""NOS"", ""size"": ""NA"", ""series"": ""NA""}",texture tunes vol-ii fabric samples fabric samples kdf black ceramic living room modern home decor furniture interiors,"September 30, 2025"
PRD40305,FWC242635,Veranda Fwpl Na,Fabric,Curtain Fabric,DDCF,3850,4.9,5,12,in_stock,TRUE,Current,Brown,Polyester,Balcony,Luxury,MTR,"Veranda Fwpl is a luxury curtain fabric from DDCF. It is suitable for balcony use and comes in brown with polyester finish. Useful for curtains, upholstery, drapes, cushions, and soft furnishing projects.","{""color"": ""Brown"", ""material"": ""Polyester"", ""room"": ""Balcony"", ""style"": ""Luxury"", ""unit"": ""MTR"", ""size"": ""54''"", ""series"": ""5""}",veranda fwpl fabric curtain fabric ddcf brown polyester balcony luxury curtain fabric upholstery cloth drape textile material,"September 30, 2025"
PRD58314,SAM07638,Sunrise Fabric,Samples,Fabric Samples,DDCF,3910,4.4,31,3,low_stock,TRUE,Current,Maroon,Metal,Balcony,Rustic,NOS,Sunrise Fabric is a rustic fabric samples from DDCF. It is suitable for balcony use and comes in maroon with metal finish. Suitable for residential and hospitality interiors.,"{""color"": ""Maroon"", ""material"": ""Metal"", ""room"": ""Balcony"", ""style"": ""Rustic"", ""unit"": ""NOS"", ""size"": ""NA"", ""series"": ""NA""}",sunrise fabric samples fabric samples ddcf maroon metal balcony rustic home decor furniture interiors,"October 11, 2025"
PRD45577,LIN07825,Comfortor Sapphire,Linen,Comfortor,SDD,4030,4.6,119,3,low_stock,TRUE,Current,Oak,Linen,Bedroom,Modern,NOS,Comfortor Sapphire is a modern comfortor from SDD. It is suitable for bedroom use and comes in oak with linen finish. Suitable for residential and hospitality interiors.,"{""color"": ""Oak"", ""material"": ""Linen"", ""room"": ""Bedroom"", ""style"": ""Modern"", ""unit"": ""NOS"", ""size"": ""228X254"", ""series"": ""FW50""}",comfortor sapphire linen comfortor sdd oak linen bedroom modern bedsheet pillow linen bedding soft furnishing,"August 25, 2022"
PRD53123,SAM06582,Matt Jacquards Ii Fabric,Samples,Fabric Samples,DDCF,4070,4,4,8,in_stock,TRUE,Current,Green,Glass,Guest Room,Minimal,NOS,Matt Jacquards Ii Fabric is a minimal fabric samples from DDCF. It is suitable for guest room use and comes in green with glass finish. Suitable for residential and hospitality interiors.,"{""color"": ""Green"", ""material"": ""Glass"", ""room"": ""Guest Room"", ""style"": ""Minimal"", ""unit"": ""NOS"", ""size"": ""NA"", ""series"": ""NA""}",matt jacquards ii fabric samples fabric samples ddcf green glass guest room minimal home decor furniture interiors,"December 10, 2024"
PRD51895,SAM07497,Grano Wallpaper,Samples,Wallpaper Samples,WLEPL,4180,4.3,20,12,in_stock,TRUE,Current,Natural,Metal,Guest Room,Luxury,NOS,Grano Wallpaper is a luxury wallpaper samples from WLEPL. It is suitable for guest room use and comes in natural with metal finish. Suitable for residential and hospitality interiors.,"{""color"": ""Natural"", ""material"": ""Metal"", ""room"": ""Guest Room"", ""style"": ""Luxury"", ""unit"": ""NOS"", ""size"": ""NA"", ""series"": ""NA""}",grano wallpaper samples wallpaper samples wlepl natural metal guest room luxury home decor furniture interiors,"March 30, 2025"
PRD34743,ACC02974,Sns Decor Resin,Accessories,Artifacts,SNF,4190,3.9,121,1,low_stock,TRUE,Current,Beige,Artificial silk,Kids Room,Classic,NOS,Sns Decor Resin is a classic artifacts from SNF. It is suitable for kids room use and comes in beige with artificial silk finish. Suitable for residential and hospitality interiors.,"{""color"": ""Beige"", ""material"": ""Artificial silk"", ""room"": ""Kids Room"", ""style"": ""Classic"", ""unit"": ""NOS""}",sns decor resin accessories artifacts snf beige artificial silk kids room classic decor accessories artifact home styling,"November 7, 2022"
PRD33071,FMT04354,Runner New Oslo,Mats,Runners,EFIPL,4270,4.5,67,8,in_stock,TRUE,Current,Blue,Cotton,Living Room,Traditional,NOS,"Runner New Oslo is a traditional runners from EFIPL. It is suitable for living room use and comes in blue with cotton finish. Useful near entrances, bathrooms, kitchens, and high-footfall areas.","{""color"": ""Blue"", ""material"": ""Cotton"", ""room"": ""Living Room"", ""style"": ""Traditional"", ""unit"": ""NOS"", ""size"": ""60X150""}",runner new oslo mats runners efipl blue cotton living room traditional mat doormat carpet floor entrance anti slip,"January 4, 2025"
PRD31680,ACC03930,Pn Decor Pn Artifact,Accessories,Artifacts,PWDPL,4280,4.3,120,50,in_stock,TRUE,Current,White,Metal,Hotel Room,Classic,NOS,Pn Decor Pn Artifact is a classic artifacts from PWDPL. It is suitable for hotel room use and comes in white with metal finish. Suitable for residential and hospitality interiors.,"{""color"": ""White"", ""material"": ""Metal"", ""room"": ""Hotel Room"", ""style"": ""Classic"", ""unit"": ""NOS"", ""series"": ""ARTIFACT0312""}",pn decor pn artifact accessories artifacts pwdpl white metal hotel room classic decor accessories artifact home styling,"June 13, 2024"
PRD58179,FWC158105,Purity Rowena,Fabric,Curtain Fabric,APS,4430,3.8,9,5,in_stock,TRUE,Current,Charcoal,Blackout fabric,Kids Room,Traditional,MTR,"Purity Rowena is a traditional curtain fabric from APS. It is suitable for kids room use and comes in charcoal with blackout fabric finish. Useful for curtains, upholstery, drapes, cushions, and soft furnishing projects.","{""color"": ""Charcoal"", ""material"": ""Blackout fabric"", ""room"": ""Kids Room"", ""style"": ""Traditional"", ""unit"": ""MTR"", ""size"": ""54\"""", ""series"": ""1167""}",purity rowena fabric curtain fabric aps charcoal blackout fabric kids room traditional curtain fabric upholstery cloth drape textile material,"August 7, 2025"
PRD41582,LIN10800,Comforter Single Set Of 2 Florence,Linen,Comfortor,GPT,4460,4.2,8,5,in_stock,TRUE,Current,Silver,Polyester blend,Guest Room,Rustic,NOS,Comforter Single Set Of 2 Florence is a rustic comfortor from GPT. It is suitable for guest room use and comes in silver with polyester blend finish. Suitable for residential and hospitality interiors.,"{""color"": ""Silver"", ""material"": ""Polyester blend"", ""room"": ""Guest Room"", ""style"": ""Rustic"", ""unit"": ""NOS"", ""size"": ""160X220""}",comforter single set of 2 florence linen comfortor gpt silver polyester blend guest room rustic bedsheet pillow linen bedding soft furnishing,"October 18, 2023"
PRD32445,ACC05346,Pn Decor Pn Ceramic Vase,Accessories,Artifacts,PWDPL,4460,3.9,43,0,out_of_stock,TRUE,Current,White,Metal,Guest Room,Modern,NOS,Pn Decor Pn Ceramic Vase is a modern artifacts from PWDPL. It is suitable for guest room use and comes in white with metal finish. Suitable for residential and hospitality interiors.,"{""color"": ""White"", ""material"": ""Metal"", ""room"": ""Guest Room"", ""style"": ""Modern"", ""unit"": ""NOS""}",pn decor pn ceramic vase accessories artifacts pwdpl white metal guest room modern decor accessories artifact home styling,"August 29, 2024"
PRD47577,FMT03607,Runner Hawaii 36Ca,Mats,Runners,EFIPL,4480,4.3,50,8,in_stock,TRUE,Current,Red,Microfiber,Dining Room,Scandinavian,NOS,"Runner Hawaii 36Ca is a scandinavian runners from EFIPL. It is suitable for dining room use and comes in red with microfiber finish. Useful near entrances, bathrooms, kitchens, and high-footfall areas.","{""color"": ""Red"", ""material"": ""Microfiber"", ""room"": ""Dining Room"", ""style"": ""Scandinavian"", ""unit"": ""NOS"", ""size"": ""60X150""}",runner hawaii 36ca mats runners efipl red microfiber dining room scandinavian mat doormat carpet floor entrance anti slip,"June 24, 2023"
PRD34758,WAL59242,Gallery 19 Texture Iii Wallpaper,All Wallpaper,Wallpaper,DDHS,4500,3.7,5,8,in_stock,TRUE,Current,Oak,Non-woven paper,Kids Room,Classic,ROLL,"Gallery 19 Texture Iii Wallpaper is a classic wallpaper from DDHS. It is suitable for kids room use and comes in oak with non-woven paper finish. Useful for accent walls, bedroom walls, and living room decor.","{""color"": ""Oak"", ""material"": ""Non-woven paper"", ""room"": ""Kids Room"", ""style"": ""Classic"", ""unit"": ""ROLL"", ""size"": ""57SQFT"", ""series"": ""16""}",gallery 19 texture iii wallpaper all wallpaper wallpaper ddhs oak non-woven paper kids room classic wallpaper wall covering textured decor,"March 31, 2025"
PRD43696,WAL72080,Art Book,All Wallpaper,Wallpaper,SWS,4580,4.7,31,12,in_stock,TRUE,Current,Navy,Textured paper,Bedroom,Luxury,ROLL,"Art Book is a luxury wallpaper from SWS. It is suitable for bedroom use and comes in navy with textured paper finish. Useful for accent walls, bedroom walls, and living room decor.","{""color"": ""Navy"", ""material"": ""Textured paper"", ""room"": ""Bedroom"", ""style"": ""Luxury"", ""unit"": ""ROLL"", ""size"": ""57SQFT"", ""series"": ""36""}",art book all wallpaper wallpaper sws navy textured paper bedroom luxury wallpaper wall covering textured decor,"June 21, 2025"
PRD60434,LIN13074,Bedsheet Galaxy Lbs Gl36,Linen,Linen,AE,4740,4.2,9,8,in_stock,TRUE,Current,Green,Polyester blend,Guest Room,Classic,NOS,Bedsheet Galaxy Lbs Gl36 is a classic linen from AE. It is suitable for guest room use and comes in green with polyester blend finish. Suitable for residential and hospitality interiors.,"{""color"": ""Green"", ""material"": ""Polyester blend"", ""room"": ""Guest Room"", ""style"": ""Classic"", ""unit"": ""NOS"", ""size"": ""2.74X2.74"", ""series"": ""NA""}",bedsheet galaxy lbs gl36 linen nan ae green polyester blend guest room classic bedsheet pillow linen bedding soft furnishing,"April 25, 2026"
PRD52183,FIL00194,Pillow Memory Foam,Fillers,Pillows,CCSPL,4830,4.3,7,50,in_stock,TRUE,Current,Brown,Glass,Balcony,Contemporary,NOS,Pillow Memory Foam is a contemporary pillows from CCSPL. It is suitable for balcony use and comes in brown with glass finish. Suitable for residential and hospitality interiors.,"{""color"": ""Brown"", ""material"": ""Glass"", ""room"": ""Balcony"", ""style"": ""Contemporary"", ""unit"": ""NOS"", ""size"": ""17X27""}",pillow memory foam fillers pillows ccspl brown glass balcony contemporary home decor furniture interiors,"March 31, 2025"
PRD57154,WAL75820,Hera Vol . 6 6084 - 2,All Wallpaper,Wallpaper,EWI,4920,3.8,21,3,low_stock,TRUE,Current,Navy,Vinyl,Kids Room,Minimal,ROLL,"Hera Vol . 6 6084 - 2 is a minimal wallpaper from EWI. It is suitable for kids room use and comes in navy with vinyl finish. Useful for accent walls, bedroom walls, and living room decor.","{""color"": ""Navy"", ""material"": ""Vinyl"", ""room"": ""Kids Room"", ""style"": ""Minimal"", ""unit"": ""ROLL"", ""size"": ""59SQFT"", ""series"": ""9""}",hera vol . 6 6084 - 2 all wallpaper wallpaper ewi navy vinyl kids room minimal wallpaper wall covering textured decor,"May 22, 2025"
PRD58565,WAL76980,Primus Fw50,All Wallpaper,Wallpaper,SWS,5080,3.9,78,8,in_stock,TRUE,Current,Blue,Vinyl,Bedroom,Luxury,ROLL,"Primus Fw50 is a luxury wallpaper from SWS. It is suitable for bedroom use and comes in blue with vinyl finish. Useful for accent walls, bedroom walls, and living room decor.","{""color"": ""Blue"", ""material"": ""Vinyl"", ""room"": ""Bedroom"", ""style"": ""Luxury"", ""unit"": ""ROLL"", ""size"": ""57SQFT"", ""series"": ""34""}",primus fw50 all wallpaper wallpaper sws blue vinyl bedroom luxury wallpaper wall covering textured decor,"June 16, 2025"
PRD60409,LIN13005,Bedsheet Mirage Ms05,Linen,Linen,AE,5080,4,4,12,in_stock,TRUE,Current,Blue,Linen,Kids Room,Minimal,NOS,Bedsheet Mirage Ms05 is a minimal linen from AE. It is suitable for kids room use and comes in blue with linen finish. Suitable for residential and hospitality interiors.,"{""color"": ""Blue"", ""material"": ""Linen"", ""room"": ""Kids Room"", ""style"": ""Minimal"", ""unit"": ""NOS"", ""size"": ""2.74X2.74"", ""series"": ""NA""}",bedsheet mirage ms05 linen nan ae blue linen kids room minimal bedsheet pillow linen bedding soft furnishing,"March 31, 2026"
PRD48455,SAM07295,Colour Story-Multi Tones Fabric,Samples,Fabric Samples,DDCF,5190,4.6,23,3,low_stock,TRUE,Current,Brown,Metal,Bedroom,Minimal,NOS,Colour Story-Multi Tones Fabric is a minimal fabric samples from DDCF. It is suitable for bedroom use and comes in brown with metal finish. Suitable for residential and hospitality interiors.,"{""color"": ""Brown"", ""material"": ""Metal"", ""room"": ""Bedroom"", ""style"": ""Minimal"", ""unit"": ""NOS"", ""size"": ""NA"", ""series"": ""NA""}",colour story-multi tones fabric samples fabric samples ddcf brown metal bedroom minimal home decor furniture interiors,"January 16, 2025"
PRD33426,WAL75361,Marble Fw50,All Wallpaper,Wallpaper,SWS,5250,3.9,25,8,in_stock,TRUE,Current,Blue,Textured paper,Office,Minimal,ROLL,"Marble Fw50 is a minimal wallpaper from SWS. It is suitable for office use and comes in blue with textured paper finish. Useful for accent walls, bedroom walls, and living room decor.","{""color"": ""Blue"", ""material"": ""Textured paper"", ""room"": ""Office"", ""style"": ""Minimal"", ""unit"": ""ROLL"", ""size"": ""57SQFT"", ""series"": ""47""}",marble fw50 all wallpaper wallpaper sws blue textured paper office minimal wallpaper wall covering textured decor,"May 13, 2025"
PRD42419,WAL68260,Gallery 21 Jaipur Wallpaper,All Wallpaper,Wallpaper,DDHS,5500,4.2,16,20,in_stock,TRUE,Current,Walnut,Non-woven paper,Dining Room,Classic,ROLL,"Gallery 21 Jaipur Wallpaper is a classic wallpaper from DDHS. It is suitable for dining room use and comes in walnut with non-woven paper finish. Useful for accent walls, bedroom walls, and living room decor.","{""color"": ""Walnut"", ""material"": ""Non-woven paper"", ""room"": ""Dining Room"", ""style"": ""Classic"", ""unit"": ""ROLL"", ""size"": ""57SQFT"", ""series"": ""17""}",gallery 21 jaipur wallpaper all wallpaper wallpaper ddhs walnut non-woven paper dining room classic wallpaper wall covering textured decor,"September 11, 2025"
PRD59197,FMT05184,Carpet Ibiza 01649 795,Mats,Center Carpets,EFIPL,6070,3.8,7,20,in_stock,TRUE,Current,Gold,Rubber,Hotel Room,Scandinavian,NOS,"Carpet Ibiza 01649 795 is a scandinavian center carpets from EFIPL. It is suitable for hotel room use and comes in gold with rubber finish. Useful near entrances, bathrooms, kitchens, and high-footfall areas.","{""color"": ""Gold"", ""material"": ""Rubber"", ""room"": ""Hotel Room"", ""style"": ""Scandinavian"", ""unit"": ""NOS"", ""size"": ""120X170"", ""series"": ""06-2025""}",carpet ibiza 01649 795 mats center carpets efipl gold rubber hotel room scandinavian mat doormat carpet floor entrance anti slip,"June 20, 2025"
PRD32475,ACC04696,Pn Decor Pn Wall Art,Accessories,Artifacts,PWDPL,6100,3.5,35,5,in_stock,TRUE,Current,Grey,Artificial silk,Hotel Room,Contemporary,NOS,Pn Decor Pn Wall Art is a contemporary artifacts from PWDPL. It is suitable for hotel room use and comes in grey with artificial silk finish. Suitable for residential and hospitality interiors.,"{""color"": ""Grey"", ""material"": ""Artificial silk"", ""room"": ""Hotel Room"", ""style"": ""Contemporary"", ""unit"": ""NOS"", ""series"": ""WA0079""}",pn decor pn wall art accessories artifacts pwdpl grey artificial silk hotel room contemporary decor accessories artifact home styling,"August 29, 2024"
PRD51626,WAL45795,Gallery 15 Urban Mettalics Wallpaper,All Wallpaper,Wallpaper,DDHS,6190,4.9,5,5,in_stock,TRUE,Current,Mustard,Non-woven paper,Kids Room,Minimal,ROLL,"Gallery 15 Urban Mettalics Wallpaper is a minimal wallpaper from DDHS. It is suitable for kids room use and comes in mustard with non-woven paper finish. Useful for accent walls, bedroom walls, and living room decor.","{""color"": ""Mustard"", ""material"": ""Non-woven paper"", ""room"": ""Kids Room"", ""style"": ""Minimal"", ""unit"": ""ROLL"", ""size"": ""56SQFT"", ""series"": ""15""}",gallery 15 urban mettalics wallpaper all wallpaper wallpaper ddhs mustard non-woven paper kids room minimal wallpaper wall covering textured decor,"September 25, 2025"
PRD58118,WAL58299,Simply Farmhouse Nilaya Simply Farmhouse Fh4079 Roll Y75,All Wallpaper,Wallpaper,APS,6360,4.1,50,8,in_stock,TRUE,Current,Oak,Textured paper,Bedroom,Scandinavian,ROLL,"Simply Farmhouse Nilaya Simply Farmhouse Fh4079 Roll Y75 is a scandinavian wallpaper from APS. It is suitable for bedroom use and comes in oak with textured paper finish. Useful for accent walls, bedroom walls, and living room decor.","{""color"": ""Oak"", ""material"": ""Textured paper"", ""room"": ""Bedroom"", ""style"": ""Scandinavian"", ""unit"": ""ROLL"", ""size"": ""57SQFT"", ""series"": ""W153XB11Y75""}",simply farmhouse nilaya simply farmhouse fh4079 roll y75 all wallpaper wallpaper aps oak textured paper bedroom scandinavian wallpaper wall covering textured decor,"May 15, 2025"
PRD49596,FUR04783,Vm Df Kaleb Metal Coffee Table In Gold & Wenge,Center Table,Kaleb Metal Coffee Table In Gold & Wenge,RI,6390,4,33,50,in_stock,TRUE,Current,Gold,Glass,Balcony,Rustic,NOS,Vm Df Kaleb Metal Coffee Table In Gold & Wenge is a rustic kaleb metal coffee table in gold & wenge from RI. It is suitable for balcony use and comes in gold with glass finish. Suitable for residential and hospitality interiors.,"{""color"": ""Gold"", ""material"": ""Glass"", ""room"": ""Balcony"", ""style"": ""Rustic"", ""unit"": ""NOS""}",vm df kaleb metal coffee table in gold & wenge center table kaleb metal coffee table in gold & wenge ri gold glass balcony rustic home decor furniture interiors,"June 28, 2024"
PRD56257,FMT05077,Carpet Elle 60624 633,Mats,Center Carpets,EFIPL,6530,4.2,18,35,in_stock,TRUE,Current,Beige,Jute,Living Room,Contemporary,NOS,"Carpet Elle 60624 633 is a contemporary center carpets from EFIPL. It is suitable for living room use and comes in beige with jute finish. Useful near entrances, bathrooms, kitchens, and high-footfall areas.","{""color"": ""Beige"", ""material"": ""Jute"", ""room"": ""Living Room"", ""style"": ""Contemporary"", ""unit"": ""NOS"", ""size"": ""160X230"", ""series"": ""06-2025""}",carpet elle 60624 633 mats center carpets efipl beige jute living room contemporary mat doormat carpet floor entrance anti slip,"June 20, 2025"
PRD32497,ACC01409,Tnk Decor Ex.Water,Accessories,Artifacts,TNK,6710,4.3,38,5,in_stock,TRUE,Current,Black,Artificial silk,Bedroom,Rustic,NOS,Tnk Decor Ex.Water is a rustic artifacts from TNK. It is suitable for bedroom use and comes in black with artificial silk finish. Suitable for residential and hospitality interiors.,"{""color"": ""Black"", ""material"": ""Artificial silk"", ""room"": ""Bedroom"", ""style"": ""Rustic"", ""unit"": ""NOS""}",tnk decor ex.water accessories artifacts tnk black artificial silk bedroom rustic decor accessories artifact home styling,"September 17, 2021"
PRD59016,FWC162291,Yukta Bodhi,Fabric,Curtain Fabric,APS,6900,4.1,8,5,in_stock,TRUE,Current,Beige,Jacquard,Hotel Room,Modern,MTR,"Yukta Bodhi is a modern curtain fabric from APS. It is suitable for hotel room use and comes in beige with jacquard finish. Useful for curtains, upholstery, drapes, cushions, and soft furnishing projects.","{""color"": ""Beige"", ""material"": ""Jacquard"", ""room"": ""Hotel Room"", ""style"": ""Modern"", ""unit"": ""MTR"", ""size"": ""54\"""", ""series"": ""1081""}",yukta bodhi fabric curtain fabric aps beige jacquard hotel room modern curtain fabric upholstery cloth drape textile material,"February 25, 2026"
PRD32150,ACC02403,Tnk Decor,Accessories,Artifacts,TNK,7070,3.8,85,3,low_stock,TRUE,Current,Olive,Metal,Kids Room,Rustic,NOS,Tnk Decor is a rustic artifacts from TNK. It is suitable for kids room use and comes in olive with metal finish. Suitable for residential and hospitality interiors.,"{""color"": ""Olive"", ""material"": ""Metal"", ""room"": ""Kids Room"", ""style"": ""Rustic"", ""unit"": ""NOS""}",tnk decor accessories artifacts tnk olive metal kids room rustic decor accessories artifact home styling,"July 20, 2022"
PRD55095,FMT05079,Carpet Elle 60608,Mats,Center Carpets,EFIPL,7100,4.5,33,50,in_stock,TRUE,Current,Red,Coir,Bedroom,Traditional,NOS,"Carpet Elle 60608 is a traditional center carpets from EFIPL. It is suitable for bedroom use and comes in red with coir finish. Useful near entrances, bathrooms, kitchens, and high-footfall areas.","{""color"": ""Red"", ""material"": ""Coir"", ""room"": ""Bedroom"", ""style"": ""Traditional"", ""unit"": ""NOS"", ""size"": ""160X230"", ""series"": ""06-2025""}",carpet elle 60608 mats center carpets efipl red coir bedroom traditional mat doormat carpet floor entrance anti slip,"June 20, 2025"
PRD52227,SAM07951,Struktura Wallpaper,Samples,Wallpaper Samples,APS,7520,4.9,14,1,low_stock,TRUE,Current,Blue,Glass,Living Room,Scandinavian,NOS,Struktura Wallpaper is a scandinavian wallpaper samples from APS. It is suitable for living room use and comes in blue with glass finish. Suitable for residential and hospitality interiors.,"{""color"": ""Blue"", ""material"": ""Glass"", ""room"": ""Living Room"", ""style"": ""Scandinavian"", ""unit"": ""NOS"", ""size"": ""NA"", ""series"": ""NA""}",struktura wallpaper samples wallpaper samples aps blue glass living room scandinavian home decor furniture interiors,"October 30, 2025"
PRD48748,ACC05771,Pn Decor Pn Ap 0336 - Green,Accessories,Artificial Flower,PWDPL,7630,4.2,4,20,in_stock,TRUE,Current,Green,Artificial silk,Office,Contemporary,NOS,Pn Decor Pn Ap 0336 - Green is a contemporary artificial flower from PWDPL. It is suitable for office use and comes in green with artificial silk finish. Suitable for residential and hospitality interiors.,"{""color"": ""Green"", ""material"": ""Artificial silk"", ""room"": ""Office"", ""style"": ""Contemporary"", ""unit"": ""NOS""}",pn decor pn ap 0336 - green accessories artificial flower pwdpl green artificial silk office contemporary decor accessories artifact home styling,"March 30, 2025"
PRD37549,WAL80180,Hotspots Na,All Wallpaper,Wallpaper,EWI,7970,4,6,5,in_stock,TRUE,Current,Beige,Non-woven paper,Hotel Room,Minimal,ROLL,"Hotspots is a minimal wallpaper from EWI. It is suitable for hotel room use and comes in beige with non-woven paper finish. Useful for accent walls, bedroom walls, and living room decor.","{""color"": ""Beige"", ""material"": ""Non-woven paper"", ""room"": ""Hotel Room"", ""style"": ""Minimal"", ""unit"": ""ROLL"", ""size"": ""57SQFT"", ""series"": ""47""}",hotspots all wallpaper wallpaper ewi beige non-woven paper hotel room minimal wallpaper wall covering textured decor,"October 13, 2025"
PRD44914,SAM08065,Mirava Fabric,Samples,Fabric Samples,SDD,8250,4.2,35,0,out_of_stock,TRUE,Current,Olive,Wood,Hotel Room,Classic,NOS,Mirava Fabric is a classic fabric samples from SDD. It is suitable for hotel room use and comes in olive with wood finish. Suitable for residential and hospitality interiors.,"{""color"": ""Olive"", ""material"": ""Wood"", ""room"": ""Hotel Room"", ""style"": ""Classic"", ""unit"": ""NOS"", ""size"": ""NA"", ""series"": ""NA""}",mirava fabric samples fabric samples sdd olive wood hotel room classic home decor furniture interiors,"November 28, 2025"
PRD45143,SAM07037,Benaras Fabric,Samples,Fabric Samples,NHD,8250,3.5,9,50,in_stock,TRUE,Current,Black,Fabric,Bedroom,Minimal,NOS,Benaras Fabric is a minimal fabric samples from NHD. It is suitable for bedroom use and comes in black with fabric finish. Suitable for residential and hospitality interiors.,"{""color"": ""Black"", ""material"": ""Fabric"", ""room"": ""Bedroom"", ""style"": ""Minimal"", ""unit"": ""NOS"", ""size"": ""NA"", ""series"": ""NA""}",benaras fabric samples fabric samples nhd black fabric bedroom minimal home decor furniture interiors,"September 26, 2024"
PRD43669,SAM04998,Paroma Na,Samples,Fabric Samples,APS,8280,3.8,17,8,in_stock,TRUE,Current,Gold,Wood,Office,Scandinavian,NOS,Paroma is a scandinavian fabric samples from APS. It is suitable for office use and comes in gold with wood finish. Suitable for residential and hospitality interiors.,"{""color"": ""Gold"", ""material"": ""Wood"", ""room"": ""Office"", ""style"": ""Scandinavian"", ""unit"": ""NOS"", ""size"": ""NA"", ""series"": ""NA""}",paroma samples fabric samples aps gold wood office scandinavian home decor furniture interiors,"August 9, 2022"
PRD55188,LIN12687,Bedcover Bespoke Cq-20,Linen,Bedcover,RJTN,8470,4.3,4,12,in_stock,TRUE,Current,Silver,Polyester blend,Dining Room,Contemporary,NOS,Bedcover Bespoke Cq-20 is a contemporary bedcover from RJTN. It is suitable for dining room use and comes in silver with polyester blend finish. Suitable for residential and hospitality interiors.,"{""color"": ""Silver"", ""material"": ""Polyester blend"", ""room"": ""Dining Room"", ""style"": ""Contemporary"", ""unit"": ""NOS"", ""size"": ""2.28X2.74"", ""series"": ""NA""}",bedcover bespoke cq-20 linen bedcover rjtn silver polyester blend dining room contemporary bedsheet pillow linen bedding soft furnishing,"May 25, 2025"
PRD32958,LIN11802,Bed In Bag Snuggle,Linen,Bed In Bag,AE,8470,4.1,103,12,in_stock,TRUE,Current,Grey,Linen,Balcony,Traditional,NOS,Bed In Bag Snuggle is a traditional bed in bag from AE. It is suitable for balcony use and comes in grey with linen finish. Suitable for residential and hospitality interiors.,"{""color"": ""Grey"", ""material"": ""Linen"", ""room"": ""Balcony"", ""style"": ""Traditional"", ""unit"": ""NOS""}",bed in bag snuggle linen bed in bag ae grey linen balcony traditional bedsheet pillow linen bedding soft furnishing,"February 10, 2024"
PRD33323,FUR05461,Tmb Ct Corner Table,Corner Table,Corner Table,TMB,8470,4,12,0,out_of_stock,TRUE,Current,White,Glass,Kids Room,Modern,NOS,Tmb Ct Corner Table is a modern corner table from TMB. It is suitable for kids room use and comes in white with glass finish. Suitable for residential and hospitality interiors.,"{""color"": ""White"", ""material"": ""Glass"", ""room"": ""Kids Room"", ""style"": ""Modern"", ""unit"": ""NOS"", ""series"": ""30152022""}",tmb ct corner table corner table corner table tmb white glass kids room modern home decor furniture interiors,"January 3, 2025"
PRD57326,LIN12350,Comforter Florida-D Super Micro Fibre,Linen,Comfortor,GPT,8660,3.9,14,1,low_stock,TRUE,Current,Silver,Linen,Bedroom,Contemporary,NOS,Comforter Florida-D Super Micro Fibre is a contemporary comfortor from GPT. It is suitable for bedroom use and comes in silver with linen finish. Suitable for residential and hospitality interiors.,"{""color"": ""Silver"", ""material"": ""Linen"", ""room"": ""Bedroom"", ""style"": ""Contemporary"", ""unit"": ""NOS"", ""size"": ""2.29X2.75""}",comforter florida-d super micro fibre linen comfortor gpt silver linen bedroom contemporary bedsheet pillow linen bedding soft furnishing,"March 31, 2025"
PRD56149,FMT05017,Carpet Diamond 69866 J10,Mats,Center Carpets,EFIPL,8760,4.2,9,12,in_stock,TRUE,Current,Ivory,Coir,Guest Room,Rustic,NOS,"Carpet Diamond 69866 J10 is a rustic center carpets from EFIPL. It is suitable for guest room use and comes in ivory with coir finish. Useful near entrances, bathrooms, kitchens, and high-footfall areas.","{""color"": ""Ivory"", ""material"": ""Coir"", ""room"": ""Guest Room"", ""style"": ""Rustic"", ""unit"": ""NOS"", ""size"": ""120X170"", ""series"": ""06-2025""}",carpet diamond 69866 j10 mats center carpets efipl ivory coir guest room rustic mat doormat carpet floor entrance anti slip,"June 20, 2025"
PRD42536,ACC05377,Pndecor Pn Resin Vase 0440 - Light Grey,Accessories,Vases,PWDPL,9320,4.3,74,50,in_stock,TRUE,Current,Grey,Ceramic,Dining Room,Contemporary,NOS,Pndecor Pn Resin Vase 0440 - Light Grey is a contemporary vases from PWDPL. It is suitable for dining room use and comes in grey with ceramic finish. Suitable for residential and hospitality interiors.,"{""color"": ""Grey"", ""material"": ""Ceramic"", ""room"": ""Dining Room"", ""style"": ""Contemporary"", ""unit"": ""NOS""}",pndecor pn resin vase 0440 - light grey accessories vases pwdpl grey ceramic dining room contemporary decor accessories artifact home styling,"August 29, 2024"
PRD45319,WAL63889,Sanskriti San,All Wallpaper,Wallpaper,STD,9490,4.3,249,5,in_stock,TRUE,Current,Red,Vinyl,Dining Room,Contemporary,ROLL,"Sanskriti San is a contemporary wallpaper from STD. It is suitable for dining room use and comes in red with vinyl finish. Useful for accent walls, bedroom walls, and living room decor.","{""color"": ""Red"", ""material"": ""Vinyl"", ""room"": ""Dining Room"", ""style"": ""Contemporary"", ""unit"": ""ROLL"", ""size"": ""57SQFT"", ""series"": ""28""}",sanskriti san all wallpaper wallpaper std red vinyl dining room contemporary wallpaper wall covering textured decor,"May 20, 2025"
PRD56697,FMT05044,Carpet Husky 4496A B32,Mats,Center Carpets,EFIPL,9820,3.7,15,8,in_stock,TRUE,Current,Mustard,Microfiber,Guest Room,Minimal,NOS,"Carpet Husky 4496A B32 is a minimal center carpets from EFIPL. It is suitable for guest room use and comes in mustard with microfiber finish. Useful near entrances, bathrooms, kitchens, and high-footfall areas.","{""color"": ""Mustard"", ""material"": ""Microfiber"", ""room"": ""Guest Room"", ""style"": ""Minimal"", ""unit"": ""NOS"", ""size"": ""120X170"", ""series"": ""06-2025""}",carpet husky 4496a b32 mats center carpets efipl mustard microfiber guest room minimal mat doormat carpet floor entrance anti slip,"June 20, 2025"
PRD33010,FUR04790,Vm Df Angel End Table In Black & Gold Colour,Corner Table,Angel End Table In Black & Gold Colour,BIX,10170,4.6,14,5,in_stock,TRUE,Current,Black,Ceramic,Bedroom,Rustic,NOS,Vm Df Angel End Table In Black & Gold Colour is a rustic angel end table in black & gold colour from BIX. It is suitable for bedroom use and comes in black with ceramic finish. Suitable for residential and hospitality interiors.,"{""color"": ""Black"", ""material"": ""Ceramic"", ""room"": ""Bedroom"", ""style"": ""Rustic"", ""unit"": ""NOS""}",vm df angel end table in black & gold colour corner table angel end table in black & gold colour bix black ceramic bedroom rustic home decor furniture interiors,"June 28, 2024"
PRD55818,FMT05186,Carpet Ibiza 01686 970,Mats,Center Carpets,EFIPL,10480,3.9,1,12,in_stock,TRUE,Current,Maroon,Jute,Guest Room,Contemporary,NOS,"Carpet Ibiza 01686 970 is a contemporary center carpets from EFIPL. It is suitable for guest room use and comes in maroon with jute finish. Useful near entrances, bathrooms, kitchens, and high-footfall areas.","{""color"": ""Maroon"", ""material"": ""Jute"", ""room"": ""Guest Room"", ""style"": ""Contemporary"", ""unit"": ""NOS"", ""size"": ""120X170"", ""series"": ""06-2025""}",carpet ibiza 01686 970 mats center carpets efipl maroon jute guest room contemporary mat doormat carpet floor entrance anti slip,"June 20, 2025"
PRD57806,FMT05214,Carpet Aquarius 63433 6151,Mats,Center Carpets,EFIPL,10890,4.5,8,0,out_of_stock,TRUE,Current,Silver,Rubber,Bedroom,Traditional,NOS,"Carpet Aquarius 63433 6151 is a traditional center carpets from EFIPL. It is suitable for bedroom use and comes in silver with rubber finish. Useful near entrances, bathrooms, kitchens, and high-footfall areas.","{""color"": ""Silver"", ""material"": ""Rubber"", ""room"": ""Bedroom"", ""style"": ""Traditional"", ""unit"": ""NOS"", ""size"": ""160X230"", ""series"": ""06-2025""}",carpet aquarius 63433 6151 mats center carpets efipl silver rubber bedroom traditional mat doormat carpet floor entrance anti slip,"June 20, 2025"
PRD39894,FUR05403,Ruby Mb Revolving Chair,Office Chair,Revolving Chair,VDT,11020,3.6,24,1,low_stock,TRUE,Current,Black,Ceramic,Kids Room,Modern,NOS,Ruby Mb Revolving Chair is a modern revolving chair from VDT. It is suitable for kids room use and comes in black with ceramic finish. Suitable for residential and hospitality interiors.,"{""color"": ""Black"", ""material"": ""Ceramic"", ""room"": ""Kids Room"", ""style"": ""Modern"", ""unit"": ""NOS""}",ruby mb revolving chair office chair revolving chair vdt black ceramic kids room modern home decor furniture interiors,"December 26, 2024"
PRD58648,WAL72015,Painted Forest Wild Garden 5,All Wallpaper,Wallpaper,APS,12710,3.8,19,0,out_of_stock,TRUE,Current,Green,Textured paper,Balcony,Minimal,ROLL,"Painted Forest Wild Garden 5 is a minimal wallpaper from APS. It is suitable for balcony use and comes in green with textured paper finish. Useful for accent walls, bedroom walls, and living room decor.","{""color"": ""Green"", ""material"": ""Textured paper"", ""room"": ""Balcony"", ""style"": ""Minimal"", ""unit"": ""ROLL"", ""size"": ""57SQFT"", ""series"": ""W256L405N75""}",painted forest wild garden 5 all wallpaper wallpaper aps green textured paper balcony minimal wallpaper wall covering textured decor,"May 30, 2025"
PRD39302,FMT01457,Carpet Harmony,Mats,Center Carpets,EFIPL,12860,4.6,16,8,in_stock,TRUE,Current,Black,Rubber,Kids Room,Scandinavian,NOS,"Carpet Harmony is a scandinavian center carpets from EFIPL. It is suitable for kids room use and comes in black with rubber finish. Useful near entrances, bathrooms, kitchens, and high-footfall areas.","{""color"": ""Black"", ""material"": ""Rubber"", ""room"": ""Kids Room"", ""style"": ""Scandinavian"", ""unit"": ""NOS"", ""size"": ""150X210""}",carpet harmony mats center carpets efipl black rubber kids room scandinavian mat doormat carpet floor entrance anti slip,"January 8, 2021"
PRD59304,FUR06664,Dive Bc 9200 - Bar Stool Derby,Bar Stool,9200 - Bar Stool Derby,EGZ,12890,3.7,19,1,low_stock,TRUE,Current,Navy,Metal,Office,Minimal,NOS,Dive Bc 9200 - Bar Stool Derby is a minimal 9200 - bar stool derby from EGZ. It is suitable for office use and comes in navy with metal finish. Suitable for residential and hospitality interiors.,"{""color"": ""Navy"", ""material"": ""Metal"", ""room"": ""Office"", ""style"": ""Minimal"", ""unit"": ""NOS""}",dive bc 9200 - bar stool derby bar stool 9200 - bar stool derby egz navy metal office minimal home decor furniture interiors,"February 17, 2026"
PRD58481,FUR06073,Avi Ang Tu Tv Unit,Wall Unit,Tv Unit,VIX,13190,4.1,132,5,in_stock,TRUE,Current,Red,Metal,Bedroom,Rustic,NOS,Avi Ang Tu Tv Unit is a rustic tv unit from VIX. It is suitable for bedroom use and comes in red with metal finish. Suitable for residential and hospitality interiors.,"{""color"": ""Red"", ""material"": ""Metal"", ""room"": ""Bedroom"", ""style"": ""Rustic"", ""unit"": ""NOS"", ""series"": ""8572#""}",avi ang tu tv unit wall unit tv unit vix red metal bedroom rustic home decor furniture interiors,"August 10, 2025"
PRD56379,MAT09042,Peps Mattress Hypnos Inspree Latex E-T,All Mattress,Mattress,PIPL,13400,3.8,1,5,in_stock,TRUE,Current,Olive,Memory foam,Living Room,Contemporary,NOS,"Peps Mattress Hypnos Inspree Latex E-T is a contemporary mattress from PIPL. It is suitable for living room use and comes in olive with memory foam finish. Designed for comfort, support, and daily sleeping use.","{""color"": ""Olive"", ""material"": ""Memory foam"", ""room"": ""Living Room"", ""style"": ""Contemporary"", ""unit"": ""NOS"", ""size"": ""78X36X5''"", ""series"": ""NA""}",peps mattress hypnos inspree latex e-t all mattress mattress pipl olive memory foam living room contemporary mattress sleep comfort orthopedic foam bed,"June 13, 2025"
PRD38415,FMT05257,Carpets Cassia,Mats,Center Carpets,DDCF,13700,3.9,63,20,in_stock,TRUE,Current,Grey,Jute,Dining Room,Traditional,NOS,"Carpets Cassia is a traditional center carpets from DDCF. It is suitable for dining room use and comes in grey with jute finish. Useful near entrances, bathrooms, kitchens, and high-footfall areas.","{""color"": ""Grey"", ""material"": ""Jute"", ""room"": ""Dining Room"", ""style"": ""Traditional"", ""unit"": ""NOS"", ""size"": ""160X230"", ""series"": ""NA""}",carpets cassia mats center carpets ddcf grey jute dining room traditional mat doormat carpet floor entrance anti slip,"June 25, 2025"
PRD55846,FUR06398,Fcit Chairs Preston Hb Revolving Chair,Office Chair,High Back Chair,ISIT,14490,3.6,12,12,in_stock,TRUE,Current,Ivory,Metal,Dining Room,Minimal,NOS,Fcit Chairs Preston Hb Revolving Chair is a minimal high back chair from ISIT. It is suitable for dining room use and comes in ivory with metal finish. Suitable for residential and hospitality interiors.,"{""color"": ""Ivory"", ""material"": ""Metal"", ""room"": ""Dining Room"", ""style"": ""Minimal"", ""unit"": ""NOS""}",fcit chairs preston hb revolving chair office chair high back chair isit ivory metal dining room minimal home decor furniture interiors,"October 15, 2025"
PRD57098,FMT05055,Carpet Diamond 69866 J J0,Mats,Center Carpets,EFIPL,14730,4.9,10,20,in_stock,TRUE,Current,Beige,Jute,Dining Room,Scandinavian,NOS,"Carpet Diamond 69866 J J0 is a scandinavian center carpets from EFIPL. It is suitable for dining room use and comes in beige with jute finish. Useful near entrances, bathrooms, kitchens, and high-footfall areas.","{""color"": ""Beige"", ""material"": ""Jute"", ""room"": ""Dining Room"", ""style"": ""Scandinavian"", ""unit"": ""NOS"", ""size"": ""160X230"", ""series"": ""06-2025""}",carpet diamond 69866 j j0 mats center carpets efipl beige jute dining room scandinavian mat doormat carpet floor entrance anti slip,"June 20, 2025"
PRD35785,FMT03059,Carpets New Oslo,Mats,Center Carpets,EFIPL,14760,4.2,48,12,in_stock,TRUE,Current,Ivory,Coir,Guest Room,Contemporary,NOS,"Carpets New Oslo is a contemporary center carpets from EFIPL. It is suitable for guest room use and comes in ivory with coir finish. Useful near entrances, bathrooms, kitchens, and high-footfall areas.","{""color"": ""Ivory"", ""material"": ""Coir"", ""room"": ""Guest Room"", ""style"": ""Contemporary"", ""unit"": ""NOS"", ""size"": ""120X170"", ""series"": ""SEP-2022""}",carpets new oslo mats center carpets efipl ivory coir guest room contemporary mat doormat carpet floor entrance anti slip,"September 21, 2022"
PRD55286,HDW09022,Dooya Motorised Curtain  Track Track+Motor+Remote+Automation Dt72E/Ev-75/20,Hardware,Motorised Track,FFPL,15380,4.2,8,12,in_stock,TRUE,Current,Black,Aluminium,Hotel Room,Rustic,NOS,Dooya Motorised Curtain  Track Track+Motor+Remote+Automation Dt72E/Ev-75/20 is a rustic motorised track from FFPL. It is suitable for hotel room use and comes in black with aluminium finish. Suitable for residential and hospitality interiors.,"{""color"": ""Black"", ""material"": ""Aluminium"", ""room"": ""Hotel Room"", ""style"": ""Rustic"", ""unit"": ""NOS"", ""size"": ""UPTO 10FT"", ""series"": ""NA""}",dooya motorised curtain  track track+motor+remote+automation dt72e/ev-75/20 hardware motorised track ffpl black aluminium hotel room rustic curtain rod finial track hardware fittings,"April 21, 2025"
PRD58164,FUR01354,Isit Chairs Ymesh Hbsl Adj Arms Ny Base,Office Chair,High Back Chair,ISIT,15500,4.2,133,3,low_stock,TRUE,Current,Mustard,Engineered wood,Hotel Room,Luxury,NOS,Isit Chairs Ymesh Hbsl Adj Arms Ny Base is a luxury high back chair from ISIT. It is suitable for hotel room use and comes in mustard with engineered wood finish. Suitable for residential and hospitality interiors.,"{""color"": ""Mustard"", ""material"": ""Engineered wood"", ""room"": ""Hotel Room"", ""style"": ""Luxury"", ""unit"": ""NOS""}",isit chairs ymesh hbsl adj arms ny base office chair high back chair isit mustard engineered wood hotel room luxury home decor furniture interiors,"March 31, 2025"
PRD54909,FUR03133,Twf Sc Swing 3 Seater,Outdoors,Swing Chair,ADIPL,15570,4,24,12,in_stock,TRUE,Current,Black,Ceramic,Office,Rustic,NOS,Twf Sc Swing 3 Seater is a rustic swing chair from ADIPL. It is suitable for office use and comes in black with ceramic finish. Suitable for residential and hospitality interiors.,"{""color"": ""Black"", ""material"": ""Ceramic"", ""room"": ""Office"", ""style"": ""Rustic"", ""unit"": ""NOS"", ""series"": ""HC2001""}",twf sc swing 3 seater outdoors swing chair adipl black ceramic office rustic home decor furniture interiors,"January 30, 2025"
PRD59102,FMT05057,Carpet Diamond 67593 3J,Mats,Center Carpets,EFIPL,15710,3.9,83,0,out_of_stock,TRUE,Current,Brown,Cotton,Office,Contemporary,NOS,"Carpet Diamond 67593 3J is a contemporary center carpets from EFIPL. It is suitable for office use and comes in brown with cotton finish. Useful near entrances, bathrooms, kitchens, and high-footfall areas.","{""color"": ""Brown"", ""material"": ""Cotton"", ""room"": ""Office"", ""style"": ""Contemporary"", ""unit"": ""NOS"", ""size"": ""160X230"", ""series"": ""06-2025""}",carpet diamond 67593 3j mats center carpets efipl brown cotton office contemporary mat doormat carpet floor entrance anti slip,"June 20, 2025"
PRD46953,FUR06747,Tmbc Ot Ottoman,Ottoman,Ottoman,TLPLC,16520,4.6,9,5,in_stock,TRUE,Current,Red,Engineered wood,Hotel Room,Scandinavian,NOS,Tmbc Ot Ottoman is a scandinavian ottoman from TLPLC. It is suitable for hotel room use and comes in red with engineered wood finish. Suitable for residential and hospitality interiors.,"{""color"": ""Red"", ""material"": ""Engineered wood"", ""room"": ""Hotel Room"", ""style"": ""Scandinavian"", ""unit"": ""NOS"", ""series"": ""Pumpkin""}",tmbc ot ottoman ottoman ottoman tlplc red engineered wood hotel room scandinavian home decor furniture interiors,"March 20, 2026"
PRD32269,FUR05124,Twf Ct Corner Table,Corner Table,Corner Table,ADIPL,17160,4,12,12,in_stock,TRUE,Current,Grey,Fabric,Guest Room,Traditional,NOS,Twf Ct Corner Table is a traditional corner table from ADIPL. It is suitable for guest room use and comes in grey with fabric finish. Suitable for residential and hospitality interiors.,"{""color"": ""Grey"", ""material"": ""Fabric"", ""room"": ""Guest Room"", ""style"": ""Traditional"", ""unit"": ""NOS"", ""series"": ""K41""}",twf ct corner table corner table corner table adipl grey fabric guest room traditional home decor furniture interiors,"September 27, 2024"
PRD55764,FUR06831,Tmbc Ct Corner Table,Corner Table,Corner Table,TLPLC,18000,4.6,44,1,low_stock,TRUE,Current,Silver,Metal,Office,Minimal,NOS,Tmbc Ct Corner Table is a minimal corner table from TLPLC. It is suitable for office use and comes in silver with metal finish. Suitable for residential and hospitality interiors.,"{""color"": ""Silver"", ""material"": ""Metal"", ""room"": ""Office"", ""style"": ""Minimal"", ""unit"": ""NOS"", ""series"": ""30219866""}",tmbc ct corner table corner table corner table tlplc silver metal office minimal home decor furniture interiors,"April 22, 2026"
PRD50063,MAT09077,Peps Mattress Hypnos Inspree Memory Foam Euro Top,All Mattress,Mattress,PIPL,18630,4.4,84,5,in_stock,TRUE,Current,Natural,Latex foam,Living Room,Scandinavian,NOS,"Peps Mattress Hypnos Inspree Memory Foam Euro Top is a scandinavian mattress from PIPL. It is suitable for living room use and comes in natural with latex foam finish. Designed for comfort, support, and daily sleeping use.","{""color"": ""Natural"", ""material"": ""Latex foam"", ""room"": ""Living Room"", ""style"": ""Scandinavian"", ""unit"": ""NOS"", ""size"": ""77x60x6''"", ""series"": ""NA""}",peps mattress hypnos inspree memory foam euro top all mattress mattress pipl natural latex foam living room scandinavian mattress sleep comfort orthopedic foam bed,"July 18, 2025"
PRD32642,HDW09538,Somfy Motors 1240435 Irismo Plus 35 Wt,Hardware,Motors,AERO,18660,4,15,5,in_stock,TRUE,Current,White,Brass,Bedroom,Classic,NOS,Somfy Motors 1240435 Irismo Plus 35 Wt is a classic motors from AERO. It is suitable for bedroom use and comes in white with brass finish. Suitable for residential and hospitality interiors.,"{""color"": ""White"", ""material"": ""Brass"", ""room"": ""Bedroom"", ""style"": ""Classic"", ""unit"": ""NOS"", ""size"": ""NA"", ""series"": ""NA""}",somfy motors 1240435 irismo plus 35 wt hardware motors aero white brass bedroom classic curtain rod finial track hardware fittings,"March 28, 2026"
PRD55286,HDW09024,Dooya Motorised Curtain  Track Track+Motor+Remote+Automation Dt72E/Ev-75/20,Hardware,Motorised Track,FFPL,20870,4.4,77,12,in_stock,TRUE,Current,Brown,Brass,Bedroom,Minimal,NOS,Dooya Motorised Curtain  Track Track+Motor+Remote+Automation Dt72E/Ev-75/20 is a minimal motorised track from FFPL. It is suitable for bedroom use and comes in brown with brass finish. Suitable for residential and hospitality interiors.,"{""color"": ""Brown"", ""material"": ""Brass"", ""room"": ""Bedroom"", ""style"": ""Minimal"", ""unit"": ""NOS"", ""size"": ""12-15FT"", ""series"": ""NA""}",dooya motorised curtain  track track+motor+remote+automation dt72e/ev-75/20 hardware motorised track ffpl brown brass bedroom minimal curtain rod finial track hardware fittings,"March 31, 2025"
PRD58631,MAT07833,Peps Mattress Inspree Latex,All Mattress,Mattress,PIPL,20900,3.9,55,8,in_stock,TRUE,Current,Pink,Latex foam,Hotel Room,Minimal,NOS,"Peps Mattress Inspree Latex is a minimal mattress from PIPL. It is suitable for hotel room use and comes in pink with latex foam finish. Designed for comfort, support, and daily sleeping use.","{""color"": ""Pink"", ""material"": ""Latex foam"", ""room"": ""Hotel Room"", ""style"": ""Minimal"", ""unit"": ""NOS"", ""size"": ""78X60X5''"", ""series"": ""NA""}",peps mattress inspree latex all mattress mattress pipl pink latex foam hotel room minimal mattress sleep comfort orthopedic foam bed,"March 31, 2025"
PRD34121,FUR01977,Emb Dc Dining Chair,Dining Chair,Dining Chair,EMB,21840,4.7,145,50,in_stock,TRUE,Current,Green,Metal frame,Bedroom,Luxury,NOS,Emb Dc Dining Chair is a luxury dining chair from EMB. It is suitable for bedroom use and comes in green with metal frame finish. Suitable for residential and hospitality interiors.,"{""color"": ""Green"", ""material"": ""Metal frame"", ""room"": ""Bedroom"", ""style"": ""Luxury"", ""unit"": ""NOS"", ""series"": ""005""}",emb dc dining chair dining chair dining chair emb green metal frame bedroom luxury chair dining seating kitchen restaurant,"March 31, 2025"
PRD37044,FUR06798,Tmbc Dc Dining Chair,Dining Chair,Dining Chair,TLPLC,22000,4.3,65,20,in_stock,TRUE,Current,Charcoal,Metal frame,Kids Room,Modern,NOS,Tmbc Dc Dining Chair is a modern dining chair from TLPLC. It is suitable for kids room use and comes in charcoal with metal frame finish. Suitable for residential and hospitality interiors.,"{""color"": ""Charcoal"", ""material"": ""Metal frame"", ""room"": ""Kids Room"", ""style"": ""Modern"", ""unit"": ""NOS"", ""series"": ""10225183""}",tmbc dc dining chair dining chair dining chair tlplc charcoal metal frame kids room modern chair dining seating kitchen restaurant,"May 1, 2026"
PRD55286,HDW09026,Dooya Motorised Curtain  Track Track+Motor+Remote+Automation Dt72E/Ev-75/20,Hardware,Motorised Track,FFPL,23860,4.3,15,1,low_stock,TRUE,Current,Ivory,Plastic,Living Room,Traditional,NOS,Dooya Motorised Curtain  Track Track+Motor+Remote+Automation Dt72E/Ev-75/20 is a traditional motorised track from FFPL. It is suitable for living room use and comes in ivory with plastic finish. Suitable for residential and hospitality interiors.,"{""color"": ""Ivory"", ""material"": ""Plastic"", ""room"": ""Living Room"", ""style"": ""Traditional"", ""unit"": ""NOS"", ""size"": ""18FT"", ""series"": ""NA""}",dooya motorised curtain  track track+motor+remote+automation dt72e/ev-75/20 hardware motorised track ffpl ivory plastic living room traditional curtain rod finial track hardware fittings,"May 21, 2025"
PRD56213,FMT05106,Carpet Diamond Nj589 95,Mats,Center Carpets,EFIPL,24290,3.8,2,3,low_stock,TRUE,Current,Black,Jute,Kids Room,Luxury,NOS,"Carpet Diamond Nj589 95 is a luxury center carpets from EFIPL. It is suitable for kids room use and comes in black with jute finish. Useful near entrances, bathrooms, kitchens, and high-footfall areas.","{""color"": ""Black"", ""material"": ""Jute"", ""room"": ""Kids Room"", ""style"": ""Luxury"", ""unit"": ""NOS"", ""size"": ""240X340"", ""series"": ""06-2025""}",carpet diamond nj589 95 mats center carpets efipl black jute kids room luxury mat doormat carpet floor entrance anti slip,"June 20, 2025"
PRD37044,FUR06811,Tmbc Dc Dining Chair,Dining Chair,Dining Chair,TLPLC,24600,4.4,23,8,in_stock,TRUE,Current,Olive,Metal frame,Bedroom,Contemporary,NOS,Tmbc Dc Dining Chair is a contemporary dining chair from TLPLC. It is suitable for bedroom use and comes in olive with metal frame finish. Suitable for residential and hospitality interiors.,"{""color"": ""Olive"", ""material"": ""Metal frame"", ""room"": ""Bedroom"", ""style"": ""Contemporary"", ""unit"": ""NOS"", ""series"": ""10209315""}",tmbc dc dining chair dining chair dining chair tlplc olive metal frame bedroom contemporary chair dining seating kitchen restaurant,"May 2, 2026"
PRD56614,FUR03167,Macq Dining Chair,Dining Chair,Dining Chair,MMA,25170,4.1,14,3,low_stock,TRUE,Current,Grey,Fabric seat,Living Room,Contemporary,NOS,Macq Dining Chair is a contemporary dining chair from MMA. It is suitable for living room use and comes in grey with fabric seat finish. Suitable for residential and hospitality interiors.,"{""color"": ""Grey"", ""material"": ""Fabric seat"", ""room"": ""Living Room"", ""style"": ""Contemporary"", ""unit"": ""NOS""}",macq dining chair dining chair dining chair mma grey fabric seat living room contemporary chair dining seating kitchen restaurant,"March 31, 2025"
PRD56841,MAT09150,Peps Mattress Sanibel Pillow Top,All Mattress,Mattress,PIPL,26280,3.7,54,35,in_stock,TRUE,Current,Brown,Memory foam,Kids Room,Minimal,NOS,"Peps Mattress Sanibel Pillow Top is a minimal mattress from PIPL. It is suitable for kids room use and comes in brown with memory foam finish. Designed for comfort, support, and daily sleeping use.","{""color"": ""Brown"", ""material"": ""Memory foam"", ""room"": ""Kids Room"", ""style"": ""Minimal"", ""unit"": ""NOS"", ""size"": ""72X60X6''"", ""series"": ""NA""}",peps mattress sanibel pillow top all mattress mattress pipl brown memory foam kids room minimal mattress sleep comfort orthopedic foam bed,"November 28, 2025"
PRD33950,FUR05011,Madison Dining Chair,Dining Chair,Dining Chair,MMA,28780,4.1,27,20,in_stock,TRUE,Current,Mustard,Fabric seat,Living Room,Rustic,NOS,Madison Dining Chair is a rustic dining chair from MMA. It is suitable for living room use and comes in mustard with fabric seat finish. Suitable for residential and hospitality interiors.,"{""color"": ""Mustard"", ""material"": ""Fabric seat"", ""room"": ""Living Room"", ""style"": ""Rustic"", ""unit"": ""NOS""}",madison dining chair dining chair dining chair mma mustard fabric seat living room rustic chair dining seating kitchen restaurant,"August 29, 2024"
PRD44366,FUR04726,Twf Lc Lobby Set (1+2,Accent Chair,Lobby Set (1+2,ADIPL,29000,4.6,17,20,in_stock,TRUE,Current,Blue,Glass,Dining Room,Scandinavian,NOS,Twf Lc Lobby Set (1+2 is a scandinavian lobby set (1+2 from ADIPL. It is suitable for dining room use and comes in blue with glass finish. Suitable for residential and hospitality interiors.,"{""color"": ""Blue"", ""material"": ""Glass"", ""room"": ""Dining Room"", ""style"": ""Scandinavian"", ""unit"": ""NOS"", ""series"": ""717A""}",twf lc lobby set (1+2 accent chair lobby set (1+2 adipl blue glass dining room scandinavian home decor furniture interiors,"June 28, 2024"
PRD58051,FMT04985,Carpets Craft 23279-770 Beige,Mats,Center Carpets,EFIPL,29020,4.4,73,12,in_stock,TRUE,Current,Beige,Cotton,Living Room,Classic,NOS,"Carpets Craft 23279-770 Beige is a classic center carpets from EFIPL. It is suitable for living room use and comes in beige with cotton finish. Useful near entrances, bathrooms, kitchens, and high-footfall areas.","{""color"": ""Beige"", ""material"": ""Cotton"", ""room"": ""Living Room"", ""style"": ""Classic"", ""unit"": ""NOS"", ""size"": ""200X290"", ""series"": ""NA""}",carpets craft 23279-770 beige mats center carpets efipl beige cotton living room classic mat doormat carpet floor entrance anti slip,"May 30, 2025"
PRD43007,FUR06138,Avi Sns Ct Corner Table,Corner Table,Corner Table,VIX,29350,4.3,20,3,low_stock,TRUE,Current,Mustard,Wood,Balcony,Luxury,NOS,Avi Sns Ct Corner Table is a luxury corner table from VIX. It is suitable for balcony use and comes in mustard with wood finish. Suitable for residential and hospitality interiors.,"{""color"": ""Mustard"", ""material"": ""Wood"", ""room"": ""Balcony"", ""style"": ""Luxury"", ""unit"": ""NOS"", ""series"": ""A62#""}",avi sns ct corner table corner table corner table vix mustard wood balcony luxury home decor furniture interiors,"August 21, 2025"
PRD34121,FUR06542,Emb Dc Dining Chair,Dining Chair,Dining Chair,EMB,30290,4.3,9,35,in_stock,TRUE,Current,Oak,Fabric seat,Guest Room,Classic,NOS,Emb Dc Dining Chair is a classic dining chair from EMB. It is suitable for guest room use and comes in oak with fabric seat finish. Suitable for residential and hospitality interiors.,"{""color"": ""Oak"", ""material"": ""Fabric seat"", ""room"": ""Guest Room"", ""style"": ""Classic"", ""unit"": ""NOS"", ""series"": ""289 RG""}",emb dc dining chair dining chair dining chair emb oak fabric seat guest room classic chair dining seating kitchen restaurant,"December 23, 2025"
PRD36811,FMT02482,Carpet Touch 71301 50,Mats,Center Carpets,EFIPL,30480,4.2,3,20,in_stock,TRUE,Current,Beige,Microfiber,Office,Rustic,NOS,"Carpet Touch 71301 50 is a rustic center carpets from EFIPL. It is suitable for office use and comes in beige with microfiber finish. Useful near entrances, bathrooms, kitchens, and high-footfall areas.","{""color"": ""Beige"", ""material"": ""Microfiber"", ""room"": ""Office"", ""style"": ""Rustic"", ""unit"": ""NOS"", ""size"": ""160X230""}",carpet touch 71301 50 mats center carpets efipl beige microfiber office rustic mat doormat carpet floor entrance anti slip,"February 14, 2022"
PRD41208,FUR05806,Avi Dc Dining Chair,Dining Chair,Dining Chair,VIX,31900,4.3,130,20,in_stock,TRUE,Current,Natural,Solid wood,Living Room,Luxury,NOS,Avi Dc Dining Chair is a luxury dining chair from VIX. It is suitable for living room use and comes in natural with solid wood finish. Suitable for residential and hospitality interiors.,"{""color"": ""Natural"", ""material"": ""Solid wood"", ""room"": ""Living Room"", ""style"": ""Luxury"", ""unit"": ""NOS"", ""series"": ""107-231""}",avi dc dining chair dining chair dining chair vix natural solid wood living room luxury chair dining seating kitchen restaurant,"May 26, 2025"
PRD58852,MAT09168,Peps Mattress Inspree 90D Latex Normal Top,All Mattress,Mattress,PIPL,32000,3.5,21,12,in_stock,TRUE,Current,Maroon,High resilience foam,Hotel Room,Classic,NOS,"Peps Mattress Inspree 90D Latex Normal Top is a classic mattress from PIPL. It is suitable for hotel room use and comes in maroon with high resilience foam finish. Designed for comfort, support, and daily sleeping use.","{""color"": ""Maroon"", ""material"": ""High resilience foam"", ""room"": ""Hotel Room"", ""style"": ""Classic"", ""unit"": ""NOS"", ""size"": ""78X68X8''"", ""series"": ""NA""}",peps mattress inspree 90d latex normal top all mattress mattress pipl maroon high resilience foam hotel room classic mattress sleep comfort orthopedic foam bed,"December 31, 2025"
PRD58915,FUR06686,Dive Oc Spark Hb Chair,Office Chair,High Back Chair,VDT,32010,4.4,30,8,in_stock,TRUE,Current,Black,Wood,Hotel Room,Modern,NOS,Dive Oc Spark Hb Chair is a modern high back chair from VDT. It is suitable for hotel room use and comes in black with wood finish. Suitable for residential and hospitality interiors.,"{""color"": ""Black"", ""material"": ""Wood"", ""room"": ""Hotel Room"", ""style"": ""Modern"", ""unit"": ""NOS""}",dive oc spark hb chair office chair high back chair vdt black wood hotel room modern home decor furniture interiors,"February 28, 2026"
PRD55286,HDW09308,Dooya Motorised Curtain  Track Track+Motor+Remote+Automation Dt72E/Ev-75/20,Hardware,Motorised Track,FFPL,33600,3.9,33,12,in_stock,TRUE,Current,Pink,Aluminium,Dining Room,Rustic,NOS,Dooya Motorised Curtain  Track Track+Motor+Remote+Automation Dt72E/Ev-75/20 is a rustic motorised track from FFPL. It is suitable for dining room use and comes in pink with aluminium finish. Suitable for residential and hospitality interiors.,"{""color"": ""Pink"", ""material"": ""Aluminium"", ""room"": ""Dining Room"", ""style"": ""Rustic"", ""unit"": ""NOS"", ""size"": ""24FT"", ""series"": ""NA""}",dooya motorised curtain  track track+motor+remote+automation dt72e/ev-75/20 hardware motorised track ffpl pink aluminium dining room rustic curtain rod finial track hardware fittings,"February 28, 2025"
PRD55722,FUR06463,Tmbc Br Bed Side Table,Bed Side Table,Bed Side Table,TLPLC,34220,4.1,7,8,in_stock,TRUE,Current,Olive,Glass,Living Room,Contemporary,NOS,Tmbc Br Bed Side Table is a contemporary bed side table from TLPLC. It is suitable for living room use and comes in olive with glass finish. Suitable for residential and hospitality interiors.,"{""color"": ""Olive"", ""material"": ""Glass"", ""room"": ""Living Room"", ""style"": ""Contemporary"", ""unit"": ""NOS"", ""series"": ""C803""}",tmbc br bed side table bed side table bed side table tlplc olive glass living room contemporary home decor furniture interiors,"November 15, 2025"
PRD57610,MAT08840,Springfit Mattress Club Class Platinum Na,All Mattress,Mattress,VFIPL,36140,4.2,4,20,in_stock,TRUE,Current,Silver,Pocket spring,Guest Room,Minimal,NOS,"Springfit Mattress Club Class Platinum is a minimal mattress from VFIPL. It is suitable for guest room use and comes in silver with pocket spring finish. Designed for comfort, support, and daily sleeping use.","{""color"": ""Silver"", ""material"": ""Pocket spring"", ""room"": ""Guest Room"", ""style"": ""Minimal"", ""unit"": ""NOS"", ""size"": ""78x60X08''"", ""series"": ""NA""}",springfit mattress club class platinum all mattress mattress vfipl silver pocket spring guest room minimal mattress sleep comfort orthopedic foam bed,"June 26, 2025"
PRD38358,WAL74133,Paris Calcutta Landour Damask,All Wallpaper,Wallpaper,APS,36860,3.7,32,12,in_stock,TRUE,Current,Mustard,Non-woven paper,Bedroom,Contemporary,ROLL,"Paris Calcutta Landour Damask is a contemporary wallpaper from APS. It is suitable for bedroom use and comes in mustard with non-woven paper finish. Useful for accent walls, bedroom walls, and living room decor.","{""color"": ""Mustard"", ""material"": ""Non-woven paper"", ""room"": ""Bedroom"", ""style"": ""Contemporary"", ""unit"": ""ROLL"", ""size"": ""76SQFT"", ""series"": ""W269LO12S75""}",paris calcutta landour damask all wallpaper wallpaper aps mustard non-woven paper bedroom contemporary wallpaper wall covering textured decor,"March 14, 2026"
PRD56680,FMT05217,Carpet Aquarius 63650 9243,Mats,Center Carpets,EFIPL,37620,4.2,99,5,in_stock,TRUE,Current,Beige,Coir,Living Room,Traditional,NOS,"Carpet Aquarius 63650 9243 is a traditional center carpets from EFIPL. It is suitable for living room use and comes in beige with coir finish. Useful near entrances, bathrooms, kitchens, and high-footfall areas.","{""color"": ""Beige"", ""material"": ""Coir"", ""room"": ""Living Room"", ""style"": ""Traditional"", ""unit"": ""NOS"", ""size"": ""160X230"", ""series"": ""06-2025""}",carpet aquarius 63650 9243 mats center carpets efipl beige coir living room traditional mat doormat carpet floor entrance anti slip,"June 20, 2025"
PRD35393,FUR05478,Avi Zf Sr Shoe Rack,Shoe Rack,Shoe Rack,VIX,37820,3.9,40,0,out_of_stock,TRUE,Current,Charcoal,Glass,Living Room,Traditional,NOS,Avi Zf Sr Shoe Rack is a traditional shoe rack from VIX. It is suitable for living room use and comes in charcoal with glass finish. Suitable for residential and hospitality interiors.,"{""color"": ""Charcoal"", ""material"": ""Glass"", ""room"": ""Living Room"", ""style"": ""Traditional"", ""unit"": ""NOS"", ""size"": ""1000*240*1142"", ""series"": ""416""}",avi zf sr shoe rack shoe rack shoe rack vix charcoal glass living room traditional home decor furniture interiors,"January 5, 2025"
PRD31997,FUR04678,Tmb Ct Coffee Table Set,Center Table,Coffee Table Set,TLPL,39200,3.6,5,50,in_stock,TRUE,Current,Gold,Fabric,Balcony,Modern,NOS,Tmb Ct Coffee Table Set is a modern coffee table set from TLPL. It is suitable for balcony use and comes in gold with fabric finish. Suitable for residential and hospitality interiors.,"{""color"": ""Gold"", ""material"": ""Fabric"", ""room"": ""Balcony"", ""style"": ""Modern"", ""unit"": ""NOS"", ""series"": ""YK014""}",tmb ct coffee table set center table coffee table set tlpl gold fabric balcony modern home decor furniture interiors,"July 29, 2024"
PRD57050,FMT04983,Carpets Bella 5917A-Cream Hy,Mats,Center Carpets,EFIPL,40480,4.4,13,1,low_stock,TRUE,Current,Natural,Microfiber,Bedroom,Contemporary,NOS,"Carpets Bella 5917A-Cream Hy is a contemporary center carpets from EFIPL. It is suitable for bedroom use and comes in natural with microfiber finish. Useful near entrances, bathrooms, kitchens, and high-footfall areas.","{""color"": ""Natural"", ""material"": ""Microfiber"", ""room"": ""Bedroom"", ""style"": ""Contemporary"", ""unit"": ""NOS"", ""size"": ""240X340"", ""series"": ""NA""}",carpets bella 5917a-cream hy mats center carpets efipl natural microfiber bedroom contemporary mat doormat carpet floor entrance anti slip,"May 30, 2025"
PRD35583,FUR05106,Twf Gc Garden Coffee Table Set (2+1,Outdoors,Garden Coffee Table Set,ADIPL,42760,3.9,2,50,in_stock,TRUE,Current,Natural,Metal,Bedroom,Contemporary,NOS,Twf Gc Garden Coffee Table Set (2+1 is a contemporary garden coffee table set from ADIPL. It is suitable for bedroom use and comes in natural with metal finish. Suitable for residential and hospitality interiors.,"{""color"": ""Natural"", ""material"": ""Metal"", ""room"": ""Bedroom"", ""style"": ""Contemporary"", ""unit"": ""NOS"", ""series"": ""A1716-Y818""}",twf gc garden coffee table set (2+1 outdoors garden coffee table set adipl natural metal bedroom contemporary home decor furniture interiors,"September 26, 2024"
PRD60609,FUR06770,Eva Fabric Bench,Sofa Bench,Bench,RES,43540,4.2,56,12,in_stock,TRUE,Current,Grey,Metal,Living Room,Contemporary,NOS,Eva Fabric Bench is a contemporary bench from RES. It is suitable for living room use and comes in grey with metal finish. Suitable for residential and hospitality interiors.,"{""color"": ""Grey"", ""material"": ""Metal"", ""room"": ""Living Room"", ""style"": ""Contemporary"", ""unit"": ""NOS""}",eva fabric bench sofa bench bench res grey metal living room contemporary home decor furniture interiors,"March 31, 2026"
PRD57416,FUR05763,Delta Leatherite 1 Seater Rocker Recliner,Recliner,1 Seater Rocker Recliner,MWL,44450,4.7,8,5,in_stock,TRUE,Current,Brown,Ceramic,Kids Room,Minimal,NOS,Delta Leatherite 1 Seater Rocker Recliner is a minimal 1 seater rocker recliner from MWL. It is suitable for kids room use and comes in brown with ceramic finish. Suitable for residential and hospitality interiors.,"{""color"": ""Brown"", ""material"": ""Ceramic"", ""room"": ""Kids Room"", ""style"": ""Minimal"", ""unit"": ""NOS"", ""series"": ""X9761""}",delta leatherite 1 seater rocker recliner recliner 1 seater rocker recliner mwl brown ceramic kids room minimal home decor furniture interiors,"May 10, 2025"
PRD44554,FUR06437,Emb Lc Revolving Accent Chair,Accent Chair,Revolving Accent Chair,EMB,47730,3.6,80,0,out_of_stock,TRUE,Current,Maroon,Engineered wood,Hotel Room,Scandinavian,NOS.,Emb Lc Revolving Accent Chair is a scandinavian revolving accent chair from EMB. It is suitable for hotel room use and comes in maroon with engineered wood finish. Suitable for residential and hospitality interiors.,"{""color"": ""Maroon"", ""material"": ""Engineered wood"", ""room"": ""Hotel Room"", ""style"": ""Scandinavian"", ""unit"": ""NOS."", ""series"": ""230""}",emb lc revolving accent chair accent chair revolving accent chair emb maroon engineered wood hotel room scandinavian home decor furniture interiors,"November 4, 2025"
PRD39550,FUR05496,Avi Myj Gc Garden Coffee Table Set (2+1,Outdoors,Garden Coffee Table Set,VIX,48460,4.2,8,20,in_stock,TRUE,Current,Mustard,Engineered wood,Dining Room,Minimal,NOS,Avi Myj Gc Garden Coffee Table Set (2+1 is a minimal garden coffee table set from VIX. It is suitable for dining room use and comes in mustard with engineered wood finish. Suitable for residential and hospitality interiors.,"{""color"": ""Mustard"", ""material"": ""Engineered wood"", ""room"": ""Dining Room"", ""style"": ""Minimal"", ""unit"": ""NOS"", ""series"": ""11333-4""}",avi myj gc garden coffee table set (2+1 outdoors garden coffee table set vix mustard engineered wood dining room minimal home decor furniture interiors,"January 5, 2025"
PRD42851,FUR05220,Twf Dt Dining Set (1+6,Dining Set,Dining Set (1+6,ADIPL,51240,4,24,8,in_stock,TRUE,Current,Brown,Wood,Hotel Room,Modern,NOS,Twf Dt Dining Set (1+6 is a modern dining set (1+6 from ADIPL. It is suitable for hotel room use and comes in brown with wood finish. Suitable for residential and hospitality interiors.,"{""color"": ""Brown"", ""material"": ""Wood"", ""room"": ""Hotel Room"", ""style"": ""Modern"", ""unit"": ""NOS"", ""series"": ""Y2-74-B01""}",twf dt dining set (1+6 dining set dining set (1+6 adipl brown wood hotel room modern home decor furniture interiors,"October 17, 2024"
PRD35583,FUR04509,Twf Gc Garden Coffee Table Set (2+1,Outdoors,Garden Coffee Table Set,ADIPL,51640,4.8,160,12,in_stock,TRUE,Current,Green,Fabric,Office,Modern,NOS,Twf Gc Garden Coffee Table Set (2+1 is a modern garden coffee table set from ADIPL. It is suitable for office use and comes in green with fabric finish. Suitable for residential and hospitality interiors.,"{""color"": ""Green"", ""material"": ""Fabric"", ""room"": ""Office"", ""style"": ""Modern"", ""unit"": ""NOS"", ""series"": ""B-8""}",twf gc garden coffee table set (2+1 outdoors garden coffee table set adipl green fabric office modern home decor furniture interiors,"April 24, 2024"
PRD55284,FUR05355,Tmb Od Dc/Ac5879N04Rop/Marrakech/Taupe 20088/Xw,Outdoors,Outdoors,TLPL,51660,4.5,38,12,in_stock,TRUE,Current,Natural,Metal,Living Room,Contemporary,NOS,Tmb Od Dc/Ac5879N04Rop/Marrakech/Taupe 20088/Xw is a contemporary outdoors from TLPL. It is suitable for living room use and comes in natural with metal finish. Suitable for residential and hospitality interiors.,"{""color"": ""Natural"", ""material"": ""Metal"", ""room"": ""Living Room"", ""style"": ""Contemporary"", ""unit"": ""NOS""}",tmb od dc/ac5879n04rop/marrakech/taupe 20088/xw outdoors outdoors tlpl natural metal living room contemporary home decor furniture interiors,"March 31, 2025"
PRD33479,MAT09205,Peps Mattress Zenimo Normal Top,All Mattress,Mattress,PIPL,54040,4.1,85,5,in_stock,TRUE,Current,Pink,Latex foam,Guest Room,Scandinavian,NOS,"Peps Mattress Zenimo Normal Top is a scandinavian mattress from PIPL. It is suitable for guest room use and comes in pink with latex foam finish. Designed for comfort, support, and daily sleeping use.","{""color"": ""Pink"", ""material"": ""Latex foam"", ""room"": ""Guest Room"", ""style"": ""Scandinavian"", ""unit"": ""NOS"", ""size"": ""78x83.5x8''"", ""series"": ""NA""}",peps mattress zenimo normal top all mattress mattress pipl pink latex foam guest room scandinavian mattress sleep comfort orthopedic foam bed,"March 9, 2026"
PRD55764,FUR06627,Tmbc Ct Corner Table,Corner Table,Corner Table,TLPLC,54120,4.1,12,0,out_of_stock,TRUE,Current,Black,Fabric,Living Room,Luxury,NOS,Tmbc Ct Corner Table is a luxury corner table from TLPLC. It is suitable for living room use and comes in black with fabric finish. Suitable for residential and hospitality interiors.,"{""color"": ""Black"", ""material"": ""Fabric"", ""room"": ""Living Room"", ""style"": ""Luxury"", ""unit"": ""NOS"", ""size"": ""550*550*500mm"", ""series"": ""CT2085L""}",tmbc ct corner table corner table corner table tlplc black fabric living room luxury home decor furniture interiors,"January 27, 2026"
PRD60228,FUR06921,Flare Fabric Sofa Bed,Sofa Bed,Sofa Bed,RES,55930,4.5,42,20,in_stock,TRUE,Current,Mustard,Fabric,Kids Room,Modern,NOS,Flare Fabric Sofa Bed is a modern sofa bed from RES. It is suitable for kids room use and comes in mustard with fabric finish. Suitable for residential and hospitality interiors.,"{""color"": ""Mustard"", ""material"": ""Fabric"", ""room"": ""Kids Room"", ""style"": ""Modern"", ""unit"": ""NOS""}",flare fabric sofa bed sofa bed sofa bed res mustard fabric kids room modern home decor furniture interiors,
PRD37044,FUR05949,Tmbc Dc Dining Chair,Dining Chair,Dining Chair,TLPLC,56170,3.8,16,8,in_stock,TRUE,Current,Brown,Leatherette,Balcony,Classic,NOS,Tmbc Dc Dining Chair is a classic dining chair from TLPLC. It is suitable for balcony use and comes in brown with leatherette finish. Suitable for residential and hospitality interiors.,"{""color"": ""Brown"", ""material"": ""Leatherette"", ""room"": ""Balcony"", ""style"": ""Classic"", ""unit"": ""NOS"", ""series"": ""10153214""}",tmbc dc dining chair dining chair dining chair tlplc brown leatherette balcony classic chair dining seating kitchen restaurant,"July 26, 2025"
PRD56733,WAL80482,Bugatti Wall Covering Na,All Wallpaper,Wallpaper,GAT,56900,3.9,17,5,in_stock,TRUE,Current,Gold,Textured paper,Guest Room,Traditional,ROLL,"Bugatti Wall Covering is a traditional wallpaper from GAT. It is suitable for guest room use and comes in gold with textured paper finish. Useful for accent walls, bedroom walls, and living room decor.","{""color"": ""Gold"", ""material"": ""Textured paper"", ""room"": ""Guest Room"", ""style"": ""Traditional"", ""unit"": ""ROLL"", ""size"": ""3 MTR / ROLL"", ""series"": ""NA""}",bugatti wall covering all wallpaper wallpaper gat gold textured paper guest room traditional wallpaper wall covering textured decor,"October 27, 2025"
PRD60227,FUR06920,Dive Lc Accent  Chair E68 - Romania,Accent Chair,Accent Chair E68 - Romania,Generic,57820,4.7,40,3,low_stock,TRUE,Current,Black,Engineered wood,Hotel Room,Traditional,NOS,Dive Lc Accent  Chair E68 - Romania is a traditional accent chair e68 - romania from Generic. It is suitable for hotel room use and comes in black with engineered wood finish. Suitable for residential and hospitality interiors.,"{""color"": ""Black"", ""material"": ""Engineered wood"", ""room"": ""Hotel Room"", ""style"": ""Traditional"", ""unit"": ""NOS""}",dive lc accent  chair e68 - romania accent chair accent chair e68 - romania nan black engineered wood hotel room traditional home decor furniture interiors,"May 6, 2026"
PRD38667,FUR06474,Dive Dc Dining Chair,Dining Chair,Dining Chair,EGZ,57820,4.2,37,50,in_stock,TRUE,Current,Natural,Leatherette,Dining Room,Scandinavian,NOS,Dive Dc Dining Chair is a scandinavian dining chair from EGZ. It is suitable for dining room use and comes in natural with leatherette finish. Suitable for residential and hospitality interiors.,"{""color"": ""Natural"", ""material"": ""Leatherette"", ""room"": ""Dining Room"", ""style"": ""Scandinavian"", ""unit"": ""NOS"", ""series"": ""Snow""}",dive dc dining chair dining chair dining chair egz natural leatherette dining room scandinavian chair dining seating kitchen restaurant,"November 22, 2025"
PRD55823,FUR06136,Avi Sns Ct Console,Console,Console,VIX,59850,4.6,38,8,in_stock,TRUE,Current,Mustard,Engineered wood,Hotel Room,Contemporary,NOS,Avi Sns Ct Console is a contemporary console from VIX. It is suitable for hotel room use and comes in mustard with engineered wood finish. Suitable for residential and hospitality interiors.,"{""color"": ""Mustard"", ""material"": ""Engineered wood"", ""room"": ""Hotel Room"", ""style"": ""Contemporary"", ""unit"": ""NOS"", ""size"": ""140*40"", ""series"": ""FW07#""}",avi sns ct console console console vix mustard engineered wood hotel room contemporary home decor furniture interiors,"August 21, 2025"
PRD56269,FUR06510,Tmbc Dt Dining Table 8 Seater,Dining Table,Dining Table 8 Seater,TLPLC,63560,4.6,14,1,low_stock,TRUE,Current,Mustard,Marble top,Bedroom,Traditional,NOS,Tmbc Dt Dining Table 8 Seater is a traditional dining table 8 seater from TLPLC. It is suitable for bedroom use and comes in mustard with marble top finish. Suitable for residential and hospitality interiors.,"{""color"": ""Mustard"", ""material"": ""Marble top"", ""room"": ""Bedroom"", ""style"": ""Traditional"", ""unit"": ""NOS"", ""series"": ""15165315/240""}",tmbc dt dining table 8 seater dining table dining table 8 seater tlplc mustard marble top bedroom traditional dining table family meal wooden table,"December 15, 2025"
PRD40619,FUR04352,Infinity Fabric Corner Sofa,Sofa,Corner Sofa,RES,64170,4.8,109,5,in_stock,TRUE,Current,Navy,Fabric upholstery,Guest Room,Minimal,NOS,Infinity Fabric Corner Sofa is a minimal corner sofa from RES. It is suitable for guest room use and comes in navy with fabric upholstery finish. Suitable for residential and hospitality interiors.,"{""color"": ""Navy"", ""material"": ""Fabric upholstery"", ""room"": ""Guest Room"", ""style"": ""Minimal"", ""unit"": ""NOS""}",infinity fabric corner sofa sofa corner sofa res navy fabric upholstery guest room minimal couch seating living room sofa lounge,"December 4, 2024"
PRD48831,FUR03358,High Gold Nofi Mesa-380132 Double Sofa,Outdoors,2 Seater Sofa,TCL,65290,3.7,5,3,low_stock,TRUE,Current,Gold,Ceramic,Balcony,Contemporary,NOS,High Gold Nofi Mesa-380132 Double Sofa is a contemporary 2 seater sofa from TCL. It is suitable for balcony use and comes in gold with ceramic finish. Suitable for residential and hospitality interiors.,"{""color"": ""Gold"", ""material"": ""Ceramic"", ""room"": ""Balcony"", ""style"": ""Contemporary"", ""unit"": ""NOS""}",high gold nofi mesa-380132 double sofa outdoors 2 seater sofa tcl gold ceramic balcony contemporary home decor furniture interiors,"June 21, 2023"
PRD55764,FUR06180,Tmbc Ct Corner Table,Corner Table,Corner Table,TLPLC,66080,4.2,2,0,out_of_stock,TRUE,Current,Black,Wood,Bedroom,Contemporary,NOS,Tmbc Ct Corner Table is a contemporary corner table from TLPLC. It is suitable for bedroom use and comes in black with wood finish. Suitable for residential and hospitality interiors.,"{""color"": ""Black"", ""material"": ""Wood"", ""room"": ""Bedroom"", ""style"": ""Contemporary"", ""unit"": ""NOS"", ""series"": ""CT2088""}",tmbc ct corner table corner table corner table tlplc black wood bedroom contemporary home decor furniture interiors,"August 31, 2025"
PRD53260,FUR05757,Daisy Fabric Electric Accent Chair-Swgr,Accent Chair,Electric Accent Chair-Swgr,MWL,76130,4.5,16,5,in_stock,TRUE,Current,Green,Engineered wood,Balcony,Rustic,NOS,Daisy Fabric Electric Accent Chair-Swgr is a rustic electric accent chair-swgr from MWL. It is suitable for balcony use and comes in green with engineered wood finish. Suitable for residential and hospitality interiors.,"{""color"": ""Green"", ""material"": ""Engineered wood"", ""room"": ""Balcony"", ""style"": ""Rustic"", ""unit"": ""NOS"", ""series"": ""K51151M""}",daisy fabric electric accent chair-swgr accent chair electric accent chair-swgr mwl green engineered wood balcony rustic home decor furniture interiors,"May 6, 2025"
PRD59465,FUR06348,Tmbc Od Sf/91934100-Lg/Light Grey/1Str/Cuddle/Dka,Outdoors,Outdoors,TLPLC,84960,4.3,11,20,in_stock,TRUE,Current,Grey,Glass,Guest Room,Minimal,NOS,Tmbc Od Sf/91934100-Lg/Light Grey/1Str/Cuddle/Dka is a minimal outdoors from TLPLC. It is suitable for guest room use and comes in grey with glass finish. Suitable for residential and hospitality interiors.,"{""color"": ""Grey"", ""material"": ""Glass"", ""room"": ""Guest Room"", ""style"": ""Minimal"", ""unit"": ""NOS""}",tmbc od sf/91934100-lg/light grey/1str/cuddle/dka outdoors outdoors tlplc grey glass guest room minimal home decor furniture interiors,"October 6, 2025"
PRD34209,FUR06836,Tmbc Ct Coffee Table,Center Table,Coffee Table,TLPLC,97000,3.8,18,8,in_stock,TRUE,Current,Green,Engineered wood,Hotel Room,Contemporary,NOS,Tmbc Ct Coffee Table is a contemporary coffee table from TLPLC. It is suitable for hotel room use and comes in green with engineered wood finish. Suitable for residential and hospitality interiors.,"{""color"": ""Green"", ""material"": ""Engineered wood"", ""room"": ""Hotel Room"", ""style"": ""Contemporary"", ""unit"": ""NOS"", ""series"": ""2169L""}",tmbc ct coffee table center table coffee table tlplc green engineered wood hotel room contemporary home decor furniture interiors,"May 3, 2026"
PRD33080,FUR05161,Tmb Ct Coffee Table,Center Table,Coffee Table,TMB,106740,4.1,141,1,low_stock,TRUE,Current,Maroon,Glass,Living Room,Contemporary,NOS,Tmb Ct Coffee Table is a contemporary coffee table from TMB. It is suitable for living room use and comes in maroon with glass finish. Suitable for residential and hospitality interiors.,"{""color"": ""Maroon"", ""material"": ""Glass"", ""room"": ""Living Room"", ""style"": ""Contemporary"", ""unit"": ""NOS"", ""series"": ""25129213""}",tmb ct coffee table center table coffee table tmb maroon glass living room contemporary home decor furniture interiors,"October 9, 2024"
PRD56723,FUR06109,Tmbc Ss Fabric 1 Seater Sofa,Sofa,1 Seater Sofa,TLPLC,107380,4.5,47,8,in_stock,TRUE,Current,Green,Foam cushioning,Balcony,Modern,NOS,Tmbc Ss Fabric 1 Seater Sofa is a modern 1 seater sofa from TLPLC. It is suitable for balcony use and comes in green with foam cushioning finish. Suitable for residential and hospitality interiors.,"{""color"": ""Green"", ""material"": ""Foam cushioning"", ""room"": ""Balcony"", ""style"": ""Modern"", ""unit"": ""NOS""}",tmbc ss fabric 1 seater sofa sofa 1 seater sofa tlplc green foam cushioning balcony modern couch seating living room sofa lounge,"August 15, 2025"
PRD34879,FUR06720,Tmbc Ct Coffee Table Set,Center Table,Coffee Table Set,TLPLC,112100,3.8,27,3,low_stock,TRUE,Current,Pink,Wood,Guest Room,Contemporary,NOS,Tmbc Ct Coffee Table Set is a contemporary coffee table set from TLPLC. It is suitable for guest room use and comes in pink with wood finish. Suitable for residential and hospitality interiors.,"{""color"": ""Pink"", ""material"": ""Wood"", ""room"": ""Guest Room"", ""style"": ""Contemporary"", ""unit"": ""NOS"", ""series"": ""25220963""}",tmbc ct coffee table set center table coffee table set tlplc pink wood guest room contemporary home decor furniture interiors,"April 15, 2026"
PRD59408,FUR05829,Alcamo Half Leather 2.5+2 Seater Sofa,Sofa,2.5+2 Seater Sofa,NCTPL,122780,4.3,22,20,in_stock,TRUE,Current,Brown,Leatherette,Living Room,Minimal,NOS,Alcamo Half Leather 2.5+2 Seater Sofa is a minimal 2.5+2 seater sofa from NCTPL. It is suitable for living room use and comes in brown with leatherette finish. Suitable for residential and hospitality interiors.,"{""color"": ""Brown"", ""material"": ""Leatherette"", ""room"": ""Living Room"", ""style"": ""Minimal"", ""unit"": ""NOS"", ""series"": ""12222""}",alcamo half leather 2.5+2 seater sofa sofa 2.5+2 seater sofa nctpl brown leatherette living room minimal couch seating living room sofa lounge,"June 14, 2025"
PRD32583,FUR04559,Emb Dt Dining Table 6 Seater,Dining Table,Dining Table 6 Seater,EMB,130900,4.1,16,0,out_of_stock,TRUE,Current,Grey,Glass top,Living Room,Minimal,NOS,Emb Dt Dining Table 6 Seater is a minimal dining table 6 seater from EMB. It is suitable for living room use and comes in grey with glass top finish. Suitable for residential and hospitality interiors.,"{""color"": ""Grey"", ""material"": ""Glass top"", ""room"": ""Living Room"", ""style"": ""Minimal"", ""unit"": ""NOS"", ""series"": ""9622-2""}",emb dt dining table 6 seater dining table dining table 6 seater emb grey glass top living room minimal dining table family meal wooden table,"April 28, 2024"
PRD56411,FUR06100,Eva Fabric 3 Seater Sofa,Sofa,3 Seater Sofa,RES,136800,4.3,15,5,in_stock,TRUE,Current,Navy,Fabric upholstery,Office,Contemporary,NOS,Eva Fabric 3 Seater Sofa is a contemporary 3 seater sofa from RES. It is suitable for office use and comes in navy with fabric upholstery finish. Suitable for residential and hospitality interiors.,"{""color"": ""Navy"", ""material"": ""Fabric upholstery"", ""room"": ""Office"", ""style"": ""Contemporary"", ""unit"": ""NOS""}",eva fabric 3 seater sofa sofa 3 seater sofa res navy fabric upholstery office contemporary couch seating living room sofa lounge,"August 23, 2025"
PRD55360,MAT09156,Springfit Mattress Autograph Prive Na,All Mattress,Mattress,VFIPL,139480,4.5,8,3,low_stock,TRUE,Current,Natural,Latex foam,Guest Room,Modern,NOS,"Springfit Mattress Autograph Prive is a modern mattress from VFIPL. It is suitable for guest room use and comes in natural with latex foam finish. Designed for comfort, support, and daily sleeping use.","{""color"": ""Natural"", ""material"": ""Latex foam"", ""room"": ""Guest Room"", ""style"": ""Modern"", ""unit"": ""NOS"", ""size"": ""90X84X07''"", ""series"": ""NA""}",springfit mattress autograph prive all mattress mattress vfipl natural latex foam guest room modern mattress sleep comfort orthopedic foam bed,"December 8, 2025"
PRD41225,FUR05373,Trento Half Leather Power Recliner 2 Seater,Recliner,Power Recliner 2 Seater,NCTPL,142110,4,19,8,in_stock,TRUE,Current,Olive,Ceramic,Dining Room,Scandinavian,NOS.,Trento Half Leather Power Recliner 2 Seater is a scandinavian power recliner 2 seater from NCTPL. It is suitable for dining room use and comes in olive with ceramic finish. Suitable for residential and hospitality interiors.,"{""color"": ""Olive"", ""material"": ""Ceramic"", ""room"": ""Dining Room"", ""style"": ""Scandinavian"", ""unit"": ""NOS."", ""series"": ""RS-13015""}",trento half leather power recliner 2 seater recliner power recliner 2 seater nctpl olive ceramic dining room scandinavian home decor furniture interiors,"December 23, 2024"
PRD57294,FUR06300,Magnum Half Leather 2 Seater Sofa,Sofa,2 Seater Sofa,NCTPL,155080,3.3,53,0,out_of_stock,TRUE,Current,Charcoal,Solid wood frame,Kids Room,Scandinavian,NOS,Magnum Half Leather 2 Seater Sofa is a scandinavian 2 seater sofa from NCTPL. It is suitable for kids room use and comes in charcoal with solid wood frame finish. Suitable for residential and hospitality interiors.,"{""color"": ""Charcoal"", ""material"": ""Solid wood frame"", ""room"": ""Kids Room"", ""style"": ""Scandinavian"", ""unit"": ""NOS"", ""series"": ""HTL-13442-Y""}",magnum half leather 2 seater sofa sofa 2 seater sofa nctpl charcoal solid wood frame kids room scandinavian couch seating living room sofa lounge,"October 6, 2025"
PRD48778,FUR06014,Istanbul Fabric 3+2 Seater Sofa,Sofa,3+2 Seater Sofa,SFC,158590,4.2,22,5,in_stock,TRUE,Current,Blue,Fabric upholstery,Dining Room,Contemporary,NOS,Istanbul Fabric 3+2 Seater Sofa is a contemporary 3+2 seater sofa from SFC. It is suitable for dining room use and comes in blue with fabric upholstery finish. Suitable for residential and hospitality interiors.,"{""color"": ""Blue"", ""material"": ""Fabric upholstery"", ""room"": ""Dining Room"", ""style"": ""Contemporary"", ""unit"": ""NOS""}",istanbul fabric 3+2 seater sofa sofa 3+2 seater sofa sfc blue fabric upholstery dining room contemporary couch seating living room sofa lounge,"July 25, 2025"
PRD46222,FUR06388,Sherman-Htl Fabric L Shape Sofa,Sofa,L Shape Sofa,NCTIPL,162280,3.6,11,8,in_stock,TRUE,Current,Natural,Foam cushioning,Kids Room,Rustic,NOS,Sherman-Htl Fabric L Shape Sofa is a rustic l shape sofa from NCTIPL. It is suitable for kids room use and comes in natural with foam cushioning finish. Suitable for residential and hospitality interiors.,"{""color"": ""Natural"", ""material"": ""Foam cushioning"", ""room"": ""Kids Room"", ""style"": ""Rustic"", ""unit"": ""NOS"", ""series"": ""HTL-12934""}",sherman-htl fabric l shape sofa sofa l shape sofa nctipl natural foam cushioning kids room rustic couch seating living room sofa lounge,"January 4, 2026"
PRD58161,FUR06594,Maxwell-Htl Fabric Electric Recliner 3 Seater,Recliner,Electric Recliner 3 Seater,NCTIPL,164240,3.8,37,12,in_stock,TRUE,Current,Natural,Metal,Bedroom,Modern,NOS,Maxwell-Htl Fabric Electric Recliner 3 Seater is a modern electric recliner 3 seater from NCTIPL. It is suitable for bedroom use and comes in natural with metal finish. Suitable for residential and hospitality interiors.,"{""color"": ""Natural"", ""material"": ""Metal"", ""room"": ""Bedroom"", ""style"": ""Modern"", ""unit"": ""NOS"", ""series"": ""RS-13046-CS""}",maxwell-htl fabric electric recliner 3 seater recliner electric recliner 3 seater nctipl natural metal bedroom modern home decor furniture interiors,"January 24, 2026"
PRD58265,FUR05326,Galaxy Half Leather 3+2 Seater Sofa,Sofa,3+2 Seater Sofa,NCTPL,205530,4.3,19,8,in_stock,TRUE,Current,Red,Leatherette,Hotel Room,Traditional,NOS,Galaxy Half Leather 3+2 Seater Sofa is a traditional 3+2 seater sofa from NCTPL. It is suitable for hotel room use and comes in red with leatherette finish. Suitable for residential and hospitality interiors.,"{""color"": ""Red"", ""material"": ""Leatherette"", ""room"": ""Hotel Room"", ""style"": ""Traditional"", ""unit"": ""NOS"", ""series"": ""12242""}",galaxy half leather 3+2 seater sofa sofa 3+2 seater sofa nctpl red leatherette hotel room traditional couch seating living room sofa lounge,"March 31, 2025"
PRD54463,FUR04870,Tomo Ss Half Leather 1 Seater Sofa,Sofa,1 Seater Sofa,TLPL,209680,3.9,14,12,in_stock,TRUE,Current,Blue,Fabric upholstery,Balcony,Rustic,NOS,Tomo Ss Half Leather 1 Seater Sofa is a rustic 1 seater sofa from TLPL. It is suitable for balcony use and comes in blue with fabric upholstery finish. Suitable for residential and hospitality interiors.,"{""color"": ""Blue"", ""material"": ""Fabric upholstery"", ""room"": ""Balcony"", ""style"": ""Rustic"", ""unit"": ""NOS"", ""series"": ""TM02-2002""}",tomo ss half leather 1 seater sofa sofa 1 seater sofa tlpl blue fabric upholstery balcony rustic couch seating living room sofa lounge,"January 3, 2025"
PRD38984,FUR03681,M&D Ss Half Leather 2 Seater Sofa,Sofa,2 Seater Sofa,TMB,229210,3.9,8,3,low_stock,TRUE,Current,Mustard,Foam cushioning,Office,Rustic,NOS,M&D Ss Half Leather 2 Seater Sofa is a rustic 2 seater sofa from TMB. It is suitable for office use and comes in mustard with foam cushioning finish. Suitable for residential and hospitality interiors.,"{""color"": ""Mustard"", ""material"": ""Foam cushioning"", ""room"": ""Office"", ""style"": ""Rustic"", ""unit"": ""NOS"", ""series"": ""ZA04""}",m&d ss half leather 2 seater sofa sofa 2 seater sofa tmb mustard foam cushioning office rustic couch seating living room sofa lounge,"October 12, 2024"
PRD59913,FUR06824,Symphony-Htl 3S2Ua,Recliner,Recliner,Generic,252840,4.5,375,20,in_stock,TRUE,Current,Natural,Engineered wood,Hotel Room,Luxury,NOS,Symphony-Htl 3S2Ua is a luxury recliner from Generic. It is suitable for hotel room use and comes in natural with engineered wood finish. Suitable for residential and hospitality interiors.,"{""color"": ""Natural"", ""material"": ""Engineered wood"", ""room"": ""Hotel Room"", ""style"": ""Luxury"", ""unit"": ""NOS"", ""series"": ""RS-11841-Y""}",symphony-htl 3s2ua recliner recliner nan natural engineered wood hotel room luxury home decor furniture interiors,"April 18, 2026"
PRD59478,FUR06389,Santa-Htl Half Leather Electric Recliner 3 Seater,Sofa,Electric Recliner 3 Seater,NCTIPL,253620,4.3,43,1,low_stock,TRUE,Current,Beige,Fabric upholstery,Dining Room,Classic,NOS,Santa-Htl Half Leather Electric Recliner 3 Seater is a classic electric recliner 3 seater from NCTIPL. It is suitable for dining room use and comes in beige with fabric upholstery finish. Suitable for residential and hospitality interiors.,"{""color"": ""Beige"", ""material"": ""Fabric upholstery"", ""room"": ""Dining Room"", ""style"": ""Classic"", ""unit"": ""NOS"", ""series"": ""RS-12742-PR""}",santa-htl half leather electric recliner 3 seater sofa electric recliner 3 seater nctipl beige fabric upholstery dining room classic couch seating living room sofa lounge,"January 31, 2026"
PRD50476,FUR06022,Bambino Half Leather Corner Sofa With Motorised Recliner,Recliner,Corner Sofa With Motorised Recliner,NCTPL,537960,4.3,147,0,out_of_stock,TRUE,Current,Pink,Glass,Dining Room,Scandinavian,NOS,Bambino Half Leather Corner Sofa With Motorised Recliner is a scandinavian corner sofa with motorised recliner from NCTPL. It is suitable for dining room use and comes in pink with glass finish. Suitable for residential and hospitality interiors.,"{""color"": ""Pink"", ""material"": ""Glass"", ""room"": ""Dining Room"", ""style"": ""Scandinavian"", ""unit"": ""NOS"", ""series"": ""11499""}",bambino half leather corner sofa with motorised recliner recliner corner sofa with motorised recliner nctpl pink glass dining room scandinavian home decor furniture interiors,"August 4, 2025"
PRD42859,FUR04855,Amber Full Leather Corner Sofa With Motorised Recliner,Recliner,Corner Sofa With Motorised Recliner,NCTPL,572120,3.8,0,1,low_stock,TRUE,Current,Brown,Wood,Kids Room,Contemporary,NOS,Amber Full Leather Corner Sofa With Motorised Recliner is a contemporary corner sofa with motorised recliner from NCTPL. It is suitable for kids room use and comes in brown with wood finish. Suitable for residential and hospitality interiors.,"{""color"": ""Brown"", ""material"": ""Wood"", ""room"": ""Kids Room"", ""style"": ""Contemporary"", ""unit"": ""NOS"", ""series"": ""RS-12885-PR""}",amber full leather corner sofa with motorised recliner recliner corner sofa with motorised recliner nctpl brown wood kids room contemporary home decor furniture interiors,"November 3, 2024"
PRD34878,FUR06614,Tmbc Ss Half Leather Power Recliner 3 Seater,Recliner,Power Recliner 3 Seater,TLPLC,887360,4,183,3,low_stock,TRUE,Current,Olive,Engineered wood,Bedroom,Rustic,NOS,Tmbc Ss Half Leather Power Recliner 3 Seater is a rustic power recliner 3 seater from TLPLC. It is suitable for bedroom use and comes in olive with engineered wood finish. Suitable for residential and hospitality interiors.,"{""color"": ""Olive"", ""material"": ""Engineered wood"", ""room"": ""Bedroom"", ""style"": ""Rustic"", ""unit"": ""NOS"", ""series"": ""ZEH2-MD""}",tmbc ss half leather power recliner 3 seater recliner power recliner 3 seater tlplc olive engineered wood bedroom rustic home decor furniture interiors,"January 27, 2026"
PRD48156,SAM02577,Grazia Na,Samples,Fabric Samples,SDD,50,4.8,6,0,out_of_stock,FALSE,Non Current,Navy,Fabric,Dining Room,Minimal,NOS,Grazia is a minimal fabric samples from SDD. It is suitable for dining room use and comes in navy with fabric finish. Suitable for residential and hospitality interiors.,"{""color"": ""Navy"", ""material"": ""Fabric"", ""room"": ""Dining Room"", ""style"": ""Minimal"", ""unit"": ""NOS"", ""size"": ""NA"", ""series"": ""NA""}",grazia samples fabric samples sdd navy fabric dining room minimal home decor furniture interiors,"December 28, 2019"
PRD38337,SAM03292,Kasheeda Na,Samples,Fabric Samples,SDD,50,3.9,21,0,out_of_stock,FALSE,Non Current,Grey,Fabric,Office,Classic,NOS,Kasheeda is a classic fabric samples from SDD. It is suitable for office use and comes in grey with fabric finish. Suitable for residential and hospitality interiors.,"{""color"": ""Grey"", ""material"": ""Fabric"", ""room"": ""Office"", ""style"": ""Classic"", ""unit"": ""NOS"", ""size"": ""NA"", ""series"": ""NA""}",kasheeda samples fabric samples sdd grey fabric office classic home decor furniture interiors,"October 28, 2020"
PRD24296,SAM01273,Images,Fabric,Curtain Fabric,ADF,50,4.6,21,0,out_of_stock,FALSE,Current,Navy,Polyester,Dining Room,Luxury,NOS,"Images is a luxury curtain fabric from ADF. It is suitable for dining room use and comes in navy with polyester finish. Useful for curtains, upholstery, drapes, cushions, and soft furnishing projects.","{""color"": ""Navy"", ""material"": ""Polyester"", ""room"": ""Dining Room"", ""style"": ""Luxury"", ""unit"": ""NOS""}",images fabric curtain fabric adf navy polyester dining room luxury curtain fabric upholstery cloth drape textile material,"January 1, 2018"
PRD53753,SAM01922,Versatile Na,Samples,Fabric Samples,DVS,50,3.9,18,0,out_of_stock,FALSE,Non Current,Oak,Glass,Living Room,Contemporary,NOS,Versatile is a contemporary fabric samples from DVS. It is suitable for living room use and comes in oak with glass finish. Suitable for residential and hospitality interiors.,"{""color"": ""Oak"", ""material"": ""Glass"", ""room"": ""Living Room"", ""style"": ""Contemporary"", ""unit"": ""NOS"", ""size"": ""NA"", ""series"": ""NA""}",versatile samples fabric samples dvs oak glass living room contemporary home decor furniture interiors,"December 23, 2018"
PRD54983,SAM04138,Regalia Na,Samples,Fabric Samples,SDD,50,3.9,38,0,out_of_stock,FALSE,Non Current,Green,Ceramic,Kids Room,Scandinavian,NOS,Regalia is a scandinavian fabric samples from SDD. It is suitable for kids room use and comes in green with ceramic finish. Suitable for residential and hospitality interiors.,"{""color"": ""Green"", ""material"": ""Ceramic"", ""room"": ""Kids Room"", ""style"": ""Scandinavian"", ""unit"": ""NOS"", ""size"": ""NA"", ""series"": ""NA""}",regalia samples fabric samples sdd green ceramic kids room scandinavian home decor furniture interiors,"February 26, 2022"
PRD42193,SAM05610,Sample Cut Cloth Na,Samples,Fabric Samples,BSMPL,50,3.9,11,0,out_of_stock,FALSE,Current,Pink,Ceramic,Dining Room,Classic,MTR,Sample Cut Cloth is a classic fabric samples from BSMPL. It is suitable for dining room use and comes in pink with ceramic finish. Suitable for residential and hospitality interiors.,"{""color"": ""Pink"", ""material"": ""Ceramic"", ""room"": ""Dining Room"", ""style"": ""Classic"", ""unit"": ""MTR"", ""size"": ""NA"", ""series"": ""NA""}",sample cut cloth samples fabric samples bsmpl pink ceramic dining room classic home decor furniture interiors,"March 2, 2023"
PRD47200,SAM07544,Mascow-B/O Fabric,Samples,Fabric Samples,SGT,50,4.6,8,0,out_of_stock,FALSE,Non Current,Beige,Wood,Balcony,Traditional,NOS,Mascow-B/O Fabric is a traditional fabric samples from SGT. It is suitable for balcony use and comes in beige with wood finish. Suitable for residential and hospitality interiors.,"{""color"": ""Beige"", ""material"": ""Wood"", ""room"": ""Balcony"", ""style"": ""Traditional"", ""unit"": ""NOS"", ""size"": ""NA"", ""series"": ""NA""}",mascow-b/o fabric samples fabric samples sgt beige wood balcony traditional home decor furniture interiors,"April 15, 2025"
PRD17739,KL308CL,Kl308 Metro Dn. 12672 Sn. 710,Fabric,Curtain Fabric,KC,50,3.6,22,0,out_of_stock,FALSE,Current,Black,Sheer fabric,Hotel Room,Traditional,MTR,"Kl308 Metro Dn. 12672 Sn. 710 is a traditional curtain fabric from KC. It is suitable for hotel room use and comes in black with sheer fabric finish. Useful for curtains, upholstery, drapes, cushions, and soft furnishing projects.","{""color"": ""Black"", ""material"": ""Sheer fabric"", ""room"": ""Hotel Room"", ""style"": ""Traditional"", ""unit"": ""MTR""}",kl308 metro dn. 12672 sn. 710 fabric curtain fabric kc black sheer fabric hotel room traditional curtain fabric upholstery cloth drape textile material,"December 31, 2024"
PRD19823,SAM03733,Atlantic Na,Samples,Fabric Samples,SAR,50,4,35,0,out_of_stock,FALSE,Current,Grey,Glass,Bedroom,Minimal,NOS,Atlantic is a minimal fabric samples from SAR. It is suitable for bedroom use and comes in grey with glass finish. Suitable for residential and hospitality interiors.,"{""color"": ""Grey"", ""material"": ""Glass"", ""room"": ""Bedroom"", ""style"": ""Minimal"", ""unit"": ""NOS"", ""size"": ""NA"", ""series"": ""NA""}",atlantic samples fabric samples sar grey glass bedroom minimal home decor furniture interiors,"June 15, 2021"
PRD44495,SAM03901,Istria Hanger Na,Samples,Fabric Samples,AKI,50,4.3,19,0,out_of_stock,FALSE,Current,Gold,Fabric,Bedroom,Scandinavian,NOS,Istria Hanger is a scandinavian fabric samples from AKI. It is suitable for bedroom use and comes in gold with fabric finish. Suitable for residential and hospitality interiors.,"{""color"": ""Gold"", ""material"": ""Fabric"", ""room"": ""Bedroom"", ""style"": ""Scandinavian"", ""unit"": ""NOS"", ""size"": ""NA"", ""series"": ""NA""}",istria hanger samples fabric samples aki gold fabric bedroom scandinavian home decor furniture interiors,"August 13, 2021"
PRD31763,SAM06295,Shimmer Fabric,Samples,Fabric Samples,AZ,50,4.1,8,0,out_of_stock,FALSE,Current,Green,Glass,Kids Room,Minimal,NOS,Shimmer Fabric is a minimal fabric samples from AZ. It is suitable for kids room use and comes in green with glass finish. Suitable for residential and hospitality interiors.,"{""color"": ""Green"", ""material"": ""Glass"", ""room"": ""Kids Room"", ""style"": ""Minimal"", ""unit"": ""NOS"", ""size"": ""NA"", ""series"": ""NA""}",shimmer fabric samples fabric samples az green glass kids room minimal home decor furniture interiors,"December 13, 2023"
PRD36720,SAM01776,Divine Na,Samples,Fabric Samples,KC,50,4.2,52,0,out_of_stock,FALSE,Non Current,Ivory,Ceramic,Dining Room,Minimal,NOS,Divine is a minimal fabric samples from KC. It is suitable for dining room use and comes in ivory with ceramic finish. Suitable for residential and hospitality interiors.,"{""color"": ""Ivory"", ""material"": ""Ceramic"", ""room"": ""Dining Room"", ""style"": ""Minimal"", ""unit"": ""NOS"", ""size"": ""NA"", ""series"": ""NA""}",divine samples fabric samples kc ivory ceramic dining room minimal home decor furniture interiors,"October 12, 2018"
PRD48771,SAM01541,Rialto Ii Fabric,Samples,Fabric Samples,HICF,50,3.8,19,0,out_of_stock,FALSE,Non Current,Beige,Glass,Living Room,Classic,NOS,Rialto Ii Fabric is a classic fabric samples from HICF. It is suitable for living room use and comes in beige with glass finish. Suitable for residential and hospitality interiors.,"{""color"": ""Beige"", ""material"": ""Glass"", ""room"": ""Living Room"", ""style"": ""Classic"", ""unit"": ""NOS"", ""size"": ""NA"", ""series"": ""NA""}",rialto ii fabric samples fabric samples hicf beige glass living room classic home decor furniture interiors,"June 3, 2018"
PRD36932,ULU105,Ul/U/105,Fabric,Sofa Fabric,OTHR,50,4.5,35,0,out_of_stock,FALSE,Non Current,Mustard,Velvet,Dining Room,Rustic,MTR,"Ul/U/105 is a rustic sofa fabric from OTHR. It is suitable for dining room use and comes in mustard with velvet finish. Useful for curtains, upholstery, drapes, cushions, and soft furnishing projects.","{""color"": ""Mustard"", ""material"": ""Velvet"", ""room"": ""Dining Room"", ""style"": ""Rustic"", ""unit"": ""MTR""}",ul/u/105 fabric sofa fabric othr mustard velvet dining room rustic curtain fabric upholstery cloth drape textile material,"December 31, 2024"
PRD19114,SAM00589,Classic Na,Samples,Fabric Samples,SWPL,50,4.6,10,0,out_of_stock,FALSE,Current,Pink,Metal,Dining Room,Contemporary,NOS,Classic is a contemporary fabric samples from SWPL. It is suitable for dining room use and comes in pink with metal finish. Suitable for residential and hospitality interiors.,"{""color"": ""Pink"", ""material"": ""Metal"", ""room"": ""Dining Room"", ""style"": ""Contemporary"", ""unit"": ""NOS"", ""size"": ""NA"", ""series"": ""NA""}",classic samples fabric samples swpl pink metal dining room contemporary home decor furniture interiors,"December 31, 2024"
PRD18072,SAM00368,Wall Life Wallpaper Na,Samples,Wallpaper Samples,SHT,50,3.5,25,0,out_of_stock,FALSE,Current,Ivory,Engineered wood,Office,Contemporary,NOS,Wall Life Wallpaper is a contemporary wallpaper samples from SHT. It is suitable for office use and comes in ivory with engineered wood finish. Suitable for residential and hospitality interiors.,"{""color"": ""Ivory"", ""material"": ""Engineered wood"", ""room"": ""Office"", ""style"": ""Contemporary"", ""unit"": ""NOS"", ""size"": ""NA"", ""series"": ""NA""}",wall life wallpaper samples wallpaper samples sht ivory engineered wood office contemporary home decor furniture interiors,"December 31, 2024"
PRD37887,SAM07197,Taahira Fabric,Samples,Fabric Samples,KFC,50,4.3,90,0,out_of_stock,FALSE,Current,Pink,Ceramic,Balcony,Classic,NOS,Taahira Fabric is a classic fabric samples from KFC. It is suitable for balcony use and comes in pink with ceramic finish. Suitable for residential and hospitality interiors.,"{""color"": ""Pink"", ""material"": ""Ceramic"", ""room"": ""Balcony"", ""style"": ""Classic"", ""unit"": ""NOS"", ""size"": ""NA"", ""series"": ""NA""}",taahira fabric samples fabric samples kfc pink ceramic balcony classic home decor furniture interiors,"November 29, 2024"
PRD45240,FLG01192,Clips Na,Flooring,Fitting Accessories,PRO,50,4.6,36,0,out_of_stock,FALSE,Current,Charcoal,Fabric,Office,Rustic,NOS,Clips is a rustic fitting accessories from PRO. It is suitable for office use and comes in charcoal with fabric finish. Suitable for residential and hospitality interiors.,"{""color"": ""Charcoal"", ""material"": ""Fabric"", ""room"": ""Office"", ""style"": ""Rustic"", ""unit"": ""NOS"", ""size"": ""NA"", ""series"": ""NA""}",clips flooring fitting accessories pro charcoal fabric office rustic home decor furniture interiors,"July 27, 2021"
PRD52298,SAM00729,Gallery 4 Sculpture Fabric,Samples,Fabric Samples,DDHS,50,4.4,16,0,out_of_stock,FALSE,Non Current,Pink,Metal,Balcony,Classic,NOS,Gallery 4 Sculpture Fabric is a classic fabric samples from DDHS. It is suitable for balcony use and comes in pink with metal finish. Suitable for residential and hospitality interiors.,"{""color"": ""Pink"", ""material"": ""Metal"", ""room"": ""Balcony"", ""style"": ""Classic"", ""unit"": ""NOS"", ""size"": ""NA"", ""series"": ""NA""}",gallery 4 sculpture fabric samples fabric samples ddhs pink metal balcony classic home decor furniture interiors,"June 29, 2020"
PRD41988,SAM07100,Crew Fabric,Samples,Fabric Samples,NHD,60,3.7,22,0,out_of_stock,FALSE,Current,Oak,Ceramic,Dining Room,Minimal,NOS,Crew Fabric is a minimal fabric samples from NHD. It is suitable for dining room use and comes in oak with ceramic finish. Suitable for residential and hospitality interiors.,"{""color"": ""Oak"", ""material"": ""Ceramic"", ""room"": ""Dining Room"", ""style"": ""Minimal"", ""unit"": ""NOS"", ""size"": ""NA"", ""series"": ""NA""}",crew fabric samples fabric samples nhd oak ceramic dining room minimal home decor furniture interiors,"October 15, 2024"
PRD31815,FWC174773,Sansa Plain,Fabric,Curtain Fabric,DCTF,60,4.5,41,0,out_of_stock,FALSE,Non Current,Charcoal,Polyester,Kids Room,Modern,MTR,"Sansa Plain is a modern curtain fabric from DCTF. It is suitable for kids room use and comes in charcoal with polyester finish. Useful for curtains, upholstery, drapes, cushions, and soft furnishing projects.","{""color"": ""Charcoal"", ""material"": ""Polyester"", ""room"": ""Kids Room"", ""style"": ""Modern"", ""unit"": ""MTR"", ""size"": ""54\""""}",sansa plain fabric curtain fabric dctf charcoal polyester kids room modern curtain fabric upholstery cloth drape textile material,"June 23, 2022"
PRD18533,FWC72412,Sheer Curtain 261X,Fabric,Curtain Fabric,MTY,90,4.4,12,0,out_of_stock,FALSE,Current,Gold,Blackout fabric,Living Room,Classic,MTR,"Sheer Curtain 261X is a classic curtain fabric from MTY. It is suitable for living room use and comes in gold with blackout fabric finish. Useful for curtains, upholstery, drapes, cushions, and soft furnishing projects.","{""color"": ""Gold"", ""material"": ""Blackout fabric"", ""room"": ""Living Room"", ""style"": ""Classic"", ""unit"": ""MTR"", ""size"": ""54"", ""series"": ""9""}",sheer curtain 261x fabric curtain fabric mty gold blackout fabric living room classic curtain fabric upholstery cloth drape textile material,"May 6, 2017"
PRD32495,ACC05191,Pn Decor Pn Afb Camellia,Accessories,Artificial Flower,PWDPL,90,4.1,34,0,out_of_stock,FALSE,Current,Brown,Metal,Balcony,Luxury,NOS,Pn Decor Pn Afb Camellia is a luxury artificial flower from PWDPL. It is suitable for balcony use and comes in brown with metal finish. Suitable for residential and hospitality interiors.,"{""color"": ""Brown"", ""material"": ""Metal"", ""room"": ""Balcony"", ""style"": ""Luxury"", ""unit"": ""NOS""}",pn decor pn afb camellia accessories artificial flower pwdpl brown metal balcony luxury decor accessories artifact home styling,"August 28, 2024"
PRD33889,FWC63281,Avondale Azure,Fabric,Curtain Fabric,SAR,100,4,11,0,out_of_stock,FALSE,Non Current,Green,Blackout fabric,Guest Room,Modern,MTR,"Avondale Azure is a modern curtain fabric from SAR. It is suitable for guest room use and comes in green with blackout fabric finish. Useful for curtains, upholstery, drapes, cushions, and soft furnishing projects.","{""color"": ""Green"", ""material"": ""Blackout fabric"", ""room"": ""Guest Room"", ""style"": ""Modern"", ""unit"": ""MTR"", ""size"": ""54""}",avondale azure fabric curtain fabric sar green blackout fabric guest room modern curtain fabric upholstery cloth drape textile material,"March 10, 2022"
PRD44015,SAM02086,Splendid Na,Samples,Fabric Samples,SHIV,100,4.3,46,0,out_of_stock,FALSE,Non Current,Grey,Glass,Balcony,Rustic,NOS,Splendid is a rustic fabric samples from SHIV. It is suitable for balcony use and comes in grey with glass finish. Suitable for residential and hospitality interiors.,"{""color"": ""Grey"", ""material"": ""Glass"", ""room"": ""Balcony"", ""style"": ""Rustic"", ""unit"": ""NOS"", ""size"": ""NA"", ""series"": ""NA""}",splendid samples fabric samples shiv grey glass balcony rustic home decor furniture interiors,"April 29, 2019"
PRD33889,FWC63288,Avondale Azure,Fabric,Curtain Fabric,SAR,100,4.1,5,0,out_of_stock,FALSE,Non Current,Walnut,Jacquard,Office,Traditional,MTR,"Avondale Azure is a traditional curtain fabric from SAR. It is suitable for office use and comes in walnut with jacquard finish. Useful for curtains, upholstery, drapes, cushions, and soft furnishing projects.","{""color"": ""Walnut"", ""material"": ""Jacquard"", ""room"": ""Office"", ""style"": ""Traditional"", ""unit"": ""MTR"", ""size"": ""54""}",avondale azure fabric curtain fabric sar walnut jacquard office traditional curtain fabric upholstery cloth drape textile material,"March 10, 2022"
PRD33889,FWC63264,Avondale Azure,Fabric,Curtain Fabric,SAR,100,3.9,25,0,out_of_stock,FALSE,Non Current,Red,Linen blend,Hotel Room,Classic,MTR,"Avondale Azure is a classic curtain fabric from SAR. It is suitable for hotel room use and comes in red with linen blend finish. Useful for curtains, upholstery, drapes, cushions, and soft furnishing projects.","{""color"": ""Red"", ""material"": ""Linen blend"", ""room"": ""Hotel Room"", ""style"": ""Classic"", ""unit"": ""MTR"", ""size"": ""54""}",avondale azure fabric curtain fabric sar red linen blend hotel room classic curtain fabric upholstery cloth drape textile material,"March 10, 2022"
PRD31815,FWC174787,Sansa Plain,Fabric,Curtain Fabric,DCTF,100,4.2,26,0,out_of_stock,FALSE,Non Current,Mustard,Sheer fabric,Living Room,Minimal,MTR,"Sansa Plain is a minimal curtain fabric from DCTF. It is suitable for living room use and comes in mustard with sheer fabric finish. Useful for curtains, upholstery, drapes, cushions, and soft furnishing projects.","{""color"": ""Mustard"", ""material"": ""Sheer fabric"", ""room"": ""Living Room"", ""style"": ""Minimal"", ""unit"": ""MTR"", ""size"": ""54\""""}",sansa plain fabric curtain fabric dctf mustard sheer fabric living room minimal curtain fabric upholstery cloth drape textile material,"May 17, 2022"
PRD33889,FWC63247,Avondale Azure,Fabric,Curtain Fabric,SAR,100,4.3,20,0,out_of_stock,FALSE,Non Current,Charcoal,Jacquard,Guest Room,Scandinavian,MTR,"Avondale Azure is a scandinavian curtain fabric from SAR. It is suitable for guest room use and comes in charcoal with jacquard finish. Useful for curtains, upholstery, drapes, cushions, and soft furnishing projects.","{""color"": ""Charcoal"", ""material"": ""Jacquard"", ""room"": ""Guest Room"", ""style"": ""Scandinavian"", ""unit"": ""MTR"", ""size"": ""54""}",avondale azure fabric curtain fabric sar charcoal jacquard guest room scandinavian curtain fabric upholstery cloth drape textile material,"March 10, 2022"
PRD31919,FWC63245,Avondale Harrison,Fabric,Curtain Fabric,SAR,100,4.2,19,0,out_of_stock,FALSE,Non Current,Blue,Jacquard,Office,Contemporary,MTR,"Avondale Harrison is a contemporary curtain fabric from SAR. It is suitable for office use and comes in blue with jacquard finish. Useful for curtains, upholstery, drapes, cushions, and soft furnishing projects.","{""color"": ""Blue"", ""material"": ""Jacquard"", ""room"": ""Office"", ""style"": ""Contemporary"", ""unit"": ""MTR"", ""size"": ""54""}",avondale harrison fabric curtain fabric sar blue jacquard office contemporary curtain fabric upholstery cloth drape textile material,"March 10, 2022"
PRD39156,ACC03406,Pn Decor Pn Af Ballmum,Accessories,Artificial Flower,PWDPL,100,4.6,97,0,out_of_stock,FALSE,Current,White,Artificial silk,Dining Room,Contemporary,NOS,Pn Decor Pn Af Ballmum is a contemporary artificial flower from PWDPL. It is suitable for dining room use and comes in white with artificial silk finish. Suitable for residential and hospitality interiors.,"{""color"": ""White"", ""material"": ""Artificial silk"", ""room"": ""Dining Room"", ""style"": ""Contemporary"", ""unit"": ""NOS"", ""series"": ""AFBALLMUM0337""}",pn decor pn af ballmum accessories artificial flower pwdpl white artificial silk dining room contemporary decor accessories artifact home styling,"August 29, 2024"
PRD32389,FWC76530,Pierre Mulberry,Fabric,Curtain Fabric,DR,120,3.7,15,0,out_of_stock,FALSE,Non Current,Green,Blackout fabric,Kids Room,Contemporary,MTR,"Pierre Mulberry is a contemporary curtain fabric from DR. It is suitable for kids room use and comes in green with blackout fabric finish. Useful for curtains, upholstery, drapes, cushions, and soft furnishing projects.","{""color"": ""Green"", ""material"": ""Blackout fabric"", ""room"": ""Kids Room"", ""style"": ""Contemporary"", ""unit"": ""MTR"", ""size"": ""54""}",pierre mulberry fabric curtain fabric dr green blackout fabric kids room contemporary curtain fabric upholstery cloth drape textile material,"August 31, 2017"
PRD33777,FWC39391,Warner Bros 2666 A,Fabric,Curtain Fabric,DL,120,4.2,14,0,out_of_stock,FALSE,Non Current,Navy,Jacquard,Dining Room,Contemporary,MTR,"Warner Bros 2666 A is a contemporary curtain fabric from DL. It is suitable for dining room use and comes in navy with jacquard finish. Useful for curtains, upholstery, drapes, cushions, and soft furnishing projects.","{""color"": ""Navy"", ""material"": ""Jacquard"", ""room"": ""Dining Room"", ""style"": ""Contemporary"", ""unit"": ""MTR"", ""size"": ""48"", ""series"": ""21""}",warner bros 2666 a fabric curtain fabric dl navy jacquard dining room contemporary curtain fabric upholstery cloth drape textile material,"October 29, 2020"
PRD33861,FWC221892,Embroidery Curtain Offer,Fabric,Curtain Fabric,DL,120,4.8,25,0,out_of_stock,FALSE,Non Current,Natural,Velvet,Bedroom,Contemporary,MTR,"Embroidery Curtain Offer is a contemporary curtain fabric from DL. It is suitable for bedroom use and comes in natural with velvet finish. Useful for curtains, upholstery, drapes, cushions, and soft furnishing projects.","{""color"": ""Natural"", ""material"": ""Velvet"", ""room"": ""Bedroom"", ""style"": ""Contemporary"", ""unit"": ""MTR"", ""size"": ""54''""}",embroidery curtain offer fabric curtain fabric dl natural velvet bedroom contemporary curtain fabric upholstery cloth drape textile material,"June 25, 2024"
PRD36243,FWC77769,Autumn Embroidery - Rdv 3127 Rdv3127,Fabric,Curtain Fabric,DL,120,3.9,38,0,out_of_stock,FALSE,Non Current,Oak,Polyester,Hotel Room,Classic,MTR,"Autumn Embroidery - Rdv 3127 Rdv3127 is a classic curtain fabric from DL. It is suitable for hotel room use and comes in oak with polyester finish. Useful for curtains, upholstery, drapes, cushions, and soft furnishing projects.","{""color"": ""Oak"", ""material"": ""Polyester"", ""room"": ""Hotel Room"", ""style"": ""Classic"", ""unit"": ""MTR"", ""size"": ""54"", ""series"": ""10""}",autumn embroidery - rdv 3127 rdv3127 fabric curtain fabric dl oak polyester hotel room classic curtain fabric upholstery cloth drape textile material,"December 21, 2021"
PRD34218,FWC77777,Autumn Texture - Rjq 2235 Rjq 2235,Fabric,Curtain Fabric,DL,120,4.2,28,0,out_of_stock,FALSE,Non Current,Ivory,Linen blend,Hotel Room,Luxury,MTR,"Autumn Texture - Rjq 2235 Rjq 2235 is a luxury curtain fabric from DL. It is suitable for hotel room use and comes in ivory with linen blend finish. Useful for curtains, upholstery, drapes, cushions, and soft furnishing projects.","{""color"": ""Ivory"", ""material"": ""Linen blend"", ""room"": ""Hotel Room"", ""style"": ""Luxury"", ""unit"": ""MTR"", ""size"": ""54"", ""series"": ""18""}",autumn texture - rjq 2235 rjq 2235 fabric curtain fabric dl ivory linen blend hotel room luxury curtain fabric upholstery cloth drape textile material,"December 21, 2021"
PRD30697,FWC92766,Polyester Jq Bh139,Fabric,Curtain Fabric,BEPL,120,4.8,29,0,out_of_stock,FALSE,Current,White,Polyester,Bedroom,Modern,MTR,"Polyester Jq Bh139 is a modern curtain fabric from BEPL. It is suitable for bedroom use and comes in white with polyester finish. Useful for curtains, upholstery, drapes, cushions, and soft furnishing projects.","{""color"": ""White"", ""material"": ""Polyester"", ""room"": ""Bedroom"", ""style"": ""Modern"", ""unit"": ""MTR"", ""size"": ""48\""""}",polyester jq bh139 fabric curtain fabric bepl white polyester bedroom modern curtain fabric upholstery cloth drape textile material,"June 15, 2018"
PRD31929,ACC03460,Pn Decor Pn Afb Peony,Accessories,Artificial Flower,PWDPL,120,4,2,0,out_of_stock,FALSE,Current,Blue,Ceramic,Guest Room,Traditional,NOS,Pn Decor Pn Afb Peony is a traditional artificial flower from PWDPL. It is suitable for guest room use and comes in blue with ceramic finish. Suitable for residential and hospitality interiors.,"{""color"": ""Blue"", ""material"": ""Ceramic"", ""room"": ""Guest Room"", ""style"": ""Traditional"", ""unit"": ""NOS"", ""series"": ""AFBPEONY0154""}",pn decor pn afb peony accessories artificial flower pwdpl blue ceramic guest room traditional decor accessories artifact home styling,"August 28, 2024"
PRD37956,FWC24656,Zoya,Fabric,Curtain Fabric,KC,130,4.1,84,0,out_of_stock,FALSE,Non Current,Pink,Polyester,Dining Room,Contemporary,MTR,"Zoya is a contemporary curtain fabric from KC. It is suitable for dining room use and comes in pink with polyester finish. Useful for curtains, upholstery, drapes, cushions, and soft furnishing projects.","{""color"": ""Pink"", ""material"": ""Polyester"", ""room"": ""Dining Room"", ""style"": ""Contemporary"", ""unit"": ""MTR"", ""size"": ""48"", ""series"": ""7409""}",zoya fabric curtain fabric kc pink polyester dining room contemporary curtain fabric upholstery cloth drape textile material,"September 2, 2021"
PRD42595,FWC133994,Linen Art-11 9106,Fabric,Curtain Fabric,DL,140,4.1,1,0,out_of_stock,FALSE,Non Current,Walnut,Velvet,Kids Room,Luxury,MTR,"Linen Art-11 9106 is a luxury curtain fabric from DL. It is suitable for kids room use and comes in walnut with velvet finish. Useful for curtains, upholstery, drapes, cushions, and soft furnishing projects.","{""color"": ""Walnut"", ""material"": ""Velvet"", ""room"": ""Kids Room"", ""style"": ""Luxury"", ""unit"": ""MTR"", ""size"": ""48\""""}",linen art-11 9106 fabric curtain fabric dl walnut velvet kids room luxury curtain fabric upholstery cloth drape textile material,"July 31, 2020"
PRD33668,FWC160565,Jambi Plain Gm2002011F001,Fabric,Curtain Fabric,DCT,140,4,59,0,out_of_stock,FALSE,Non Current,Gold,Blackout fabric,Dining Room,Scandinavian,MTR,"Jambi Plain Gm2002011F001 is a scandinavian curtain fabric from DCT. It is suitable for dining room use and comes in gold with blackout fabric finish. Useful for curtains, upholstery, drapes, cushions, and soft furnishing projects.","{""color"": ""Gold"", ""material"": ""Blackout fabric"", ""room"": ""Dining Room"", ""style"": ""Scandinavian"", ""unit"": ""MTR"", ""size"": ""54\""""}",jambi plain gm2002011f001 fabric curtain fabric dct gold blackout fabric dining room scandinavian curtain fabric upholstery cloth drape textile material,"November 22, 2021"
PRD46919,FWC134005,Linen Art-02 9116,Fabric,Curtain Fabric,DL,140,4.3,7,0,out_of_stock,FALSE,Non Current,Charcoal,Velvet,Hotel Room,Scandinavian,MTR,"Linen Art-02 9116 is a scandinavian curtain fabric from DL. It is suitable for hotel room use and comes in charcoal with velvet finish. Useful for curtains, upholstery, drapes, cushions, and soft furnishing projects.","{""color"": ""Charcoal"", ""material"": ""Velvet"", ""room"": ""Hotel Room"", ""style"": ""Scandinavian"", ""unit"": ""MTR"", ""size"": ""48\""""}",linen art-02 9116 fabric curtain fabric dl charcoal velvet hotel room scandinavian curtain fabric upholstery cloth drape textile material,"July 31, 2020"
PRD36085,FWC73472,Magnetic Areil,Fabric,Curtain Fabric,KDH,140,4,12,0,out_of_stock,FALSE,Non Current,Grey,Linen blend,Hotel Room,Modern,MTR,"Magnetic Areil is a modern curtain fabric from KDH. It is suitable for hotel room use and comes in grey with linen blend finish. Useful for curtains, upholstery, drapes, cushions, and soft furnishing projects.","{""color"": ""Grey"", ""material"": ""Linen blend"", ""room"": ""Hotel Room"", ""style"": ""Modern"", ""unit"": ""MTR"", ""size"": ""54"", ""series"": ""49""}",magnetic areil fabric curtain fabric kdh grey linen blend hotel room modern curtain fabric upholstery cloth drape textile material,"August 31, 2020"
PRD45403,FWC178593,10598 Hds,Fabric,Curtain Fabric,DL,140,3.9,2,0,out_of_stock,FALSE,Non Current,Silver,Cotton blend,Guest Room,Scandinavian,MTR,"10598 Hds is a scandinavian curtain fabric from DL. It is suitable for guest room use and comes in silver with cotton blend finish. Useful for curtains, upholstery, drapes, cushions, and soft furnishing projects.","{""color"": ""Silver"", ""material"": ""Cotton blend"", ""room"": ""Guest Room"", ""style"": ""Scandinavian"", ""unit"": ""MTR"", ""size"": ""54\""""}",10598 hds fabric curtain fabric dl silver cotton blend guest room scandinavian curtain fabric upholstery cloth drape textile material,"August 13, 2022"
PRD32000,ACC03830,Pn Decor Pn Af Rose,Accessories,Artificial Flower,PWDPL,140,4.4,80,0,out_of_stock,FALSE,Current,Silver,Glass,Office,Contemporary,NOS,Pn Decor Pn Af Rose is a contemporary artificial flower from PWDPL. It is suitable for office use and comes in silver with glass finish. Suitable for residential and hospitality interiors.,"{""color"": ""Silver"", ""material"": ""Glass"", ""room"": ""Office"", ""style"": ""Contemporary"", ""unit"": ""NOS"", ""series"": ""AFROSE0433""}",pn decor pn af rose accessories artificial flower pwdpl silver glass office contemporary decor accessories artifact home styling,"August 30, 2024"
PRD39568,FWC160632,Colombo Plain,Fabric,Curtain Fabric,DCT,140,3.6,78,0,out_of_stock,FALSE,Non Current,Gold,Cotton blend,Living Room,Rustic,MTR,"Colombo Plain is a rustic curtain fabric from DCT. It is suitable for living room use and comes in gold with cotton blend finish. Useful for curtains, upholstery, drapes, cushions, and soft furnishing projects.","{""color"": ""Gold"", ""material"": ""Cotton blend"", ""room"": ""Living Room"", ""style"": ""Rustic"", ""unit"": ""MTR"", ""size"": ""54\""""}",colombo plain fabric curtain fabric dct gold cotton blend living room rustic curtain fabric upholstery cloth drape textile material,"November 23, 2021"
PRD49887,FWC130353,Glass Organza Embroidery Stock 28 24027,Fabric,Curtain Fabric,DL,150,4.1,77,0,out_of_stock,FALSE,Non Current,Red,Jacquard,Hotel Room,Rustic,MTR,"Glass Organza Embroidery Stock 28 24027 is a rustic curtain fabric from DL. It is suitable for hotel room use and comes in red with jacquard finish. Useful for curtains, upholstery, drapes, cushions, and soft furnishing projects.","{""color"": ""Red"", ""material"": ""Jacquard"", ""room"": ""Hotel Room"", ""style"": ""Rustic"", ""unit"": ""MTR"", ""size"": ""48\""""}",glass organza embroidery stock 28 24027 fabric curtain fabric dl red jacquard hotel room rustic curtain fabric upholstery cloth drape textile material,"February 27, 2020"
PRD42728,FWC130347,Glass Organza Embroidery Stock 49 24253,Fabric,Curtain Fabric,DL,150,4.2,23,0,out_of_stock,FALSE,Non Current,Red,Velvet,Living Room,Classic,MTR,"Glass Organza Embroidery Stock 49 24253 is a classic curtain fabric from DL. It is suitable for living room use and comes in red with velvet finish. Useful for curtains, upholstery, drapes, cushions, and soft furnishing projects.","{""color"": ""Red"", ""material"": ""Velvet"", ""room"": ""Living Room"", ""style"": ""Classic"", ""unit"": ""MTR"", ""size"": ""48\""""}",glass organza embroidery stock 49 24253 fabric curtain fabric dl red velvet living room classic curtain fabric upholstery cloth drape textile material,"February 27, 2020"
PRD35070,FWC130415,Glass Organza Embroidery Stock 41 24235,Fabric,Curtain Fabric,DL,150,4.3,8,0,out_of_stock,FALSE,Non Current,Pink,Jacquard,Dining Room,Rustic,MTR,"Glass Organza Embroidery Stock 41 24235 is a rustic curtain fabric from DL. It is suitable for dining room use and comes in pink with jacquard finish. Useful for curtains, upholstery, drapes, cushions, and soft furnishing projects.","{""color"": ""Pink"", ""material"": ""Jacquard"", ""room"": ""Dining Room"", ""style"": ""Rustic"", ""unit"": ""MTR"", ""size"": ""48\""""}",glass organza embroidery stock 41 24235 fabric curtain fabric dl pink jacquard dining room rustic curtain fabric upholstery cloth drape textile material,"February 27, 2020"
PRD54467,FWC130423,Glass Organza Embroidery Stock 93 25225,Fabric,Curtain Fabric,DL,150,4.6,5,0,out_of_stock,FALSE,Non Current,White,Sheer fabric,Kids Room,Traditional,MTR,"Glass Organza Embroidery Stock 93 25225 is a traditional curtain fabric from DL. It is suitable for kids room use and comes in white with sheer fabric finish. Useful for curtains, upholstery, drapes, cushions, and soft furnishing projects.","{""color"": ""White"", ""material"": ""Sheer fabric"", ""room"": ""Kids Room"", ""style"": ""Traditional"", ""unit"": ""MTR"", ""size"": ""48\""""}",glass organza embroidery stock 93 25225 fabric curtain fabric dl white sheer fabric kids room traditional curtain fabric upholstery cloth drape textile material,"February 27, 2020"
PRD34830,WAL46489,Concetto Mar Q (Non-Woven Ct010380-A,All Wallpaper,Wallpaper,JHD,160,4,35,0,out_of_stock,FALSE,Current,Brown,Textured paper,Living Room,Traditional,SFT,"Concetto Mar Q (Non-Woven Ct010380-A is a traditional wallpaper from JHD. It is suitable for living room use and comes in brown with textured paper finish. Useful for accent walls, bedroom walls, and living room decor.","{""color"": ""Brown"", ""material"": ""Textured paper"", ""room"": ""Living Room"", ""style"": ""Traditional"", ""unit"": ""SFT""}",concetto mar q (non-woven ct010380-a all wallpaper wallpaper jhd brown textured paper living room traditional wallpaper wall covering textured decor,"October 16, 2020"
PRD40548,FWC77289,Bendigo,Fabric,Curtain Fabric,RM,170,4,47,0,out_of_stock,FALSE,Non Current,Beige,Cotton blend,Office,Contemporary,MTR,"Bendigo is a contemporary curtain fabric from RM. It is suitable for office use and comes in beige with cotton blend finish. Useful for curtains, upholstery, drapes, cushions, and soft furnishing projects.","{""color"": ""Beige"", ""material"": ""Cotton blend"", ""room"": ""Office"", ""style"": ""Contemporary"", ""unit"": ""MTR"", ""size"": ""54"", ""series"": ""101""}",bendigo fabric curtain fabric rm beige cotton blend office contemporary curtain fabric upholstery cloth drape textile material,"September 25, 2017"
PRD38921,FWC77332,Petals,Fabric,Curtain Fabric,RM,170,4.6,61,0,out_of_stock,FALSE,Non Current,Pink,Velvet,Balcony,Classic,MTR,"Petals is a classic curtain fabric from RM. It is suitable for balcony use and comes in pink with velvet finish. Useful for curtains, upholstery, drapes, cushions, and soft furnishing projects.","{""color"": ""Pink"", ""material"": ""Velvet"", ""room"": ""Balcony"", ""style"": ""Classic"", ""unit"": ""MTR"", ""size"": ""54"", ""series"": ""125""}",petals fabric curtain fabric rm pink velvet balcony classic curtain fabric upholstery cloth drape textile material,"September 25, 2017"
PRD41860,FWC77334,Prima,Fabric,Curtain Fabric,RM,170,3.5,23,0,out_of_stock,FALSE,Non Current,Grey,Jacquard,Hotel Room,Rustic,MTR,"Prima is a rustic curtain fabric from RM. It is suitable for hotel room use and comes in grey with jacquard finish. Useful for curtains, upholstery, drapes, cushions, and soft furnishing projects.","{""color"": ""Grey"", ""material"": ""Jacquard"", ""room"": ""Hotel Room"", ""style"": ""Rustic"", ""unit"": ""MTR"", ""size"": ""54"", ""series"": ""103""}",prima fabric curtain fabric rm grey jacquard hotel room rustic curtain fabric upholstery cloth drape textile material,"September 25, 2017"
PRD38952,FLG01342,Carpet Tiles Viti,Flooring,Wall To Wall Carpets,SAF,180,4.5,4,0,out_of_stock,FALSE,Current,Charcoal,Ceramic,Bedroom,Minimal,SFT,Carpet Tiles Viti is a minimal wall to wall carpets from SAF. It is suitable for bedroom use and comes in charcoal with ceramic finish. Suitable for residential and hospitality interiors.,"{""color"": ""Charcoal"", ""material"": ""Ceramic"", ""room"": ""Bedroom"", ""style"": ""Minimal"", ""unit"": ""SFT""}",carpet tiles viti flooring wall to wall carpets saf charcoal ceramic bedroom minimal home decor furniture interiors,"October 21, 2023"
PRD31815,FWC174794,Sansa Plain,Fabric,Curtain Fabric,DCTF,190,4.4,41,0,out_of_stock,FALSE,Non Current,Mustard,Cotton blend,Guest Room,Contemporary,MTR,"Sansa Plain is a contemporary curtain fabric from DCTF. It is suitable for guest room use and comes in mustard with cotton blend finish. Useful for curtains, upholstery, drapes, cushions, and soft furnishing projects.","{""color"": ""Mustard"", ""material"": ""Cotton blend"", ""room"": ""Guest Room"", ""style"": ""Contemporary"", ""unit"": ""MTR"", ""size"": ""110\""""}",sansa plain fabric curtain fabric dctf mustard cotton blend guest room contemporary curtain fabric upholstery cloth drape textile material,"June 23, 2022"
PRD32041,FWC40958,Sf Blackout,Fabric,Curtain Fabric,SF,190,3.7,50,0,out_of_stock,FALSE,Non Current,Black,Blackout fabric,Kids Room,Contemporary,MTR,"Sf Blackout is a contemporary curtain fabric from SF. It is suitable for kids room use and comes in black with blackout fabric finish. Useful for curtains, upholstery, drapes, cushions, and soft furnishing projects.","{""color"": ""Black"", ""material"": ""Blackout fabric"", ""room"": ""Kids Room"", ""style"": ""Contemporary"", ""unit"": ""MTR"", ""size"": ""54""}",sf blackout fabric curtain fabric sf black blackout fabric kids room contemporary curtain fabric upholstery cloth drape textile material,"April 12, 2019"
PRD31815,FWC174793,Sansa Plain,Fabric,Curtain Fabric,DCTF,190,4.2,41,0,out_of_stock,FALSE,Non Current,White,Blackout fabric,Dining Room,Luxury,MTR,"Sansa Plain is a luxury curtain fabric from DCTF. It is suitable for dining room use and comes in white with blackout fabric finish. Useful for curtains, upholstery, drapes, cushions, and soft furnishing projects.","{""color"": ""White"", ""material"": ""Blackout fabric"", ""room"": ""Dining Room"", ""style"": ""Luxury"", ""unit"": ""MTR"", ""size"": ""110\""""}",sansa plain fabric curtain fabric dctf white blackout fabric dining room luxury curtain fabric upholstery cloth drape textile material,"June 23, 2022"
PRD32912,FWC127590,Konnor Fabrics Mg251,Fabric,Curtain Fabric,MTY,190,3.8,23,0,out_of_stock,FALSE,Non Current,Silver,Velvet,Guest Room,Modern,MTR,"Konnor Fabrics Mg251 is a modern curtain fabric from MTY. It is suitable for guest room use and comes in silver with velvet finish. Useful for curtains, upholstery, drapes, cushions, and soft furnishing projects.","{""color"": ""Silver"", ""material"": ""Velvet"", ""room"": ""Guest Room"", ""style"": ""Modern"", ""unit"": ""MTR"", ""size"": ""54\""""}",konnor fabrics mg251 fabric curtain fabric mty silver velvet guest room modern curtain fabric upholstery cloth drape textile material,"December 9, 2019"
PRD38773,FWC158629,Ankara,Fabric,Curtain Fabric,SAR,200,3.6,1,0,out_of_stock,FALSE,Non Current,Mustard,Cotton blend,Living Room,Minimal,MTR,"Ankara is a minimal curtain fabric from SAR. It is suitable for living room use and comes in mustard with cotton blend finish. Useful for curtains, upholstery, drapes, cushions, and soft furnishing projects.","{""color"": ""Mustard"", ""material"": ""Cotton blend"", ""room"": ""Living Room"", ""style"": ""Minimal"", ""unit"": ""MTR"", ""size"": ""110\""""}",ankara fabric curtain fabric sar mustard cotton blend living room minimal curtain fabric upholstery cloth drape textile material,"October 16, 2021"
PRD33777,FWC39430,Warner Bros 2666 A,Fabric,Curtain Fabric,DL,200,4.2,67,0,out_of_stock,FALSE,Non Current,Grey,Sheer fabric,Kids Room,Scandinavian,MTR,"Warner Bros 2666 A is a scandinavian curtain fabric from DL. It is suitable for kids room use and comes in grey with sheer fabric finish. Useful for curtains, upholstery, drapes, cushions, and soft furnishing projects.","{""color"": ""Grey"", ""material"": ""Sheer fabric"", ""room"": ""Kids Room"", ""style"": ""Scandinavian"", ""unit"": ""MTR"", ""size"": ""48"", ""series"": ""60""}",warner bros 2666 a fabric curtain fabric dl grey sheer fabric kids room scandinavian curtain fabric upholstery cloth drape textile material,"October 29, 2020"
PRD41313,FWC168771,Crape Org.Racer Emb 25407,Fabric,Curtain Fabric,DFPL,200,4.2,18,0,out_of_stock,FALSE,Non Current,Gold,Velvet,Hotel Room,Minimal,MTR,"Crape Org.Racer Emb 25407 is a minimal curtain fabric from DFPL. It is suitable for hotel room use and comes in gold with velvet finish. Useful for curtains, upholstery, drapes, cushions, and soft furnishing projects.","{""color"": ""Gold"", ""material"": ""Velvet"", ""room"": ""Hotel Room"", ""style"": ""Minimal"", ""unit"": ""MTR"", ""size"": ""54\""""}",crape org.racer emb 25407 fabric curtain fabric dfpl gold velvet hotel room minimal curtain fabric upholstery cloth drape textile material,"March 7, 2022"
PRD41316,FWC98877,Export Jq Mrd-1109 Jq,Fabric,Curtain Fabric,RM,200,4.1,7,0,out_of_stock,FALSE,Non Current,Silver,Velvet,Dining Room,Contemporary,MTR,"Export Jq Mrd-1109 Jq is a contemporary curtain fabric from RM. It is suitable for dining room use and comes in silver with velvet finish. Useful for curtains, upholstery, drapes, cushions, and soft furnishing projects.","{""color"": ""Silver"", ""material"": ""Velvet"", ""room"": ""Dining Room"", ""style"": ""Contemporary"", ""unit"": ""MTR"", ""size"": ""54\""""}",export jq mrd-1109 jq fabric curtain fabric rm silver velvet dining room contemporary curtain fabric upholstery cloth drape textile material,"October 4, 2018"
PRD47277,FWC98902,Export Jq Paisley Jq,Fabric,Curtain Fabric,RM,200,4.1,31,0,out_of_stock,FALSE,Non Current,Maroon,Velvet,Kids Room,Minimal,MTR,"Export Jq Paisley Jq is a minimal curtain fabric from RM. It is suitable for kids room use and comes in maroon with velvet finish. Useful for curtains, upholstery, drapes, cushions, and soft furnishing projects.","{""color"": ""Maroon"", ""material"": ""Velvet"", ""room"": ""Kids Room"", ""style"": ""Minimal"", ""unit"": ""MTR"", ""size"": ""54\""""}",export jq paisley jq fabric curtain fabric rm maroon velvet kids room minimal curtain fabric upholstery cloth drape textile material,"October 4, 2018"
PRD41296,SAM03324,Metal Magic Na,Samples,Fabric Samples,GAT,200,4,45,0,out_of_stock,FALSE,Current,Red,Glass,Balcony,Contemporary,NOS,Metal Magic is a contemporary fabric samples from GAT. It is suitable for balcony use and comes in red with glass finish. Suitable for residential and hospitality interiors.,"{""color"": ""Red"", ""material"": ""Glass"", ""room"": ""Balcony"", ""style"": ""Contemporary"", ""unit"": ""NOS"", ""size"": ""NA"", ""series"": ""NA""}",metal magic samples fabric samples gat red glass balcony contemporary home decor furniture interiors,"October 27, 2020"
PRD37604,FWC39419,Warner Bros 2636 A,Fabric,Curtain Fabric,DL,200,4.2,28,0,out_of_stock,FALSE,Non Current,White,Velvet,Hotel Room,Rustic,MTR,"Warner Bros 2636 A is a rustic curtain fabric from DL. It is suitable for hotel room use and comes in white with velvet finish. Useful for curtains, upholstery, drapes, cushions, and soft furnishing projects.","{""color"": ""White"", ""material"": ""Velvet"", ""room"": ""Hotel Room"", ""style"": ""Rustic"", ""unit"": ""MTR"", ""size"": ""48"", ""series"": ""49""}",warner bros 2636 a fabric curtain fabric dl white velvet hotel room rustic curtain fabric upholstery cloth drape textile material,"October 29, 2020"
PRD33777,FWC39426,Warner Bros 2666 A,Fabric,Curtain Fabric,DL,200,4.5,11,0,out_of_stock,FALSE,Non Current,Natural,Jacquard,Living Room,Contemporary,MTR,"Warner Bros 2666 A is a contemporary curtain fabric from DL. It is suitable for living room use and comes in natural with jacquard finish. Useful for curtains, upholstery, drapes, cushions, and soft furnishing projects.","{""color"": ""Natural"", ""material"": ""Jacquard"", ""room"": ""Living Room"", ""style"": ""Contemporary"", ""unit"": ""MTR"", ""size"": ""48"", ""series"": ""56""}",warner bros 2666 a fabric curtain fabric dl natural jacquard living room contemporary curtain fabric upholstery cloth drape textile material,"October 29, 2020"
PRD37439,FWC153092,Blackout Printed,Fabric,Curtain Fabric,KC,200,4.4,13,0,out_of_stock,FALSE,Non Current,Black,Linen blend,Bedroom,Traditional,MTR,"Blackout Printed is a traditional curtain fabric from KC. It is suitable for bedroom use and comes in black with linen blend finish. Useful for curtains, upholstery, drapes, cushions, and soft furnishing projects.","{""color"": ""Black"", ""material"": ""Linen blend"", ""room"": ""Bedroom"", ""style"": ""Traditional"", ""unit"": ""MTR"", ""series"": ""1014-11""}",blackout printed fabric curtain fabric kc black linen blend bedroom traditional curtain fabric upholstery cloth drape textile material,"September 2, 2021"
PRD33777,FWC39421,Warner Bros 2666 A,Fabric,Curtain Fabric,DL,200,4.3,9,0,out_of_stock,FALSE,Non Current,Silver,Velvet,Balcony,Modern,MTR,"Warner Bros 2666 A is a modern curtain fabric from DL. It is suitable for balcony use and comes in silver with velvet finish. Useful for curtains, upholstery, drapes, cushions, and soft furnishing projects.","{""color"": ""Silver"", ""material"": ""Velvet"", ""room"": ""Balcony"", ""style"": ""Modern"", ""unit"": ""MTR"", ""size"": ""48"", ""series"": ""51""}",warner bros 2666 a fabric curtain fabric dl silver velvet balcony modern curtain fabric upholstery cloth drape textile material,"October 29, 2020"
PRD45349,FWC39439,Warner Bros 2635 A,Fabric,Curtain Fabric,DL,200,3.8,22,0,out_of_stock,FALSE,Non Current,Silver,Velvet,Hotel Room,Rustic,MTR,"Warner Bros 2635 A is a rustic curtain fabric from DL. It is suitable for hotel room use and comes in silver with velvet finish. Useful for curtains, upholstery, drapes, cushions, and soft furnishing projects.","{""color"": ""Silver"", ""material"": ""Velvet"", ""room"": ""Hotel Room"", ""style"": ""Rustic"", ""unit"": ""MTR"", ""size"": ""48"", ""series"": ""69""}",warner bros 2635 a fabric curtain fabric dl silver velvet hotel room rustic curtain fabric upholstery cloth drape textile material,"October 29, 2020"
PRD31789,FWC221915,Embroidery Curtain Offer Wx,Fabric,Curtain Fabric,DL,200,3.5,14,0,out_of_stock,FALSE,Non Current,Olive,Sheer fabric,Office,Modern,MTR,"Embroidery Curtain Offer Wx is a modern curtain fabric from DL. It is suitable for office use and comes in olive with sheer fabric finish. Useful for curtains, upholstery, drapes, cushions, and soft furnishing projects.","{""color"": ""Olive"", ""material"": ""Sheer fabric"", ""room"": ""Office"", ""style"": ""Modern"", ""unit"": ""MTR"", ""size"": ""54''""}",embroidery curtain offer wx fabric curtain fabric dl olive sheer fabric office modern curtain fabric upholstery cloth drape textile material,"June 25, 2024"
PRD12063,HDW6084,Georgeon Round Small Finial,Hardware,Finials,SUF,200,3.6,47,0,out_of_stock,FALSE,Current,Red,Plastic,Dining Room,Traditional,NOS,Georgeon Round Small Finial is a traditional finials from SUF. It is suitable for dining room use and comes in red with plastic finish. Suitable for residential and hospitality interiors.,"{""color"": ""Red"", ""material"": ""Plastic"", ""room"": ""Dining Room"", ""style"": ""Traditional"", ""unit"": ""NOS"", ""size"": ""19 MM""}",georgeon round small finial hardware finials suf red plastic dining room traditional curtain rod finial track hardware fittings,"April 10, 2018"
PRD39547,SAM03325,African Safari Na,Samples,Fabric Samples,GAT,200,4.5,7,0,out_of_stock,FALSE,Current,Navy,Metal,Office,Modern,NOS,African Safari is a modern fabric samples from GAT. It is suitable for office use and comes in navy with metal finish. Suitable for residential and hospitality interiors.,"{""color"": ""Navy"", ""material"": ""Metal"", ""room"": ""Office"", ""style"": ""Modern"", ""unit"": ""NOS"", ""size"": ""NA"", ""series"": ""NA""}",african safari samples fabric samples gat navy metal office modern home decor furniture interiors,"October 27, 2020"
PRD32787,FWC39432,Warner Bros 2659 A,Fabric,Curtain Fabric,DL,200,4.3,54,0,out_of_stock,FALSE,Non Current,Silver,Velvet,Bedroom,Luxury,MTR,"Warner Bros 2659 A is a luxury curtain fabric from DL. It is suitable for bedroom use and comes in silver with velvet finish. Useful for curtains, upholstery, drapes, cushions, and soft furnishing projects.","{""color"": ""Silver"", ""material"": ""Velvet"", ""room"": ""Bedroom"", ""style"": ""Luxury"", ""unit"": ""MTR"", ""size"": ""48"", ""series"": ""62""}",warner bros 2659 a fabric curtain fabric dl silver velvet bedroom luxury curtain fabric upholstery cloth drape textile material,"October 29, 2020"
PRD32111,FWC18234,Marble,Fabric,Curtain Fabric,KDH,210,4.5,25,0,out_of_stock,FALSE,Non Current,Walnut,Cotton blend,Hotel Room,Contemporary,MTR,"Marble is a contemporary curtain fabric from KDH. It is suitable for hotel room use and comes in walnut with cotton blend finish. Useful for curtains, upholstery, drapes, cushions, and soft furnishing projects.","{""color"": ""Walnut"", ""material"": ""Cotton blend"", ""room"": ""Hotel Room"", ""style"": ""Contemporary"", ""unit"": ""MTR"", ""size"": ""48"", ""series"": ""30""}",marble fabric curtain fabric kdh walnut cotton blend hotel room contemporary curtain fabric upholstery cloth drape textile material,"July 30, 2018"
PRD36067,LIN00366,Sofa Back (Per Pcs Seat Back (10 Pcs Carnation,Linen,Sofa Back Piece,MOD,210,4.4,9,0,out_of_stock,FALSE,Non Current,Black,Polyester blend,Dining Room,Traditional,NOS,Sofa Back (Per Pcs Seat Back (10 Pcs Carnation is a traditional sofa back piece from MOD. It is suitable for dining room use and comes in black with polyester blend finish. Suitable for residential and hospitality interiors.,"{""color"": ""Black"", ""material"": ""Polyester blend"", ""room"": ""Dining Room"", ""style"": ""Traditional"", ""unit"": ""NOS""}",sofa back (per pcs seat back (10 pcs carnation linen sofa back piece mod black polyester blend dining room traditional bedsheet pillow linen bedding soft furnishing,"July 27, 2017"
PRD24233,FWC83460,Tussah Silk,Fabric,Curtain Fabric,ME,210,4.2,12,0,out_of_stock,FALSE,Current,Natural,Sheer fabric,Office,Traditional,MTR,"Tussah Silk is a traditional curtain fabric from ME. It is suitable for office use and comes in natural with sheer fabric finish. Useful for curtains, upholstery, drapes, cushions, and soft furnishing projects.","{""color"": ""Natural"", ""material"": ""Sheer fabric"", ""room"": ""Office"", ""style"": ""Traditional"", ""unit"": ""MTR"", ""size"": ""54\""""}",tussah silk fabric curtain fabric me natural sheer fabric office traditional curtain fabric upholstery cloth drape textile material,"November 4, 2022"
PRD32013,FWC11615,Flint Collection,Fabric,Curtain Fabric,DL,220,3.9,20,0,out_of_stock,FALSE,Non Current,Brown,Velvet,Hotel Room,Modern,MTR,"Flint Collection is a modern curtain fabric from DL. It is suitable for hotel room use and comes in brown with velvet finish. Useful for curtains, upholstery, drapes, cushions, and soft furnishing projects.","{""color"": ""Brown"", ""material"": ""Velvet"", ""room"": ""Hotel Room"", ""style"": ""Modern"", ""unit"": ""MTR"", ""size"": ""54"", ""series"": ""FLINT - 027""}",flint collection fabric curtain fabric dl brown velvet hotel room modern curtain fabric upholstery cloth drape textile material,"September 13, 2019"
PRD32013,FWC11611,Flint Collection,Fabric,Curtain Fabric,DL,220,4.3,72,0,out_of_stock,FALSE,Non Current,White,Sheer fabric,Dining Room,Luxury,MTR,"Flint Collection is a luxury curtain fabric from DL. It is suitable for dining room use and comes in white with sheer fabric finish. Useful for curtains, upholstery, drapes, cushions, and soft furnishing projects.","{""color"": ""White"", ""material"": ""Sheer fabric"", ""room"": ""Dining Room"", ""style"": ""Luxury"", ""unit"": ""MTR"", ""size"": ""54"", ""series"": ""FLINT - 023""}",flint collection fabric curtain fabric dl white sheer fabric dining room luxury curtain fabric upholstery cloth drape textile material,"September 13, 2019"
PRD32164,FWC145279,Savion 43367,Fabric,Curtain Fabric,DCT,220,4.2,40,0,out_of_stock,FALSE,Non Current,Olive,Velvet,Kids Room,Scandinavian,MTR,"Savion 43367 is a scandinavian curtain fabric from DCT. It is suitable for kids room use and comes in olive with velvet finish. Useful for curtains, upholstery, drapes, cushions, and soft furnishing projects.","{""color"": ""Olive"", ""material"": ""Velvet"", ""room"": ""Kids Room"", ""style"": ""Scandinavian"", ""unit"": ""MTR"", ""size"": ""54""}",savion 43367 fabric curtain fabric dct olive velvet kids room scandinavian curtain fabric upholstery cloth drape textile material,"January 9, 2021"
PRD44673,FWC145194,Glamour,Fabric,Curtain Fabric,DCT,220,4.4,386,0,out_of_stock,FALSE,Non Current,Blue,Velvet,Guest Room,Contemporary,MTR,"Glamour is a contemporary curtain fabric from DCT. It is suitable for guest room use and comes in blue with velvet finish. Useful for curtains, upholstery, drapes, cushions, and soft furnishing projects.","{""color"": ""Blue"", ""material"": ""Velvet"", ""room"": ""Guest Room"", ""style"": ""Contemporary"", ""unit"": ""MTR"", ""size"": ""54""}",glamour fabric curtain fabric dct blue velvet guest room contemporary curtain fabric upholstery cloth drape textile material,"January 9, 2021"
PRD40252,FWC145226,Lucide-Chintz 44589,Fabric,Curtain Fabric,DCT,220,3.5,9,0,out_of_stock,FALSE,Non Current,Pink,Polyester,Hotel Room,Contemporary,MTR,"Lucide-Chintz 44589 is a contemporary curtain fabric from DCT. It is suitable for hotel room use and comes in pink with polyester finish. Useful for curtains, upholstery, drapes, cushions, and soft furnishing projects.","{""color"": ""Pink"", ""material"": ""Polyester"", ""room"": ""Hotel Room"", ""style"": ""Contemporary"", ""unit"": ""MTR"", ""size"": ""54""}",lucide-chintz 44589 fabric curtain fabric dct pink polyester hotel room contemporary curtain fabric upholstery cloth drape textile material,"January 9, 2021"
PRD37128,FWC73684,Renzo Mirasol 12354,Fabric,Curtain Fabric,KDH,230,4.7,13,0,out_of_stock,FALSE,Non Current,Beige,Velvet,Kids Room,Rustic,MTR,"Renzo Mirasol 12354 is a rustic curtain fabric from KDH. It is suitable for kids room use and comes in beige with velvet finish. Useful for curtains, upholstery, drapes, cushions, and soft furnishing projects.","{""color"": ""Beige"", ""material"": ""Velvet"", ""room"": ""Kids Room"", ""style"": ""Rustic"", ""unit"": ""MTR"", ""size"": ""54"", ""series"": ""5""}",renzo mirasol 12354 fabric curtain fabric kdh beige velvet kids room rustic curtain fabric upholstery cloth drape textile material,"August 31, 2020"
PRD32246,FWC73686,Renzo Drum,Fabric,Curtain Fabric,KDH,230,4.5,25,0,out_of_stock,FALSE,Non Current,Oak,Velvet,Hotel Room,Luxury,MTR,"Renzo Drum is a luxury curtain fabric from KDH. It is suitable for hotel room use and comes in oak with velvet finish. Useful for curtains, upholstery, drapes, cushions, and soft furnishing projects.","{""color"": ""Oak"", ""material"": ""Velvet"", ""room"": ""Hotel Room"", ""style"": ""Luxury"", ""unit"": ""MTR"", ""size"": ""54"", ""series"": ""7""}",renzo drum fabric curtain fabric kdh oak velvet hotel room luxury curtain fabric upholstery cloth drape textile material,"August 31, 2020"
PRD33780,FWC50439,Retro Prelude 12585,Fabric,Curtain Fabric,KDH,230,4.9,5,0,out_of_stock,FALSE,Non Current,Black,Polyester,Balcony,Rustic,MTR,"Retro Prelude 12585 is a rustic curtain fabric from KDH. It is suitable for balcony use and comes in black with polyester finish. Useful for curtains, upholstery, drapes, cushions, and soft furnishing projects.","{""color"": ""Black"", ""material"": ""Polyester"", ""room"": ""Balcony"", ""style"": ""Rustic"", ""unit"": ""MTR"", ""size"": ""54"", ""series"": ""13""}",retro prelude 12585 fabric curtain fabric kdh black polyester balcony rustic curtain fabric upholstery cloth drape textile material,"November 18, 2019"
PRD43716,FWC153428,Matty Print 1018,Fabric,Curtain Fabric,GIPL,240,4.6,137,0,out_of_stock,FALSE,Non Current,Grey,Polyester,Balcony,Rustic,MTR,"Matty Print 1018 is a rustic curtain fabric from GIPL. It is suitable for balcony use and comes in grey with polyester finish. Useful for curtains, upholstery, drapes, cushions, and soft furnishing projects.","{""color"": ""Grey"", ""material"": ""Polyester"", ""room"": ""Balcony"", ""style"": ""Rustic"", ""unit"": ""MTR"", ""size"": ""48\""""}",matty print 1018 fabric curtain fabric gipl grey polyester balcony rustic curtain fabric upholstery cloth drape textile material,"September 8, 2021"
PRD34656,FWC54835,Dreams Duster 10815,Fabric,Curtain Fabric,KDH,250,3.8,47,0,out_of_stock,FALSE,Non Current,Natural,Sheer fabric,Office,Scandinavian,MTR,"Dreams Duster 10815 is a scandinavian curtain fabric from KDH. It is suitable for office use and comes in natural with sheer fabric finish. Useful for curtains, upholstery, drapes, cushions, and soft furnishing projects.","{""color"": ""Natural"", ""material"": ""Sheer fabric"", ""room"": ""Office"", ""style"": ""Scandinavian"", ""unit"": ""MTR"", ""size"": ""54"", ""series"": ""45""}",dreams duster 10815 fabric curtain fabric kdh natural sheer fabric office scandinavian curtain fabric upholstery cloth drape textile material,"February 23, 2019"
PRD45189,FWC159511,Pulse Rl,Fabric,Curtain Fabric,KC,250,3.8,20,0,out_of_stock,FALSE,Non Current,Brown,Linen blend,Hotel Room,Contemporary,MTR,"Pulse Rl is a contemporary curtain fabric from KC. It is suitable for hotel room use and comes in brown with linen blend finish. Useful for curtains, upholstery, drapes, cushions, and soft furnishing projects.","{""color"": ""Brown"", ""material"": ""Linen blend"", ""room"": ""Hotel Room"", ""style"": ""Contemporary"", ""unit"": ""MTR"", ""size"": ""54\"""", ""series"": ""3472-14E""}",pulse rl fabric curtain fabric kc brown linen blend hotel room contemporary curtain fabric upholstery cloth drape textile material,"October 10, 2021"
PRD34656,FWC54827,Dreams Duster 10815,Fabric,Curtain Fabric,KDH,250,4.1,1,0,out_of_stock,FALSE,Non Current,Walnut,Velvet,Balcony,Rustic,MTR,"Dreams Duster 10815 is a rustic curtain fabric from KDH. It is suitable for balcony use and comes in walnut with velvet finish. Useful for curtains, upholstery, drapes, cushions, and soft furnishing projects.","{""color"": ""Walnut"", ""material"": ""Velvet"", ""room"": ""Balcony"", ""style"": ""Rustic"", ""unit"": ""MTR"", ""size"": ""54"", ""series"": ""37""}",dreams duster 10815 fabric curtain fabric kdh walnut velvet balcony rustic curtain fabric upholstery cloth drape textile material,"February 23, 2019"
PRD45713,FWC158526,Daman 76166,Fabric,Curtain Fabric,DCT,250,4.3,23,0,out_of_stock,FALSE,Non Current,Brown,Cotton blend,Guest Room,Traditional,MTR,"Daman 76166 is a traditional curtain fabric from DCT. It is suitable for guest room use and comes in brown with cotton blend finish. Useful for curtains, upholstery, drapes, cushions, and soft furnishing projects.","{""color"": ""Brown"", ""material"": ""Cotton blend"", ""room"": ""Guest Room"", ""style"": ""Traditional"", ""unit"": ""MTR"", ""size"": ""54\""""}",daman 76166 fabric curtain fabric dct brown cotton blend guest room traditional curtain fabric upholstery cloth drape textile material,"October 9, 2021"
PRD32881,FWC180825,Crowson 12604,Fabric,Curtain Fabric,DCTF,250,4.7,39,0,out_of_stock,FALSE,Non Current,Navy,Blackout fabric,Kids Room,Minimal,MTR,"Crowson 12604 is a minimal curtain fabric from DCTF. It is suitable for kids room use and comes in navy with blackout fabric finish. Useful for curtains, upholstery, drapes, cushions, and soft furnishing projects.","{""color"": ""Navy"", ""material"": ""Blackout fabric"", ""room"": ""Kids Room"", ""style"": ""Minimal"", ""unit"": ""MTR"", ""size"": ""54\""""}",crowson 12604 fabric curtain fabric dctf navy blackout fabric kids room minimal curtain fabric upholstery cloth drape textile material,"September 23, 2022"
PRD35588,FWC54850,Dreams Aurum 12707,Fabric,Curtain Fabric,KDH,250,4.9,22,0,out_of_stock,FALSE,Non Current,Red,Linen blend,Living Room,Rustic,MTR,"Dreams Aurum 12707 is a rustic curtain fabric from KDH. It is suitable for living room use and comes in red with linen blend finish. Useful for curtains, upholstery, drapes, cushions, and soft furnishing projects.","{""color"": ""Red"", ""material"": ""Linen blend"", ""room"": ""Living Room"", ""style"": ""Rustic"", ""unit"": ""MTR"", ""size"": ""54"", ""series"": ""60""}",dreams aurum 12707 fabric curtain fabric kdh red linen blend living room rustic curtain fabric upholstery cloth drape textile material,"February 23, 2019"
PRD35588,FWC54825,Dreams Aurum 12707,Fabric,Curtain Fabric,KDH,250,4.1,16,0,out_of_stock,FALSE,Non Current,Grey,Sheer fabric,Bedroom,Contemporary,MTR,"Dreams Aurum 12707 is a contemporary curtain fabric from KDH. It is suitable for bedroom use and comes in grey with sheer fabric finish. Useful for curtains, upholstery, drapes, cushions, and soft furnishing projects.","{""color"": ""Grey"", ""material"": ""Sheer fabric"", ""room"": ""Bedroom"", ""style"": ""Contemporary"", ""unit"": ""MTR"", ""size"": ""54"", ""series"": ""35""}",dreams aurum 12707 fabric curtain fabric kdh grey sheer fabric bedroom contemporary curtain fabric upholstery cloth drape textile material,"February 23, 2019"
PRD33126,FWC112673,Jasmine Sheer,Fabric,Curtain Fabric,SGT,250,4,1,0,out_of_stock,FALSE,Current,Green,Jacquard,Balcony,Scandinavian,MTR,"Jasmine Sheer is a scandinavian curtain fabric from SGT. It is suitable for balcony use and comes in green with jacquard finish. Useful for curtains, upholstery, drapes, cushions, and soft furnishing projects.","{""color"": ""Green"", ""material"": ""Jacquard"", ""room"": ""Balcony"", ""style"": ""Scandinavian"", ""unit"": ""MTR"", ""size"": ""54\""""}",jasmine sheer fabric curtain fabric sgt green jacquard balcony scandinavian curtain fabric upholstery cloth drape textile material,"May 28, 2022"
PRD32288,FWC49950,Paloma Abode,Fabric,Curtain Fabric,KDH,260,4.1,2,0,out_of_stock,FALSE,Non Current,Black,Polyester,Office,Rustic,MTR,"Paloma Abode is a rustic curtain fabric from KDH. It is suitable for office use and comes in black with polyester finish. Useful for curtains, upholstery, drapes, cushions, and soft furnishing projects.","{""color"": ""Black"", ""material"": ""Polyester"", ""room"": ""Office"", ""style"": ""Rustic"", ""unit"": ""MTR"", ""size"": ""48"", ""series"": ""19""}",paloma abode fabric curtain fabric kdh black polyester office rustic curtain fabric upholstery cloth drape textile material,"July 31, 2018"
PRD42073,BLD20237,Happy Window Collection Roller Amazon-01 Classic Style Clutch With Chain,Blinds,Readymade Blinds,AMI,260,4.3,5,0,out_of_stock,FALSE,Current,Maroon,Bamboo,Balcony,Minimal,SFT,"Happy Window Collection Roller Amazon-01 Classic Style Clutch With Chain is a minimal readymade blinds from AMI. It is suitable for balcony use and comes in maroon with bamboo finish. Designed for privacy, daylight control, and window styling.","{""color"": ""Maroon"", ""material"": ""Bamboo"", ""room"": ""Balcony"", ""style"": ""Minimal"", ""unit"": ""SFT"", ""size"": ""NA"", ""series"": ""NA""}",happy window collection roller amazon-01 classic style clutch with chain blinds readymade blinds ami maroon bamboo balcony minimal window blinds shade venetian roller privacy light control,"April 4, 2025"
PRD04207,FWC46295,Sterea-1 17,Fabric,Curtain Fabric,JMT,270,3.8,9,0,out_of_stock,FALSE,Current,Blue,Cotton blend,Office,Luxury,MTR,"Sterea-1 17 is a luxury curtain fabric from JMT. It is suitable for office use and comes in blue with cotton blend finish. Useful for curtains, upholstery, drapes, cushions, and soft furnishing projects.","{""color"": ""Blue"", ""material"": ""Cotton blend"", ""room"": ""Office"", ""style"": ""Luxury"", ""unit"": ""MTR"", ""size"": ""48""}",sterea-1 17 fabric curtain fabric jmt blue cotton blend office luxury curtain fabric upholstery cloth drape textile material,"February 16, 2018"
PRD53532,FWC177112,Joie Ii Eleta-Hdp05954,Fabric,Curtain Fabric,HICF,280,4.1,20,0,out_of_stock,FALSE,Non Current,Gold,Cotton blend,Office,Luxury,MTR,"Joie Ii Eleta-Hdp05954 is a luxury curtain fabric from HICF. It is suitable for office use and comes in gold with cotton blend finish. Useful for curtains, upholstery, drapes, cushions, and soft furnishing projects.","{""color"": ""Gold"", ""material"": ""Cotton blend"", ""room"": ""Office"", ""style"": ""Luxury"", ""unit"": ""MTR"", ""size"": ""54\"""", ""series"": ""25""}",joie ii eleta-hdp05954 fabric curtain fabric hicf gold cotton blend office luxury curtain fabric upholstery cloth drape textile material,"July 29, 2022"
PRD47101,FWC194389,Emba J74531 Emba,Fabric,Curtain Fabric,DCT,280,4.5,10,0,out_of_stock,FALSE,Non Current,Red,Cotton blend,Bedroom,Traditional,MTR,"Emba J74531 Emba is a traditional curtain fabric from DCT. It is suitable for bedroom use and comes in red with cotton blend finish. Useful for curtains, upholstery, drapes, cushions, and soft furnishing projects.","{""color"": ""Red"", ""material"": ""Cotton blend"", ""room"": ""Bedroom"", ""style"": ""Traditional"", ""unit"": ""MTR"", ""size"": ""54\""""}",emba j74531 emba fabric curtain fabric dct red cotton blend bedroom traditional curtain fabric upholstery cloth drape textile material,"March 9, 2023"
PRD34069,NHFU007RL,Nhf/U/007/Rl,Fabric,Sofa Fabric,OTHR,290,4.3,405,0,out_of_stock,FALSE,Non Current,Brown,Linen blend,Hotel Room,Classic,MTR,"Nhf/U/007/Rl is a classic sofa fabric from OTHR. It is suitable for hotel room use and comes in brown with linen blend finish. Useful for curtains, upholstery, drapes, cushions, and soft furnishing projects.","{""color"": ""Brown"", ""material"": ""Linen blend"", ""room"": ""Hotel Room"", ""style"": ""Classic"", ""unit"": ""MTR""}",nhf/u/007/rl fabric sofa fabric othr brown linen blend hotel room classic curtain fabric upholstery cloth drape textile material,"June 1, 2017"
PRD34941,FWC180809,Dijon Private 670003,Fabric,Curtain Fabric,RSGS,300,4.3,16,0,out_of_stock,FALSE,Non Current,Mustard,Sheer fabric,Dining Room,Modern,MTR,"Dijon Private 670003 is a modern curtain fabric from RSGS. It is suitable for dining room use and comes in mustard with sheer fabric finish. Useful for curtains, upholstery, drapes, cushions, and soft furnishing projects.","{""color"": ""Mustard"", ""material"": ""Sheer fabric"", ""room"": ""Dining Room"", ""style"": ""Modern"", ""unit"": ""MTR"", ""size"": ""54\""""}",dijon private 670003 fabric curtain fabric rsgs mustard sheer fabric dining room modern curtain fabric upholstery cloth drape textile material,"September 23, 2022"
PRD50376,FWC110952,Stock Hangers Sa Sheer Sa 13723 Dyed Emb-140,Fabric,Curtain Fabric,HICF,300,3.9,16,0,out_of_stock,FALSE,Non Current,White,Velvet,Dining Room,Traditional,MTR,"Stock Hangers Sa Sheer Sa 13723 Dyed Emb-140 is a traditional curtain fabric from HICF. It is suitable for dining room use and comes in white with velvet finish. Useful for curtains, upholstery, drapes, cushions, and soft furnishing projects.","{""color"": ""White"", ""material"": ""Velvet"", ""room"": ""Dining Room"", ""style"": ""Traditional"", ""unit"": ""MTR"", ""size"": ""54\""""}",stock hangers sa sheer sa 13723 dyed emb-140 fabric curtain fabric hicf white velvet dining room traditional curtain fabric upholstery cloth drape textile material,"April 27, 2019"
PRD37346,FWC83853,Remix Ii Banaras Org Emb With Silver Cord,Fabric,Curtain Fabric,KDF,300,3.8,26,0,out_of_stock,FALSE,Non Current,Silver,Sheer fabric,Hotel Room,Scandinavian,MTR,"Remix Ii Banaras Org Emb With Silver Cord is a scandinavian curtain fabric from KDF. It is suitable for hotel room use and comes in silver with sheer fabric finish. Useful for curtains, upholstery, drapes, cushions, and soft furnishing projects.","{""color"": ""Silver"", ""material"": ""Sheer fabric"", ""room"": ""Hotel Room"", ""style"": ""Scandinavian"", ""unit"": ""MTR"", ""size"": ""48"", ""series"": ""276""}",remix ii banaras org emb with silver cord fabric curtain fabric kdf silver sheer fabric hotel room scandinavian curtain fabric upholstery cloth drape textile material,"October 6, 2021"
PRD12063,HDW6085,Georgeon Round Small Finial,Hardware,Finials,SUF,300,4.2,1,0,out_of_stock,FALSE,Current,Olive,Aluminium,Balcony,Contemporary,NOS,Georgeon Round Small Finial is a contemporary finials from SUF. It is suitable for balcony use and comes in olive with aluminium finish. Suitable for residential and hospitality interiors.,"{""color"": ""Olive"", ""material"": ""Aluminium"", ""room"": ""Balcony"", ""style"": ""Contemporary"", ""unit"": ""NOS"", ""size"": ""19 MM""}",georgeon round small finial hardware finials suf olive aluminium balcony contemporary curtain rod finial track hardware fittings,"December 3, 2017"
PRD31616,FWC83870,Remix Ii Banaras Org Emb,Fabric,Curtain Fabric,KDF,300,4.1,65,0,out_of_stock,FALSE,Non Current,Red,Linen blend,Living Room,Classic,MTR,"Remix Ii Banaras Org Emb is a classic curtain fabric from KDF. It is suitable for living room use and comes in red with linen blend finish. Useful for curtains, upholstery, drapes, cushions, and soft furnishing projects.","{""color"": ""Red"", ""material"": ""Linen blend"", ""room"": ""Living Room"", ""style"": ""Classic"", ""unit"": ""MTR"", ""size"": ""48"", ""series"": ""293""}",remix ii banaras org emb fabric curtain fabric kdf red linen blend living room classic curtain fabric upholstery cloth drape textile material,"October 6, 2021"
PRD48795,FWC174023,Cf-238,Fabric,Curtain Fabric,CFG,310,4,9,0,out_of_stock,FALSE,Non Current,Pink,Sheer fabric,Office,Modern,MTR,"Cf-238 is a modern curtain fabric from CFG. It is suitable for office use and comes in pink with sheer fabric finish. Useful for curtains, upholstery, drapes, cushions, and soft furnishing projects.","{""color"": ""Pink"", ""material"": ""Sheer fabric"", ""room"": ""Office"", ""style"": ""Modern"", ""unit"": ""MTR"", ""size"": ""54\""""}",cf-238 fabric curtain fabric cfg pink sheer fabric office modern curtain fabric upholstery cloth drape textile material,"October 17, 2022"
PRD32883,CUDZ012,Cushion -,Fillers,Fibre Cushions,DZ,310,3.7,2,0,out_of_stock,FALSE,Non Current,Mustard,Metal,Guest Room,Minimal,NOS,Cushion - is a minimal fibre cushions from DZ. It is suitable for guest room use and comes in mustard with metal finish. Suitable for residential and hospitality interiors.,"{""color"": ""Mustard"", ""material"": ""Metal"", ""room"": ""Guest Room"", ""style"": ""Minimal"", ""unit"": ""NOS""}",cushion - fillers fibre cushions dz mustard metal guest room minimal home decor furniture interiors,"December 1, 2017"
PRD48270,BLD19665,Roller Blinds Jaipur 10000 Series Facia Style Cluth With Chain,Blinds,Readymade Blinds,AMI,310,4.4,16,0,out_of_stock,FALSE,Current,Charcoal,Basswood,Guest Room,Scandinavian,SFT,"Roller Blinds Jaipur 10000 Series Facia Style Cluth With Chain is a scandinavian readymade blinds from AMI. It is suitable for guest room use and comes in charcoal with basswood finish. Designed for privacy, daylight control, and window styling.","{""color"": ""Charcoal"", ""material"": ""Basswood"", ""room"": ""Guest Room"", ""style"": ""Scandinavian"", ""unit"": ""SFT""}",roller blinds jaipur 10000 series facia style cluth with chain blinds readymade blinds ami charcoal basswood guest room scandinavian window blinds shade venetian roller privacy light control,"April 16, 2024"
PRD33409,FWC142690,Ford Print,Fabric,Curtain Fabric,DCT,310,4.4,108,0,out_of_stock,FALSE,Non Current,Red,Polyester,Balcony,Modern,MTR,"Ford Print is a modern curtain fabric from DCT. It is suitable for balcony use and comes in red with polyester finish. Useful for curtains, upholstery, drapes, cushions, and soft furnishing projects.","{""color"": ""Red"", ""material"": ""Polyester"", ""room"": ""Balcony"", ""style"": ""Modern"", ""unit"": ""MTR"", ""size"": ""54\""""}",ford print fabric curtain fabric dct red polyester balcony modern curtain fabric upholstery cloth drape textile material,"November 22, 2020"
PRD43195,BLD17767,The Arco Range 25Mm Aluminium Venetian Mad012,Blinds,Readymade Blinds,HICF,330,4.5,11,0,out_of_stock,FALSE,Current,Gold,Basswood,Balcony,Classic,SFT,"The Arco Range 25Mm Aluminium Venetian Mad012 is a classic readymade blinds from HICF. It is suitable for balcony use and comes in gold with basswood finish. Designed for privacy, daylight control, and window styling.","{""color"": ""Gold"", ""material"": ""Basswood"", ""room"": ""Balcony"", ""style"": ""Classic"", ""unit"": ""SFT""}",the arco range 25mm aluminium venetian mad012 blinds readymade blinds hicf gold basswood balcony classic window blinds shade venetian roller privacy light control,"February 22, 2021"
PRD13594,HDW589,"Finial 3/4"" 2007 Round Bracket 3/4""",Hardware,Finials,PH,340,4.2,10,0,out_of_stock,FALSE,Current,White,Brass,Balcony,Scandinavian,NOS,"Finial 3/4"" 2007 Round Bracket 3/4"" is a scandinavian finials from PH. It is suitable for balcony use and comes in white with brass finish. Suitable for residential and hospitality interiors.","{""color"": ""White"", ""material"": ""Brass"", ""room"": ""Balcony"", ""style"": ""Scandinavian"", ""unit"": ""NOS"", ""size"": ""19mm""}","finial 3/4"" 2007 round bracket 3/4"" hardware finials ph white brass balcony scandinavian curtain rod finial track hardware fittings","December 3, 2017"
PRD33073,ACC03544,Pn Decor Pn Ac,Accessories,Artificial Flower,PWDPL,340,3.9,29,0,out_of_stock,FALSE,Current,Green,Artificial silk,Hotel Room,Minimal,NOS,Pn Decor Pn Ac is a minimal artificial flower from PWDPL. It is suitable for hotel room use and comes in green with artificial silk finish. Suitable for residential and hospitality interiors.,"{""color"": ""Green"", ""material"": ""Artificial silk"", ""room"": ""Hotel Room"", ""style"": ""Minimal"", ""unit"": ""NOS"", ""series"": ""AC0136""}",pn decor pn ac accessories artificial flower pwdpl green artificial silk hotel room minimal decor accessories artifact home styling,"June 13, 2024"
PRD32697,ACC04043,Pn Decor Pn Afb,Accessories,Artificial Flower,PWDPL,340,3.9,1,0,out_of_stock,FALSE,Current,Grey,Artificial silk,Hotel Room,Rustic,NOS,Pn Decor Pn Afb is a rustic artificial flower from PWDPL. It is suitable for hotel room use and comes in grey with artificial silk finish. Suitable for residential and hospitality interiors.,"{""color"": ""Grey"", ""material"": ""Artificial silk"", ""room"": ""Hotel Room"", ""style"": ""Rustic"", ""unit"": ""NOS"", ""series"": ""AFB0080""}",pn decor pn afb accessories artificial flower pwdpl grey artificial silk hotel room rustic decor accessories artifact home styling,"June 12, 2024"
PRD13788,RCT11567,Tassel-Rc/T/1156#7,Curtain Accessories,Tassels,RCT,350,3.8,14,0,out_of_stock,FALSE,Current,Red,Metal,Bedroom,Contemporary,NOS,Tassel-Rc/T/1156#7 is a contemporary tassels from RCT. It is suitable for bedroom use and comes in red with metal finish. Suitable for residential and hospitality interiors.,"{""color"": ""Red"", ""material"": ""Metal"", ""room"": ""Bedroom"", ""style"": ""Contemporary"", ""unit"": ""NOS""}",tassel-rc/t/1156#7 curtain accessories tassels rct red metal bedroom contemporary home decor furniture interiors,"December 31, 2024"
PRD50326,SAM05417,Sunset Silk Na,Samples,Fabric Samples,SDD,360,4.7,11,0,out_of_stock,FALSE,Current,Grey,Metal,Hotel Room,Rustic,NOS,Sunset Silk is a rustic fabric samples from SDD. It is suitable for hotel room use and comes in grey with metal finish. Suitable for residential and hospitality interiors.,"{""color"": ""Grey"", ""material"": ""Metal"", ""room"": ""Hotel Room"", ""style"": ""Rustic"", ""unit"": ""NOS"", ""size"": ""NA"", ""series"": ""NA""}",sunset silk samples fabric samples sdd grey metal hotel room rustic home decor furniture interiors,"November 23, 2022"
PRD49526,PILLOW259,Pillow/259 Durflex Pillow,Fillers,Pillows,OTHR,360,4.3,16,0,out_of_stock,FALSE,Non Current,Walnut,Engineered wood,Dining Room,Modern,NOS,Pillow/259 Durflex Pillow is a modern pillows from OTHR. It is suitable for dining room use and comes in walnut with engineered wood finish. Suitable for residential and hospitality interiors.,"{""color"": ""Walnut"", ""material"": ""Engineered wood"", ""room"": ""Dining Room"", ""style"": ""Modern"", ""unit"": ""NOS""}",pillow/259 durflex pillow fillers pillows othr walnut engineered wood dining room modern home decor furniture interiors,"October 16, 2019"
PRD36644,FWC117984,Parma,Fabric,Curtain Fabric,KC,360,4.6,71,0,out_of_stock,FALSE,Non Current,Brown,Sheer fabric,Kids Room,Rustic,MTR,"Parma is a rustic curtain fabric from KC. It is suitable for kids room use and comes in brown with sheer fabric finish. Useful for curtains, upholstery, drapes, cushions, and soft furnishing projects.","{""color"": ""Brown"", ""material"": ""Sheer fabric"", ""room"": ""Kids Room"", ""style"": ""Rustic"", ""unit"": ""MTR"", ""size"": ""54\"""", ""series"": ""25408""}",parma fabric curtain fabric kc brown sheer fabric kids room rustic curtain fabric upholstery cloth drape textile material,"September 23, 2022"
PRD35911,FWC75936,Equation Sheer Sa 13723 Dull Thread Oriana(F 443346,Fabric,Curtain Fabric,SDD,370,4.6,2,0,out_of_stock,FALSE,Non Current,Green,Velvet,Office,Minimal,MTR,"Equation Sheer Sa 13723 Dull Thread Oriana(F 443346 is a minimal curtain fabric from SDD. It is suitable for office use and comes in green with velvet finish. Useful for curtains, upholstery, drapes, cushions, and soft furnishing projects.","{""color"": ""Green"", ""material"": ""Velvet"", ""room"": ""Office"", ""style"": ""Minimal"", ""unit"": ""MTR"", ""size"": ""48"", ""series"": ""50""}",equation sheer sa 13723 dull thread oriana(f 443346 fabric curtain fabric sdd green velvet office minimal curtain fabric upholstery cloth drape textile material,"February 19, 2021"
PRD00651,FWC23840,Metro,Fabric,Curtain Fabric,KC,370,4.2,46,0,out_of_stock,FALSE,Non Current,Natural,Velvet,Guest Room,Traditional,MTR,"Metro is a traditional curtain fabric from KC. It is suitable for guest room use and comes in natural with velvet finish. Useful for curtains, upholstery, drapes, cushions, and soft furnishing projects.","{""color"": ""Natural"", ""material"": ""Velvet"", ""room"": ""Guest Room"", ""style"": ""Traditional"", ""unit"": ""MTR"", ""size"": ""48"", ""series"": ""44""}",metro fabric curtain fabric kc natural velvet guest room traditional curtain fabric upholstery cloth drape textile material,"December 3, 2017"
PRD31973,FWC23572,Hazel,Fabric,Curtain Fabric,KC,370,4.3,40,0,out_of_stock,FALSE,Non Current,Beige,Velvet,Kids Room,Classic,MTR,"Hazel is a classic curtain fabric from KC. It is suitable for kids room use and comes in beige with velvet finish. Useful for curtains, upholstery, drapes, cushions, and soft furnishing projects.","{""color"": ""Beige"", ""material"": ""Velvet"", ""room"": ""Kids Room"", ""style"": ""Classic"", ""unit"": ""MTR"", ""size"": ""48"", ""series"": ""1583""}",hazel fabric curtain fabric kc beige velvet kids room classic curtain fabric upholstery cloth drape textile material,"December 3, 2017"
PRD35911,FWC75959,Equation Sheer Sa 13723 Dull Thread Oriana(F 443346,Fabric,Curtain Fabric,SDD,370,4.2,8,0,out_of_stock,FALSE,Non Current,Brown,Jacquard,Bedroom,Minimal,MTR,"Equation Sheer Sa 13723 Dull Thread Oriana(F 443346 is a minimal curtain fabric from SDD. It is suitable for bedroom use and comes in brown with jacquard finish. Useful for curtains, upholstery, drapes, cushions, and soft furnishing projects.","{""color"": ""Brown"", ""material"": ""Jacquard"", ""room"": ""Bedroom"", ""style"": ""Minimal"", ""unit"": ""MTR"", ""size"": ""48"", ""series"": ""99""}",equation sheer sa 13723 dull thread oriana(f 443346 fabric curtain fabric sdd brown jacquard bedroom minimal curtain fabric upholstery cloth drape textile material,"February 19, 2021"
PRD42797,FWC50983,Gossip Banaras Org Dyed Zari Emb With Sw 366532,Fabric,Curtain Fabric,KDF,380,3.6,9,0,out_of_stock,FALSE,Non Current,Red,Polyester,Hotel Room,Contemporary,MTR,"Gossip Banaras Org Dyed Zari Emb With Sw 366532 is a contemporary curtain fabric from KDF. It is suitable for hotel room use and comes in red with polyester finish. Useful for curtains, upholstery, drapes, cushions, and soft furnishing projects.","{""color"": ""Red"", ""material"": ""Polyester"", ""room"": ""Hotel Room"", ""style"": ""Contemporary"", ""unit"": ""MTR"", ""size"": ""48"", ""series"": ""61""}",gossip banaras org dyed zari emb with sw 366532 fabric curtain fabric kdf red polyester hotel room contemporary curtain fabric upholstery cloth drape textile material,"February 11, 2021"
PRD53352,FWC50270,"Privilege Organza Dmy 42047 Oriana With Zari 35950 , Ym 8300",Fabric,Curtain Fabric,KDF,380,4.9,11,0,out_of_stock,FALSE,Non Current,Pink,Polyester,Living Room,Rustic,MTR,"Privilege Organza Dmy 42047 Oriana With Zari 35950 , Ym 8300 is a rustic curtain fabric from KDF. It is suitable for living room use and comes in pink with polyester finish. Useful for curtains, upholstery, drapes, cushions, and soft furnishing projects.","{""color"": ""Pink"", ""material"": ""Polyester"", ""room"": ""Living Room"", ""style"": ""Rustic"", ""unit"": ""MTR"", ""size"": ""48"", ""series"": ""64""}","privilege organza dmy 42047 oriana with zari 35950 , ym 8300 fabric curtain fabric kdf pink polyester living room rustic curtain fabric upholstery cloth drape textile material","February 11, 2021"
PRD33451,FWC71879,Remix Banaras Org Oriana,Fabric,Curtain Fabric,KDF,380,3.5,44,0,out_of_stock,FALSE,Non Current,Blue,Jacquard,Office,Scandinavian,MTR,"Remix Banaras Org Oriana is a scandinavian curtain fabric from KDF. It is suitable for office use and comes in blue with jacquard finish. Useful for curtains, upholstery, drapes, cushions, and soft furnishing projects.","{""color"": ""Blue"", ""material"": ""Jacquard"", ""room"": ""Office"", ""style"": ""Scandinavian"", ""unit"": ""MTR"", ""size"": ""48"", ""series"": ""91""}",remix banaras org oriana fabric curtain fabric kdf blue jacquard office scandinavian curtain fabric upholstery cloth drape textile material,"February 11, 2021"
PRD41030,FWC213731,Mahika Plain,Fabric,Curtain Fabric,DCTF,400,4.4,82,0,out_of_stock,FALSE,Non Current,Blue,Blackout fabric,Balcony,Contemporary,MTR,"Mahika Plain is a contemporary curtain fabric from DCTF. It is suitable for balcony use and comes in blue with blackout fabric finish. Useful for curtains, upholstery, drapes, cushions, and soft furnishing projects.","{""color"": ""Blue"", ""material"": ""Blackout fabric"", ""room"": ""Balcony"", ""style"": ""Contemporary"", ""unit"": ""MTR"", ""size"": ""110""}",mahika plain fabric curtain fabric dctf blue blackout fabric balcony contemporary curtain fabric upholstery cloth drape textile material,"January 9, 2024"
PRD42445,SAM03384,New Curtain Hanger 2 Na,Samples,Wallpaper Samples,MDSPL,400,4.3,50,0,out_of_stock,FALSE,Current,Ivory,Fabric,Living Room,Rustic,NOS,New Curtain Hanger 2 is a rustic wallpaper samples from MDSPL. It is suitable for living room use and comes in ivory with fabric finish. Suitable for residential and hospitality interiors.,"{""color"": ""Ivory"", ""material"": ""Fabric"", ""room"": ""Living Room"", ""style"": ""Rustic"", ""unit"": ""NOS"", ""size"": ""NA"", ""series"": ""NA""}",new curtain hanger 2 samples wallpaper samples mdspl ivory fabric living room rustic home decor furniture interiors,"November 24, 2020"
PRD50605,FWC84583,Mulberry Seda,Fabric,Curtain Fabric,SAR,410,4.8,8,0,out_of_stock,FALSE,Non Current,Gold,Sheer fabric,Kids Room,Luxury,MTR,"Mulberry Seda is a luxury curtain fabric from SAR. It is suitable for kids room use and comes in gold with sheer fabric finish. Useful for curtains, upholstery, drapes, cushions, and soft furnishing projects.","{""color"": ""Gold"", ""material"": ""Sheer fabric"", ""room"": ""Kids Room"", ""style"": ""Luxury"", ""unit"": ""MTR"", ""size"": ""54\"""", ""series"": ""901""}",mulberry seda fabric curtain fabric sar gold sheer fabric kids room luxury curtain fabric upholstery cloth drape textile material,"March 30, 2019"
PRD44639,FWC13234,Seville Collection,Fabric,Curtain Fabric,DL,410,3.8,6,0,out_of_stock,FALSE,Non Current,Walnut,Cotton blend,Bedroom,Scandinavian,MTR,"Seville Collection is a scandinavian curtain fabric from DL. It is suitable for bedroom use and comes in walnut with cotton blend finish. Useful for curtains, upholstery, drapes, cushions, and soft furnishing projects.","{""color"": ""Walnut"", ""material"": ""Cotton blend"", ""room"": ""Bedroom"", ""style"": ""Scandinavian"", ""unit"": ""MTR"", ""size"": ""48"", ""series"": ""SEVIL - 067""}",seville collection fabric curtain fabric dl walnut cotton blend bedroom scandinavian curtain fabric upholstery cloth drape textile material,"December 1, 2017"
PRD32813,ACC03511,Pn Decor Pn Afb Rose,Accessories,Artificial Flower,PWDPL,410,4.1,97,0,out_of_stock,FALSE,Current,Black,Ceramic,Dining Room,Traditional,NOS,Pn Decor Pn Afb Rose is a traditional artificial flower from PWDPL. It is suitable for dining room use and comes in black with ceramic finish. Suitable for residential and hospitality interiors.,"{""color"": ""Black"", ""material"": ""Ceramic"", ""room"": ""Dining Room"", ""style"": ""Traditional"", ""unit"": ""NOS"", ""series"": ""AFBROSE0179""}",pn decor pn afb rose accessories artificial flower pwdpl black ceramic dining room traditional decor accessories artifact home styling,"June 13, 2024"
PRD02980,FWC63465,Luxury,Fabric,Curtain Fabric,KC,410,4.3,34,0,out_of_stock,FALSE,Current,Olive,Sheer fabric,Balcony,Classic,MTR,"Luxury is a classic curtain fabric from KC. It is suitable for balcony use and comes in olive with sheer fabric finish. Useful for curtains, upholstery, drapes, cushions, and soft furnishing projects.","{""color"": ""Olive"", ""material"": ""Sheer fabric"", ""room"": ""Balcony"", ""style"": ""Classic"", ""unit"": ""MTR"", ""size"": ""48"", ""series"": ""17720""}",luxury fabric curtain fabric kc olive sheer fabric balcony classic curtain fabric upholstery cloth drape textile material,"May 25, 2024"
PRD32171,FWC63340,Florida Sanford,Fabric,Curtain Fabric,SAR,430,3.5,9,0,out_of_stock,FALSE,Non Current,Silver,Sheer fabric,Balcony,Contemporary,MTR,"Florida Sanford is a contemporary curtain fabric from SAR. It is suitable for balcony use and comes in silver with sheer fabric finish. Useful for curtains, upholstery, drapes, cushions, and soft furnishing projects.","{""color"": ""Silver"", ""material"": ""Sheer fabric"", ""room"": ""Balcony"", ""style"": ""Contemporary"", ""unit"": ""MTR"", ""size"": ""48""}",florida sanford fabric curtain fabric sar silver sheer fabric balcony contemporary curtain fabric upholstery cloth drape textile material,"November 8, 2020"
PRD39061,FWC196719,Stock Hangers,Fabric,Curtain Fabric,HICF,430,3.5,72,0,out_of_stock,FALSE,Non Current,Pink,Velvet,Office,Luxury,MTR,"Stock Hangers is a luxury curtain fabric from HICF. It is suitable for office use and comes in pink with velvet finish. Useful for curtains, upholstery, drapes, cushions, and soft furnishing projects.","{""color"": ""Pink"", ""material"": ""Velvet"", ""room"": ""Office"", ""style"": ""Luxury"", ""unit"": ""MTR"", ""size"": ""54\"""", ""series"": ""YM1085""}",stock hangers fabric curtain fabric hicf pink velvet office luxury curtain fabric upholstery cloth drape textile material,"May 6, 2023"
PRD33073,ACC03538,Pn Decor Pn Ac,Accessories,Artificial Flower,PWDPL,440,4.7,47,0,out_of_stock,FALSE,Current,Green,Glass,Hotel Room,Minimal,NOS,Pn Decor Pn Ac is a minimal artificial flower from PWDPL. It is suitable for hotel room use and comes in green with glass finish. Suitable for residential and hospitality interiors.,"{""color"": ""Green"", ""material"": ""Glass"", ""room"": ""Hotel Room"", ""style"": ""Minimal"", ""unit"": ""NOS"", ""series"": ""AC0134""}",pn decor pn ac accessories artificial flower pwdpl green glass hotel room minimal decor accessories artifact home styling,"June 13, 2024"
PRD39871,FWC33844,Magic 51532,Fabric,Curtain Fabric,HOS,440,3.8,102,0,out_of_stock,FALSE,Non Current,Charcoal,Jacquard,Kids Room,Traditional,MTR,"Magic 51532 is a traditional curtain fabric from HOS. It is suitable for kids room use and comes in charcoal with jacquard finish. Useful for curtains, upholstery, drapes, cushions, and soft furnishing projects.","{""color"": ""Charcoal"", ""material"": ""Jacquard"", ""room"": ""Kids Room"", ""style"": ""Traditional"", ""unit"": ""MTR"", ""size"": ""54""}",magic 51532 fabric curtain fabric hos charcoal jacquard kids room traditional curtain fabric upholstery cloth drape textile material,"March 15, 2018"
PRD46173,TCRA001,Table Cover Tc/Ra/001 Table Covering,Linen,Table Cover,OTHR,450,4.1,5,0,out_of_stock,FALSE,Non Current,Green,Polyester blend,Office,Luxury,NOS,Table Cover Tc/Ra/001 Table Covering is a luxury table cover from OTHR. It is suitable for office use and comes in green with polyester blend finish. Suitable for residential and hospitality interiors.,"{""color"": ""Green"", ""material"": ""Polyester blend"", ""room"": ""Office"", ""style"": ""Luxury"", ""unit"": ""NOS"", ""size"": ""40 X 60"", ""series"": ""NA""}",table cover tc/ra/001 table covering linen table cover othr green polyester blend office luxury bedsheet pillow linen bedding soft furnishing,"December 1, 2017"
PRD02418,FWC154474,Holland,Fabric,Artificial Leather,KC,450,3.8,12,0,out_of_stock,FALSE,Non Current,Maroon,Sheer fabric,Bedroom,Scandinavian,MTR,"Holland is a scandinavian artificial leather from KC. It is suitable for bedroom use and comes in maroon with sheer fabric finish. Useful for curtains, upholstery, drapes, cushions, and soft furnishing projects.","{""color"": ""Maroon"", ""material"": ""Sheer fabric"", ""room"": ""Bedroom"", ""style"": ""Scandinavian"", ""unit"": ""MTR"", ""size"": ""54\"""", ""series"": ""1""}",holland fabric artificial leather kc maroon sheer fabric bedroom scandinavian curtain fabric upholstery cloth drape textile material,"October 6, 2023"
PRD35005,FWC77830,Hunter Tigor,Fabric,Curtain Fabric,KDH,460,4.2,16,0,out_of_stock,FALSE,Non Current,Pink,Velvet,Kids Room,Classic,MTR,"Hunter Tigor is a classic curtain fabric from KDH. It is suitable for kids room use and comes in pink with velvet finish. Useful for curtains, upholstery, drapes, cushions, and soft furnishing projects.","{""color"": ""Pink"", ""material"": ""Velvet"", ""room"": ""Kids Room"", ""style"": ""Classic"", ""unit"": ""MTR"", ""size"": ""54"", ""series"": ""16""}",hunter tigor fabric curtain fabric kdh pink velvet kids room classic curtain fabric upholstery cloth drape textile material,"February 21, 2020"
PRD34849,FWC101742,Zuri Satin Srd 72569P,Fabric,Curtain Fabric,SDD,460,3.7,76,0,out_of_stock,FALSE,Non Current,Natural,Velvet,Bedroom,Modern,MTR,"Zuri Satin Srd 72569P is a modern curtain fabric from SDD. It is suitable for bedroom use and comes in natural with velvet finish. Useful for curtains, upholstery, drapes, cushions, and soft furnishing projects.","{""color"": ""Natural"", ""material"": ""Velvet"", ""room"": ""Bedroom"", ""style"": ""Modern"", ""unit"": ""MTR"", ""size"": ""54\"""", ""series"": ""26""}",zuri satin srd 72569p fabric curtain fabric sdd natural velvet bedroom modern curtain fabric upholstery cloth drape textile material,"September 21, 2021"
PRD50740,FWC42061,Libra Abony,Fabric,Curtain Fabric,UL,460,4.1,9,0,out_of_stock,FALSE,Non Current,Black,Blackout fabric,Office,Minimal,MTR,"Libra Abony is a minimal curtain fabric from UL. It is suitable for office use and comes in black with blackout fabric finish. Useful for curtains, upholstery, drapes, cushions, and soft furnishing projects.","{""color"": ""Black"", ""material"": ""Blackout fabric"", ""room"": ""Office"", ""style"": ""Minimal"", ""unit"": ""MTR"", ""size"": ""54""}",libra abony fabric curtain fabric ul black blackout fabric office minimal curtain fabric upholstery cloth drape textile material,"May 11, 2017"
PRD31618,FWC93892,Hawaii Puhi,Fabric,Curtain Fabric,SAR,470,4.5,5,0,out_of_stock,FALSE,Current,Navy,Polyester,Kids Room,Scandinavian,MTR,"Hawaii Puhi is a scandinavian curtain fabric from SAR. It is suitable for kids room use and comes in navy with polyester finish. Useful for curtains, upholstery, drapes, cushions, and soft furnishing projects.","{""color"": ""Navy"", ""material"": ""Polyester"", ""room"": ""Kids Room"", ""style"": ""Scandinavian"", ""unit"": ""MTR"", ""size"": ""48\""""}",hawaii puhi fabric curtain fabric sar navy polyester kids room scandinavian curtain fabric upholstery cloth drape textile material,"April 3, 2019"
PRD34895,LIN04223,Hand Towel,Linen,Towels,DDHS,490,3.6,81,0,out_of_stock,FALSE,Current,Ivory,Cotton,Office,Scandinavian,NOS,Hand Towel is a scandinavian towels from DDHS. It is suitable for office use and comes in ivory with cotton finish. Suitable for residential and hospitality interiors.,"{""color"": ""Ivory"", ""material"": ""Cotton"", ""room"": ""Office"", ""style"": ""Scandinavian"", ""unit"": ""NOS"", ""size"": ""40X60""}",hand towel linen towels ddhs ivory cotton office scandinavian bedsheet pillow linen bedding soft furnishing,"June 27, 2019"
PRD34895,LIN04225,Hand Towel,Linen,Towels,DDHS,490,4.8,12,0,out_of_stock,FALSE,Current,Mustard,Cotton,Hotel Room,Modern,NOS,Hand Towel is a modern towels from DDHS. It is suitable for hotel room use and comes in mustard with cotton finish. Suitable for residential and hospitality interiors.,"{""color"": ""Mustard"", ""material"": ""Cotton"", ""room"": ""Hotel Room"", ""style"": ""Modern"", ""unit"": ""NOS"", ""size"": ""40X60""}",hand towel linen towels ddhs mustard cotton hotel room modern bedsheet pillow linen bedding soft furnishing,"June 27, 2019"
PRD40847,FWC40506,Imperial,Fabric,Curtain Fabric,KC,500,4.1,5,0,out_of_stock,FALSE,Non Current,Charcoal,Jacquard,Dining Room,Traditional,MTR,"Imperial is a traditional curtain fabric from KC. It is suitable for dining room use and comes in charcoal with jacquard finish. Useful for curtains, upholstery, drapes, cushions, and soft furnishing projects.","{""color"": ""Charcoal"", ""material"": ""Jacquard"", ""room"": ""Dining Room"", ""style"": ""Traditional"", ""unit"": ""MTR"", ""size"": ""54"", ""series"": ""13404""}",imperial fabric curtain fabric kc charcoal jacquard dining room traditional curtain fabric upholstery cloth drape textile material,"May 8, 2019"
PRD48506,SAM03278,Sahara Na,Samples,Fabric Samples,SWPL,500,4.2,11,0,out_of_stock,FALSE,Non Current,Pink,Glass,Living Room,Scandinavian,NOS,Sahara is a scandinavian fabric samples from SWPL. It is suitable for living room use and comes in pink with glass finish. Suitable for residential and hospitality interiors.,"{""color"": ""Pink"", ""material"": ""Glass"", ""room"": ""Living Room"", ""style"": ""Scandinavian"", ""unit"": ""NOS"", ""size"": ""NA"", ""series"": ""NA""}",sahara samples fabric samples swpl pink glass living room scandinavian home decor furniture interiors,"October 16, 2020"
PRD34061,FWC9933,Voyage Darly,Fabric,Curtain Fabric,DE,500,4.1,31,0,out_of_stock,FALSE,Non Current,Grey,Sheer fabric,Balcony,Modern,MTR,"Voyage Darly is a modern curtain fabric from DE. It is suitable for balcony use and comes in grey with sheer fabric finish. Useful for curtains, upholstery, drapes, cushions, and soft furnishing projects.","{""color"": ""Grey"", ""material"": ""Sheer fabric"", ""room"": ""Balcony"", ""style"": ""Modern"", ""unit"": ""MTR"", ""size"": ""54"", ""series"": ""8""}",voyage darly fabric curtain fabric de grey sheer fabric balcony modern curtain fabric upholstery cloth drape textile material,"December 1, 2017"
PRD42630,FWC97345,Reflection Lilac,Fabric,Curtain Fabric,SAR,500,3.8,13,0,out_of_stock,FALSE,Non Current,Natural,Jacquard,Balcony,Modern,MTR,"Reflection Lilac is a modern curtain fabric from SAR. It is suitable for balcony use and comes in natural with jacquard finish. Useful for curtains, upholstery, drapes, cushions, and soft furnishing projects.","{""color"": ""Natural"", ""material"": ""Jacquard"", ""room"": ""Balcony"", ""style"": ""Modern"", ""unit"": ""MTR"", ""size"": ""48\""""}",reflection lilac fabric curtain fabric sar natural jacquard balcony modern curtain fabric upholstery cloth drape textile material,"December 5, 2020"
PRD33088,FWC140529,Dimout Texture Dimout 17,Fabric,Curtain Fabric,DCT,500,3.5,13,0,out_of_stock,FALSE,Non Current,Black,Sheer fabric,Office,Classic,MTR,"Dimout Texture Dimout 17 is a classic curtain fabric from DCT. It is suitable for office use and comes in black with sheer fabric finish. Useful for curtains, upholstery, drapes, cushions, and soft furnishing projects.","{""color"": ""Black"", ""material"": ""Sheer fabric"", ""room"": ""Office"", ""style"": ""Classic"", ""unit"": ""MTR"", ""size"": ""110\""""}",dimout texture dimout 17 fabric curtain fabric dct black sheer fabric office classic curtain fabric upholstery cloth drape textile material,"October 22, 2020"
PRD39621,FWC42098,Milano,Fabric,Curtain Fabric,RM,510,4.1,25,0,out_of_stock,FALSE,Non Current,Pink,Cotton blend,Guest Room,Contemporary,MTR,"Milano is a contemporary curtain fabric from RM. It is suitable for guest room use and comes in pink with cotton blend finish. Useful for curtains, upholstery, drapes, cushions, and soft furnishing projects.","{""color"": ""Pink"", ""material"": ""Cotton blend"", ""room"": ""Guest Room"", ""style"": ""Contemporary"", ""unit"": ""MTR"", ""size"": ""54""}",milano fabric curtain fabric rm pink cotton blend guest room contemporary curtain fabric upholstery cloth drape textile material,"April 14, 2017"
PRD34662,FWC91156,Evolution Ii Sheer Sa 15686 Oriana With Zari 370475,Fabric,Curtain Fabric,KDF,510,4.2,54,0,out_of_stock,FALSE,Non Current,Oak,Sheer fabric,Bedroom,Modern,MTR,"Evolution Ii Sheer Sa 15686 Oriana With Zari 370475 is a modern curtain fabric from KDF. It is suitable for bedroom use and comes in oak with sheer fabric finish. Useful for curtains, upholstery, drapes, cushions, and soft furnishing projects.","{""color"": ""Oak"", ""material"": ""Sheer fabric"", ""room"": ""Bedroom"", ""style"": ""Modern"", ""unit"": ""MTR"", ""size"": ""48\"""", ""series"": ""206""}",evolution ii sheer sa 15686 oriana with zari 370475 fabric curtain fabric kdf oak sheer fabric bedroom modern curtain fabric upholstery cloth drape textile material,"August 31, 2022"
PRD35193,FWC42631,Impression Baltimore,Fabric,Curtain Fabric,TPC,510,3.6,3,0,out_of_stock,FALSE,Non Current,Maroon,Cotton blend,Hotel Room,Modern,MTR,"Impression Baltimore is a modern curtain fabric from TPC. It is suitable for hotel room use and comes in maroon with cotton blend finish. Useful for curtains, upholstery, drapes, cushions, and soft furnishing projects.","{""color"": ""Maroon"", ""material"": ""Cotton blend"", ""room"": ""Hotel Room"", ""style"": ""Modern"", ""unit"": ""MTR"", ""size"": ""54"", ""series"": ""100408""}",impression baltimore fabric curtain fabric tpc maroon cotton blend hotel room modern curtain fabric upholstery cloth drape textile material,"December 8, 2018"
PRD39740,FWC214991,Emb-Pd Fresh Emb5001,Fabric,Curtain Fabric,DCTF,520,4.3,2,0,out_of_stock,FALSE,Non Current,Charcoal,Linen blend,Guest Room,Minimal,MTR,"Emb-Pd Fresh Emb5001 is a minimal curtain fabric from DCTF. It is suitable for guest room use and comes in charcoal with linen blend finish. Useful for curtains, upholstery, drapes, cushions, and soft furnishing projects.","{""color"": ""Charcoal"", ""material"": ""Linen blend"", ""room"": ""Guest Room"", ""style"": ""Minimal"", ""unit"": ""MTR"", ""size"": ""54\""""}",emb-pd fresh emb5001 fabric curtain fabric dctf charcoal linen blend guest room minimal curtain fabric upholstery cloth drape textile material,"January 26, 2024"
PRD34101,FIL00207,Pillow,Fillers,Pillows,KA,520,4.2,5,0,out_of_stock,FALSE,Current,White,Metal,Guest Room,Contemporary,NOS,Pillow is a contemporary pillows from KA. It is suitable for guest room use and comes in white with metal finish. Suitable for residential and hospitality interiors.,"{""color"": ""White"", ""material"": ""Metal"", ""room"": ""Guest Room"", ""style"": ""Contemporary"", ""unit"": ""NOS"", ""size"": ""17X27""}",pillow fillers pillows ka white metal guest room contemporary home decor furniture interiors,"August 11, 2022"
PRD51741,SAM00794,Pt - Orchestra Na,Samples,Fabric Samples,RM,530,4.7,26,0,out_of_stock,FALSE,Non Current,Navy,Glass,Hotel Room,Traditional,NOS,Pt - Orchestra is a traditional fabric samples from RM. It is suitable for hotel room use and comes in navy with glass finish. Suitable for residential and hospitality interiors.,"{""color"": ""Navy"", ""material"": ""Glass"", ""room"": ""Hotel Room"", ""style"": ""Traditional"", ""unit"": ""NOS"", ""size"": ""NA"", ""series"": ""NA""}",pt - orchestra samples fabric samples rm navy glass hotel room traditional home decor furniture interiors,"December 3, 2017"
PRD16563,HDW5881,Stainless Steel Collection 22Mm Finial Trophy,Hardware,Finials,AERO,530,4.1,77,0,out_of_stock,FALSE,Current,Silver,Plastic,Bedroom,Minimal,NOS,Stainless Steel Collection 22Mm Finial Trophy is a minimal finials from AERO. It is suitable for bedroom use and comes in silver with plastic finish. Suitable for residential and hospitality interiors.,"{""color"": ""Silver"", ""material"": ""Plastic"", ""room"": ""Bedroom"", ""style"": ""Minimal"", ""unit"": ""NOS"", ""size"": ""22MM""}",stainless steel collection 22mm finial trophy hardware finials aero silver plastic bedroom minimal curtain rod finial track hardware fittings,"April 9, 2025"
PRD33627,FWC102756,Sheers And Satin Twinkle Org-140Cms-Plain-56133^Plain Fabric,Fabric,Curtain Fabric,HICF,530,3.8,7,0,out_of_stock,FALSE,Current,Natural,Sheer fabric,Kids Room,Classic,MTR,"Sheers And Satin Twinkle Org-140Cms-Plain-56133^Plain Fabric is a classic curtain fabric from HICF. It is suitable for kids room use and comes in natural with sheer fabric finish. Useful for curtains, upholstery, drapes, cushions, and soft furnishing projects.","{""color"": ""Natural"", ""material"": ""Sheer fabric"", ""room"": ""Kids Room"", ""style"": ""Classic"", ""unit"": ""MTR"", ""size"": ""54\"""", ""series"": ""23""}",sheers and satin twinkle org-140cms-plain-56133^plain fabric fabric curtain fabric hicf natural sheer fabric kids room classic curtain fabric upholstery cloth drape textile material,"October 19, 2023"
PRD32518,FWC18181,Cabana Molly,Fabric,Curtain Fabric,KDH,540,3.7,7,0,out_of_stock,FALSE,Non Current,Natural,Polyester,Guest Room,Minimal,NOS,"Cabana Molly is a minimal curtain fabric from KDH. It is suitable for guest room use and comes in natural with polyester finish. Useful for curtains, upholstery, drapes, cushions, and soft furnishing projects.","{""color"": ""Natural"", ""material"": ""Polyester"", ""room"": ""Guest Room"", ""style"": ""Minimal"", ""unit"": ""NOS"", ""size"": ""48"", ""series"": ""9""}",cabana molly fabric curtain fabric kdh natural polyester guest room minimal curtain fabric upholstery cloth drape textile material,"October 17, 2017"
PRD31921,FWC101711,Chopper,Fabric,Curtain Fabric,SAR,540,4.2,34,0,out_of_stock,FALSE,Current,White,Sheer fabric,Office,Modern,MTR,"Chopper is a modern curtain fabric from SAR. It is suitable for office use and comes in white with sheer fabric finish. Useful for curtains, upholstery, drapes, cushions, and soft furnishing projects.","{""color"": ""White"", ""material"": ""Sheer fabric"", ""room"": ""Office"", ""style"": ""Modern"", ""unit"": ""MTR"", ""size"": ""54\""""}",chopper fabric curtain fabric sar white sheer fabric office modern curtain fabric upholstery cloth drape textile material,"February 27, 2025"
PRD40173,FWC159530,Dimout Texture Dimout 17404,Fabric,Curtain Fabric,DCT,540,4.5,2,0,out_of_stock,FALSE,Non Current,White,Blackout fabric,Living Room,Rustic,MTR,"Dimout Texture Dimout 17404 is a rustic curtain fabric from DCT. It is suitable for living room use and comes in white with blackout fabric finish. Useful for curtains, upholstery, drapes, cushions, and soft furnishing projects.","{""color"": ""White"", ""material"": ""Blackout fabric"", ""room"": ""Living Room"", ""style"": ""Rustic"", ""unit"": ""MTR"", ""size"": ""110\""""}",dimout texture dimout 17404 fabric curtain fabric dct white blackout fabric living room rustic curtain fabric upholstery cloth drape textile material,"October 25, 2021"
PRD44965,FWC57484,Sereno Image-P1 Piana Sweet Corn,Fabric,Curtain Fabric,TPC,540,4.1,5,0,out_of_stock,FALSE,Non Current,Red,Jacquard,Guest Room,Traditional,MTR,"Sereno Image-P1 Piana Sweet Corn is a traditional curtain fabric from TPC. It is suitable for guest room use and comes in red with jacquard finish. Useful for curtains, upholstery, drapes, cushions, and soft furnishing projects.","{""color"": ""Red"", ""material"": ""Jacquard"", ""room"": ""Guest Room"", ""style"": ""Traditional"", ""unit"": ""MTR"", ""size"": ""54"", ""series"": ""102213""}",sereno image-p1 piana sweet corn fabric curtain fabric tpc red jacquard guest room traditional curtain fabric upholstery cloth drape textile material,"October 31, 2020"
PRD53421,FWC63327,Florida Weston,Fabric,Curtain Fabric,SAR,540,4.1,261,0,out_of_stock,FALSE,Non Current,Maroon,Blackout fabric,Office,Luxury,MTR,"Florida Weston is a luxury curtain fabric from SAR. It is suitable for office use and comes in maroon with blackout fabric finish. Useful for curtains, upholstery, drapes, cushions, and soft furnishing projects.","{""color"": ""Maroon"", ""material"": ""Blackout fabric"", ""room"": ""Office"", ""style"": ""Luxury"", ""unit"": ""MTR"", ""size"": ""48""}",florida weston fabric curtain fabric sar maroon blackout fabric office luxury curtain fabric upholstery cloth drape textile material,"August 22, 2020"
PRD40357,FWC194373,Ap-Azalea 12906 Pro281,Fabric,Curtain Fabric,DCT,560,4.3,54,0,out_of_stock,FALSE,Non Current,Olive,Jacquard,Kids Room,Minimal,MTR,"Ap-Azalea 12906 Pro281 is a minimal curtain fabric from DCT. It is suitable for kids room use and comes in olive with jacquard finish. Useful for curtains, upholstery, drapes, cushions, and soft furnishing projects.","{""color"": ""Olive"", ""material"": ""Jacquard"", ""room"": ""Kids Room"", ""style"": ""Minimal"", ""unit"": ""MTR"", ""size"": ""110\""""}",ap-azalea 12906 pro281 fabric curtain fabric dct olive jacquard kids room minimal curtain fabric upholstery cloth drape textile material,"March 9, 2023"
PRD37436,FWC194404,Glamour Plus 33532 Glamour,Fabric,Curtain Fabric,DCT,560,4.8,69,0,out_of_stock,FALSE,Non Current,Silver,Linen blend,Office,Classic,MTR,"Glamour Plus 33532 Glamour is a classic curtain fabric from DCT. It is suitable for office use and comes in silver with linen blend finish. Useful for curtains, upholstery, drapes, cushions, and soft furnishing projects.","{""color"": ""Silver"", ""material"": ""Linen blend"", ""room"": ""Office"", ""style"": ""Classic"", ""unit"": ""MTR"", ""size"": ""110\""""}",glamour plus 33532 glamour fabric curtain fabric dct silver linen blend office classic curtain fabric upholstery cloth drape textile material,"March 9, 2023"
PRD47811,ACC05303,Pn Decor Pn Af,Accessories,Artifacts,PWDPL,560,4,4,0,out_of_stock,FALSE,Current,White,Metal,Guest Room,Modern,NOS,Pn Decor Pn Af is a modern artifacts from PWDPL. It is suitable for guest room use and comes in white with metal finish. Suitable for residential and hospitality interiors.,"{""color"": ""White"", ""material"": ""Metal"", ""room"": ""Guest Room"", ""style"": ""Modern"", ""unit"": ""NOS""}",pn decor pn af accessories artifacts pwdpl white metal guest room modern decor accessories artifact home styling,"August 29, 2024"
PRD55476,BLD17388,50Mm Rustic Wood Classic Easy Lift Operation With Chain With Web,Blinds,Readymade Blinds,AMI,580,4.1,10,0,out_of_stock,FALSE,Current,Walnut,PVC,Office,Classic,SFT,"50Mm Rustic Wood Classic Easy Lift Operation With Chain With Web is a classic readymade blinds from AMI. It is suitable for office use and comes in walnut with pvc finish. Designed for privacy, daylight control, and window styling.","{""color"": ""Walnut"", ""material"": ""PVC"", ""room"": ""Office"", ""style"": ""Classic"", ""unit"": ""SFT""}",50mm rustic wood classic easy lift operation with chain with web blinds readymade blinds ami walnut pvc office classic window blinds shade venetian roller privacy light control,"April 29, 2025"
PRD46535,FWC9700,Forenza Glamorous Mazara,Fabric,Curtain Fabric,DE,590,3.6,26,0,out_of_stock,FALSE,Non Current,Charcoal,Cotton blend,Living Room,Scandinavian,MTR,"Forenza Glamorous Mazara is a scandinavian curtain fabric from DE. It is suitable for living room use and comes in charcoal with cotton blend finish. Useful for curtains, upholstery, drapes, cushions, and soft furnishing projects.","{""color"": ""Charcoal"", ""material"": ""Cotton blend"", ""room"": ""Living Room"", ""style"": ""Scandinavian"", ""unit"": ""MTR"", ""size"": ""54"", ""series"": ""6""}",forenza glamorous mazara fabric curtain fabric de charcoal cotton blend living room scandinavian curtain fabric upholstery cloth drape textile material,"December 1, 2017"
PRD38541,BLD17398,50Mm Rustic Wood Classic Easy Lift Operation With Cord With Ladder Tape,Blinds,Readymade Blinds,AMI,610,4.2,140,0,out_of_stock,FALSE,Current,Navy,Bamboo,Living Room,Luxury,SFT,"50Mm Rustic Wood Classic Easy Lift Operation With Cord With Ladder Tape is a luxury readymade blinds from AMI. It is suitable for living room use and comes in navy with bamboo finish. Designed for privacy, daylight control, and window styling.","{""color"": ""Navy"", ""material"": ""Bamboo"", ""room"": ""Living Room"", ""style"": ""Luxury"", ""unit"": ""SFT""}",50mm rustic wood classic easy lift operation with cord with ladder tape blinds readymade blinds ami navy bamboo living room luxury window blinds shade venetian roller privacy light control,"April 21, 2025"
PRD33715,FWC147548,Chino Print,Fabric,Curtain Fabric,DCTF,610,4,27,0,out_of_stock,FALSE,Non Current,White,Sheer fabric,Living Room,Traditional,MTR,"Chino Print is a traditional curtain fabric from DCTF. It is suitable for living room use and comes in white with sheer fabric finish. Useful for curtains, upholstery, drapes, cushions, and soft furnishing projects.","{""color"": ""White"", ""material"": ""Sheer fabric"", ""room"": ""Living Room"", ""style"": ""Traditional"", ""unit"": ""MTR"", ""size"": ""54\""""}",chino print fabric curtain fabric dctf white sheer fabric living room traditional curtain fabric upholstery cloth drape textile material,"April 28, 2021"
PRD32111,FWC18230,Marble,Fabric,Curtain Fabric,KDH,620,3.9,52,0,out_of_stock,FALSE,Non Current,Maroon,Jacquard,Office,Luxury,MTR,"Marble is a luxury curtain fabric from KDH. It is suitable for office use and comes in maroon with jacquard finish. Useful for curtains, upholstery, drapes, cushions, and soft furnishing projects.","{""color"": ""Maroon"", ""material"": ""Jacquard"", ""room"": ""Office"", ""style"": ""Luxury"", ""unit"": ""MTR"", ""size"": ""48"", ""series"": ""26""}",marble fabric curtain fabric kdh maroon jacquard office luxury curtain fabric upholstery cloth drape textile material,"July 16, 2018"
PRD40172,FWC51009,Munnar Silk Munnar Silk-140 Plain,Fabric,Curtain Fabric,HICF,630,4.1,5,0,out_of_stock,FALSE,Non Current,White,Blackout fabric,Living Room,Minimal,MTR,"Munnar Silk Munnar Silk-140 Plain is a minimal curtain fabric from HICF. It is suitable for living room use and comes in white with blackout fabric finish. Useful for curtains, upholstery, drapes, cushions, and soft furnishing projects.","{""color"": ""White"", ""material"": ""Blackout fabric"", ""room"": ""Living Room"", ""style"": ""Minimal"", ""unit"": ""MTR"", ""size"": ""54"", ""series"": ""4""}",munnar silk munnar silk-140 plain fabric curtain fabric hicf white blackout fabric living room minimal curtain fabric upholstery cloth drape textile material,"November 23, 2018"